x-axis,1,2
second,Volt,Volt
-25.00000E-03,-18.55880982E+00,-736.02386E-03
-24.97500E-03,-18.56876585E+00,-735.70979E-03
-24.95000E-03,-18.58082615E+00,-736.23743E-03
-24.92500E-03,-18.58710756E+00,-735.70979E-03
-24.90000E-03,-18.59185002E+00,-735.99874E-03
-24.87500E-03,-18.59351459E+00,-735.70979E-03
-24.85000E-03,-18.59495932E+00,-735.69723E-03
-24.82500E-03,-18.59885379E+00,-736.02386E-03
-24.80000E-03,-18.60076962E+00,-735.84798E-03
-24.77500E-03,-18.60444424E+00,-735.81029E-03
-24.75000E-03,-18.60921811E+00,-735.83542E-03
-24.72500E-03,-18.61612766E+00,-735.47110E-03
-24.70000E-03,-18.62174952E+00,-736.02386E-03
-24.67500E-03,-18.63000957E+00,-736.33793E-03
-24.65000E-03,-18.63538017E+00,-736.26256E-03
-24.62500E-03,-18.64125329E+00,-736.08668E-03
-24.60000E-03,-18.64587012E+00,-736.02386E-03
-24.57500E-03,-18.64875957E+00,-736.02386E-03
-24.55000E-03,-18.65224575E+00,-736.26255E-03
-24.52500E-03,-18.65149198E+00,-736.01130E-03
-24.50000E-03,-18.65161761E+00,-735.77260E-03
-24.47500E-03,-18.64989022E+00,-736.22487E-03
-24.45000E-03,-18.64910505E+00,-735.54647E-03
-24.42500E-03,-18.64571308E+00,-736.12436E-03
-24.40000E-03,-18.64203846E+00,-736.02386E-03
-24.37500E-03,-18.63968293E+00,-735.39572E-03
-24.35000E-03,-18.63509751E+00,-735.65954E-03
-24.32500E-03,-18.62708871E+00,-736.02386E-03
-24.30000E-03,-18.62196936E+00,-735.86054E-03
-24.27500E-03,-18.61556233E+00,-736.22487E-03
-24.25000E-03,-18.61125957E+00,-735.89823E-03
-24.22500E-03,-18.60588896E+00,-735.70979E-03
-24.20000E-03,-18.59904223E+00,-735.98617E-03
-24.17500E-03,-18.59065655E+00,-735.79773E-03
-24.15000E-03,-18.58035504E+00,-735.70979E-03
-24.12500E-03,-18.56697564E+00,-735.77260E-03
-24.10000E-03,-18.55196308E+00,-735.78517E-03
-24.07500E-03,-18.53748444E+00,-735.44597E-03
-24.05000E-03,-18.52608368E+00,-735.68467E-03
-24.02500E-03,-18.51581359E+00,-735.70979E-03
-24.00000E-03,-18.50384750E+00,-735.39572E-03
-23.97500E-03,-18.49147313E+00,-735.53391E-03
-23.95000E-03,-18.47548695E+00,-735.62185E-03
-23.92500E-03,-18.45676834E+00,-734.84296E-03
-23.90000E-03,-18.43340151E+00,-735.09421E-03
-23.87500E-03,-18.40617160E+00,-735.33291E-03
-23.85000E-03,-18.37633492E+00,-735.08165E-03
-23.82500E-03,-18.34276078E+00,-735.08165E-03
-23.80000E-03,-18.30218290E+00,-735.08165E-03
-23.77500E-03,-18.26198188E+00,-734.81783E-03
-23.75000E-03,-18.21019168E+00,-735.08165E-03
-23.72500E-03,-18.14530474E+00,-735.08165E-03
-23.70000E-03,-18.07457607E+00,-734.55401E-03
-23.67500E-03,-17.99740900E+00,-734.60426E-03
-23.65000E-03,-17.91534239E+00,-734.05150E-03
-23.62500E-03,-17.82891024E+00,-734.45351E-03
-23.60000E-03,-17.73864639E+00,-734.45351E-03
-23.57500E-03,-17.64049941E+00,-734.13944E-03
-23.55000E-03,-17.54106474E+00,-734.13944E-03
-23.52500E-03,-17.43726447E+00,-733.68718E-03
-23.50000E-03,-17.33487754E+00,-733.69974E-03
-23.47500E-03,-17.22985239E+00,-733.51130E-03
-23.45000E-03,-17.11352076E+00,-733.77512E-03
-23.42500E-03,-16.99875944E+00,-733.19723E-03
-23.40000E-03,-16.86738379E+00,-732.88316E-03
-23.37500E-03,-16.75117776E+00,-732.69471E-03
-23.35000E-03,-16.62413628E+00,-732.74497E-03
-23.32500E-03,-16.49093908E+00,-732.25502E-03
-23.30000E-03,-16.34690634E+00,-732.21733E-03
-23.27500E-03,-16.21864007E+00,-731.32537E-03
-23.25000E-03,-16.08189385E+00,-731.68969E-03
-23.22500E-03,-15.96025437E+00,-731.19974E-03
-23.20000E-03,-15.83019784E+00,-731.16205E-03
-23.17500E-03,-15.69357725E+00,-730.67211E-03
-23.15000E-03,-15.56763503E+00,-730.05652E-03
-23.12500E-03,-15.44401691E+00,-730.05653E-03
-23.10000E-03,-15.31358350E+00,-729.74245E-03
-23.07500E-03,-15.19916769E+00,-729.74245E-03
-23.05000E-03,-15.07130966E+00,-729.26507E-03
-23.02500E-03,-14.94555585E+00,-728.80024E-03
-23.00000E-03,-14.82435613E+00,-728.86306E-03
-22.97500E-03,-14.69621543E+00,-728.80024E-03
-22.95000E-03,-14.57536114E+00,-728.48617E-03
-22.92500E-03,-14.44599556E+00,-728.48617E-03
-22.90000E-03,-14.31103952E+00,-728.34798E-03
-22.87500E-03,-14.18490887E+00,-727.98366E-03
-22.85000E-03,-14.05513501E+00,-727.54396E-03
-22.82500E-03,-13.93324429E+00,-727.80778E-03
-22.80000E-03,-13.81081967E+00,-726.94095E-03
-22.77500E-03,-13.69279204E+00,-726.91582E-03
-22.75000E-03,-13.58283601E+00,-726.79019E-03
-22.72500E-03,-13.45843274E+00,-726.28768E-03
-22.70000E-03,-13.33588247E+00,-725.65954E-03
-22.67500E-03,-13.21405460E+00,-725.30778E-03
-22.65000E-03,-13.10089500E+00,-725.05652E-03
-22.62500E-03,-12.99379707E+00,-725.09421E-03
-22.60000E-03,-12.87856457E+00,-724.40326E-03
-22.57500E-03,-12.76129075E+00,-724.40326E-03
-22.55000E-03,-12.63990250E+00,-724.08919E-03
-22.52500E-03,-12.51091388E+00,-724.35301E-03
-22.50000E-03,-12.40774171E+00,-723.77512E-03
-22.47500E-03,-12.28000926E+00,-723.77512E-03
-22.45000E-03,-12.16160482E+00,-723.03391E-03
-22.42500E-03,-12.04938743E+00,-723.46105E-03
-22.40000E-03,-11.93374676E+00,-723.14698E-03
-22.37500E-03,-11.81728944E+00,-722.77009E-03
-22.35000E-03,-11.69040504E+00,-722.51884E-03
-22.32500E-03,-11.58101436E+00,-722.16708E-03
-22.30000E-03,-11.43578812E+00,-721.66456E-03
-22.27500E-03,-11.31348918E+00,-721.30025E-03
-22.25000E-03,-11.18082581E+00,-720.82285E-03
-22.22500E-03,-11.04439372E+00,-720.70979E-03
-22.20000E-03,-10.90538609E+00,-720.03140E-03
-22.17500E-03,-10.76480819E+00,-720.00627E-03
-22.15000E-03,-10.63113992E+00,-719.13944E-03
-22.12500E-03,-10.47934962E+00,-719.06406E-03
-22.10000E-03,-10.34323162E+00,-718.71231E-03
-22.07500E-03,-10.19806822E+00,-718.43592E-03
-22.05000E-03,-10.06308086E+00,-717.80778E-03
-22.02500E-03,-9.92090121E+00,-717.80778E-03
-22.00000E-03,-9.77473287E+00,-716.99119E-03
-21.97500E-03,-9.62294263E+00,-716.97863E-03
-21.95000E-03,-9.47152932E+00,-715.92336E-03
-21.92500E-03,-9.32121523E+00,-715.40828E-03
-21.90000E-03,-9.16022280E+00,-714.88064E-03
-21.87500E-03,-9.00635974E+00,-714.35301E-03
-21.85000E-03,-8.85862100E+00,-713.98869E-03
-21.82500E-03,-8.70720768E+00,-713.31030E-03
-21.80000E-03,-8.54238358E+00,-712.61934E-03
-21.77500E-03,-8.38541122E+00,-712.35552E-03
-21.75000E-03,-8.23782956E+00,-711.52637E-03
-21.72500E-03,-8.09483330E+00,-711.21230E-03
-21.70000E-03,-7.94857079E+00,-710.58416E-03
-21.67500E-03,-7.80720771E+00,-709.32788E-03
-21.65000E-03,-7.66615867E+00,-708.56155E-03
-21.62500E-03,-7.52222026E+00,-708.38567E-03
-21.60000E-03,-7.38723285E+00,-707.12939E-03
-21.57500E-03,-7.25858964E+00,-707.10426E-03
-21.55000E-03,-7.13754693E+00,-706.18718E-03
-21.52500E-03,-7.02727686E+00,-705.87311E-03
-21.50000E-03,-6.91480821E+00,-705.05652E-03
-21.47500E-03,-6.79866500E+00,-704.47863E-03
-21.45000E-03,-6.67275420E+00,-704.03893E-03
-21.42500E-03,-6.54794260E+00,-703.36055E-03
-21.40000E-03,-6.40808704E+00,-702.73240E-03
-21.37500E-03,-6.26766612E+00,-702.60678E-03
-21.35000E-03,-6.11556190E+00,-700.24496E-03
-21.32500E-03,-5.96326905E+00,-699.90577E-03
-21.30000E-03,-5.78066861E+00,-698.44848E-03
-21.27500E-03,-5.60591969E+00,-697.29270E-03
-21.25000E-03,-5.38905423E+00,-694.88065E-03
-21.22500E-03,-5.17093232E+00,-693.41079E-03
-21.20000E-03,-4.97859554E+00,-691.52637E-03
-21.17500E-03,-4.75987706E+00,-689.85552E-03
-21.15000E-03,-4.55472616E+00,-687.63189E-03
-21.12500E-03,-4.33126532E+00,-685.64697E-03
-21.10000E-03,-4.14693729E+00,-683.88818E-03
-21.07500E-03,-3.94304278E+00,-682.04145E-03
-21.05000E-03,-3.77627158E+00,-679.61681E-03
-21.02500E-03,-3.60428657E+00,-677.43089E-03
-21.00000E-03,-3.44919877E+00,-675.97360E-03
-20.97500E-03,-3.28076273E+00,-673.53641E-03
-20.95000E-03,-3.11870257E+00,-671.61431E-03
-20.92500E-03,-2.97064976E+00,-669.46607E-03
-20.90000E-03,-2.83729554E+00,-667.07913E-03
-20.87500E-03,-2.72636589E+00,-664.98114E-03
-20.85000E-03,-2.57642853E+00,-663.37310E-03
-20.82500E-03,-2.44615237E+00,-661.41330E-03
-20.80000E-03,-2.32265976E+00,-659.31531E-03
-20.77500E-03,-2.19929305E+00,-657.19220E-03
-20.75000E-03,-2.07262849E+00,-654.74245E-03
-20.72500E-03,-1.94901036E+00,-652.30526E-03
-20.70000E-03,-1.83459464E+00,-650.15701E-03
-20.67500E-03,-1.72554933E+00,-647.46858E-03
-20.65000E-03,-1.61110211E+00,-644.62939E-03
-20.62500E-03,-1.48987091E+00,-642.43088E-03
-20.60000E-03,-1.40560597E+00,-638.28515E-03
-20.57500E-03,-1.30814985E+00,-634.35299E-03
-20.55000E-03,-1.22297408E+00,-629.52887E-03
-20.52500E-03,-1.14461347E+00,-624.27761E-03
-20.50000E-03,-1.05472658E+00,-617.24243E-03
-20.47500E-03,-993.82836E-03,-608.41077E-03
-20.45000E-03,-904.78930E-03,-594.79267E-03
-20.42500E-03,-819.67631E-03,-575.77255E-03
-20.40000E-03,-715.46763E-03,-529.39050E-03
-20.37500E-03,-590.21634E-03,-419.56623E-03
-20.35000E-03,-450.95761E-03,-282.66923E-03
-20.32500E-03,-334.24906E-03,-158.85020E-03
-20.30000E-03,-244.26804E-03,-68.19703E-03
-20.27500E-03,-214.52573E-03,-24.27756E-03
-20.25000E-03,-203.59609E-03,-6.24996E-03
-20.22500E-03,-200.26695E-03,+2.83294E-03
-20.20000E-03,-193.10614E-03,+12.30530E-03
-20.17500E-03,-184.53200E-03,+24.08923E-03
-20.15000E-03,-171.74932E-03,+36.74000E-03
-20.12500E-03,-159.62622E-03,+49.52893E-03
-20.10000E-03,-143.42017E-03,+60.98623E-03
-20.07500E-03,-119.86487E-03,+71.56410E-03
-20.05000E-03,-85.91376E-03,+86.92850E-03
-20.02500E-03,-30.32332E-03,+141.26278E-03
-20.00000E-03,+33.37039E-03,+227.23032E-03
-19.97500E-03,+157.80511E-03,+348.08463E-03
-19.95000E-03,+275.36157E-03,+470.91115E-03
-19.92500E-03,+394.08022E-03,+588.87611E-03
-19.90000E-03,+521.84401E-03,+714.27799E-03
-19.87500E-03,+632.93081E-03,+825.66002E-03
-19.85000E-03,+766.25349E-03,+953.28554E-03
-19.82500E-03,+873.85403E-03,+1.06842374E+00
-19.80000E-03,+1.00934410E+00,+1.19725551E+00
-19.77500E-03,+1.12935028E+00,+1.31125036E+00
-19.75000E-03,+1.25070713E+00,+1.43464243E+00
-19.72500E-03,+1.36298718E+00,+1.55059708E+00
-19.70000E-03,+1.47803129E+00,+1.66772032E+00
-19.67500E-03,+1.61518588E+00,+1.79784598E+00
-19.65000E-03,+1.72884775E+00,+1.91597399E+00
-19.62500E-03,+1.85670590E+00,+2.04990629E+00
-19.60000E-03,+1.96703873E+00,+2.16454179E+00
-19.57500E-03,+2.09546223E+00,+2.28465503E+00
-19.55000E-03,+2.21826362E+00,+2.40916494E+00
-19.52500E-03,+2.33676232E+00,+2.53383831E+00
-19.50000E-03,+2.45689426E+00,+2.64934078E+00
-19.47500E-03,+2.59674990E+00,+2.77476798E+00
-19.45000E-03,+2.73534905E+00,+2.90127549E+00
-19.42500E-03,+2.85780505E+00,+3.01799659E+00
-19.40000E-03,+2.98516063E+00,+3.12886338E+00
-19.37500E-03,+3.11989687E+00,+3.23633826E+00
-19.35000E-03,+3.26367826E+00,+3.33910207E+00
-19.32500E-03,+3.38563167E+00,+3.43377541E+00
-19.30000E-03,+3.50092696E+00,+3.52319750E+00
-19.27500E-03,+3.63214557E+00,+3.61112461E+00
-19.25000E-03,+3.77834541E+00,+3.69538338E+00
-19.22500E-03,+3.93739071E+00,+3.77408940E+00
-19.20000E-03,+4.10579522E+00,+3.84733061E+00
-19.17500E-03,+4.27005395E+00,+3.91527029E+00
-19.15000E-03,+4.42815695E+00,+3.97638836E+00
-19.12500E-03,+4.58927505E+00,+4.02955415E+00
-19.10000E-03,+4.75560677E+00,+4.07888829E+00
-19.07500E-03,+4.92061939E+00,+4.12127523E+00
-19.05000E-03,+5.09056282E+00,+4.16308425E+00
-19.02500E-03,+5.25752258E+00,+4.19990585E+00
-19.00000E-03,+5.41622225E+00,+4.23288321E+00
-18.97500E-03,+5.56939443E+00,+4.25586057E+00
-18.95000E-03,+5.71590830E+00,+4.27560933E+00
-18.92500E-03,+5.86694469E+00,+4.29955406E+00
-18.90000E-03,+6.02212681E+00,+4.32280782E+00
-18.87500E-03,+6.17909948E+00,+4.33903897E+00
-18.85000E-03,+6.33311935E+00,+4.35423995E+00
-18.82500E-03,+6.45651759E+00,+4.37016964E+00
-18.80000E-03,+6.60120970E+00,+4.38787062E+00
-18.77500E-03,+6.73267984E+00,+4.40245604E+00
-18.75000E-03,+6.88481528E+00,+4.41504396E+00
-18.72500E-03,+7.02253503E+00,+4.42437813E+00
-18.70000E-03,+7.14580789E+00,+4.43382538E+00
-18.67500E-03,+7.26383530E+00,+4.44479272E+00
-18.65000E-03,+7.39081416E+00,+4.45660177E+00
-18.62500E-03,+7.53038687E+00,+4.46780779E+00
-18.60000E-03,+7.64643598E+00,+4.47735553E+00
-18.57500E-03,+7.78415589E+00,+4.48697863E+00
-18.55000E-03,+7.89247855E+00,+4.49334797E+00
-18.52500E-03,+8.02014819E+00,+4.50058415E+00
-18.50000E-03,+8.12413688E+00,+4.50643842E+00
-18.47500E-03,+8.25378522E+00,+4.51332286E+00
-18.45000E-03,+8.38060670E+00,+4.52038314E+00
-18.42500E-03,+8.50212055E+00,+4.52764445E+00
-18.40000E-03,+8.63811314E+00,+4.53598617E+00
-18.37500E-03,+8.75651751E+00,+4.54287058E+00
-18.35000E-03,+8.88371610E+00,+4.54998114E+00
-18.32500E-03,+8.99690689E+00,+4.55524495E+00
-18.30000E-03,+9.09766082E+00,+4.56092334E+00
-18.27500E-03,+9.20321971E+00,+4.56481781E+00
-18.25000E-03,+9.28808144E+00,+4.56868716E+00
-18.22500E-03,+9.38625990E+00,+4.57194093E+00
-18.20000E-03,+9.46575098E+00,+4.57427759E+00
-18.17500E-03,+9.54756641E+00,+4.57720473E+00
-18.15000E-03,+9.63098341E+00,+4.57882534E+00
-18.12500E-03,+9.70359666E+00,+4.58150122E+00
-18.10000E-03,+9.80007902E+00,+4.58391328E+00
-18.07500E-03,+9.90102125E+00,+4.58611177E+00
-18.05000E-03,+10.01553138E+00,+4.58921479E+00
-18.02500E-03,+10.13076380E+00,+4.59240574E+00
-18.00000E-03,+10.25745975E+00,+4.59638815E+00
-17.97500E-03,+10.39203901E+00,+4.60101127E+00
-17.95000E-03,+10.53764207E+00,+4.60581028E+00
-17.92500E-03,+10.69178780E+00,+4.61161429E+00
-17.90000E-03,+10.85256040E+00,+4.61657660E+00
-17.87500E-03,+11.01499761E+00,+4.62189068E+00
-17.85000E-03,+11.18107808E+00,+4.62695348E+00
-17.82500E-03,+11.34781801E+00,+4.63156405E+00
-17.80000E-03,+11.50359681E+00,+4.63633792E+00
-17.77500E-03,+11.65607795E+00,+4.64048365E+00
-17.75000E-03,+11.80142978E+00,+4.64356151E+00
-17.72500E-03,+11.94555662E+00,+4.64616202E+00
-17.70000E-03,+12.08911812E+00,+4.64893839E+00
-17.67500E-03,+12.22963324E+00,+4.65157659E+00
-17.65000E-03,+12.35972134E+00,+4.65338565E+00
-17.62500E-03,+12.49222738E+00,+4.65499367E+00
-17.60000E-03,+12.61389848E+00,+4.65707910E+00
-17.57500E-03,+12.73421857E+00,+4.65843589E+00
-17.55000E-03,+12.84433181E+00,+4.65927760E+00
-17.52500E-03,+12.95758538E+00,+4.66106152E+00
-17.50000E-03,+13.06414961E+00,+4.66315949E+00
-17.47500E-03,+13.17887950E+00,+4.66347357E+00
-17.45000E-03,+13.28613432E+00,+4.66483035E+00
-17.42500E-03,+13.37445099E+00,+4.66630020E+00
-17.40000E-03,+13.45902995E+00,+4.66701627E+00
-17.37500E-03,+13.53274244E+00,+4.66780773E+00
-17.35000E-03,+13.61757265E+00,+4.66881276E+00
-17.32500E-03,+13.68688803E+00,+4.66916452E+00
-17.30000E-03,+13.77196983E+00,+4.67020725E+00
-17.27500E-03,+13.84976494E+00,+4.67153891E+00
-17.25000E-03,+13.93836434E+00,+4.67289568E+00
-17.22500E-03,+14.02030512E+00,+4.67367459E+00
-17.20000E-03,+14.09879145E+00,+4.67514443E+00
-17.17500E-03,+14.19103393E+00,+4.67661428E+00
-17.15000E-03,+14.26210786E+00,+4.67769469E+00
-17.12500E-03,+14.34948250E+00,+4.67848612E+00
-17.10000E-03,+14.43855264E+00,+4.67949116E+00
-17.07500E-03,+14.53974639E+00,+4.68118717E+00
-17.05000E-03,+14.63371595E+00,+4.68235548E+00
-17.02500E-03,+14.71374111E+00,+4.68386303E+00
-17.00000E-03,+14.81446350E+00,+4.68621228E+00
-16.97500E-03,+14.91305027E+00,+4.68731781E+00
-16.95000E-03,+15.02931910E+00,+4.68905148E+00
-16.92500E-03,+15.14448874E+00,+4.69037057E+00
-16.90000E-03,+15.25281149E+00,+4.69261933E+00
-16.87500E-03,+15.35686314E+00,+4.69393840E+00
-16.85000E-03,+15.46656785E+00,+4.69635046E+00
-16.82500E-03,+15.57997872E+00,+4.69770724E+00
-16.80000E-03,+15.69941971E+00,+4.69944091E+00
-16.77500E-03,+15.82002263E+00,+4.70098616E+00
-16.75000E-03,+15.93490962E+00,+4.70216704E+00
-16.72500E-03,+16.04404897E+00,+4.70339821E+00
-16.70000E-03,+16.14185043E+00,+4.70516956E+00
-16.67500E-03,+16.23783030E+00,+4.70695348E+00
-16.65000E-03,+16.32193838E+00,+4.70793337E+00
-16.62500E-03,+16.40727129E+00,+4.70926504E+00
-16.60000E-03,+16.49028002E+00,+4.71073489E+00
-16.57500E-03,+16.56923736E+00,+4.71123739E+00
-16.55000E-03,+16.65403633E+00,+4.71212935E+00
-16.52500E-03,+16.73563182E+00,+4.71278261E+00
-16.50000E-03,+16.81430640E+00,+4.71397607E+00
-16.47500E-03,+16.87856509E+00,+4.71494343E+00
-16.45000E-03,+16.93811292E+00,+4.71614944E+00
-16.42500E-03,+17.00771091E+00,+4.71651376E+00
-16.40000E-03,+17.06421203E+00,+4.71717960E+00
-16.37500E-03,+17.10937547E+00,+4.71856153E+00
-16.35000E-03,+17.16609651E+00,+4.71823487E+00
-16.32500E-03,+17.22093328E+00,+4.71952885E+00
-16.30000E-03,+17.26264163E+00,+4.71947860E+00
-16.27500E-03,+17.29316932E+00,+4.72000623E+00
-16.25000E-03,+17.33550603E+00,+4.72094844E+00
-16.22500E-03,+17.38453244E+00,+4.72152634E+00
-16.20000E-03,+17.42938171E+00,+4.72189065E+00
-16.17500E-03,+17.46798085E+00,+4.72187808E+00
-16.15000E-03,+17.50262295E+00,+4.72197858E+00
-16.12500E-03,+17.55362798E+00,+4.72207912E+00
-16.10000E-03,+17.60315692E+00,+4.72284543E+00
-16.07500E-03,+17.65356511E+00,+4.72342332E+00
-16.05000E-03,+17.69034267E+00,+4.72346100E+00
-16.02500E-03,+17.73531770E+00,+4.72422733E+00
-16.00000E-03,+17.78337039E+00,+4.72434042E+00
-15.97500E-03,+17.83337041E+00,+4.72527004E+00
-15.95000E-03,+17.87259773E+00,+4.72476755E+00
-15.92500E-03,+17.91644197E+00,+4.72532031E+00
-15.90000E-03,+17.96694459E+00,+4.72597357E+00
-15.87500E-03,+18.01185654E+00,+4.72597357E+00
-15.85000E-03,+18.05102108E+00,+4.72673991E+00
-15.82500E-03,+18.07288024E+00,+4.72691578E+00
-15.80000E-03,+18.08572572E+00,+4.72750622E+00
-15.77500E-03,+18.09853980E+00,+4.72783288E+00
-15.75000E-03,+18.11440036E+00,+4.72773238E+00
-15.72500E-03,+18.13754738E+00,+4.72817206E+00
-15.70000E-03,+18.16606502E+00,+4.72785799E+00
-15.67500E-03,+18.19778613E+00,+4.72828511E+00
-15.65000E-03,+18.22441924E+00,+4.72790825E+00
-15.62500E-03,+18.24709512E+00,+4.72848612E+00
-15.60000E-03,+18.26217046E+00,+4.72869971E+00
-15.57500E-03,+18.27200084E+00,+4.72880020E+00
-15.55000E-03,+18.27931865E+00,+4.72863688E+00
-15.52500E-03,+18.28506612E+00,+4.72868713E+00
-15.50000E-03,+18.29059377E+00,+4.72898863E+00
-15.47500E-03,+18.29505357E+00,+4.72912684E+00
-15.45000E-03,+18.29960757E+00,+4.72911427E+00
-15.42500E-03,+18.30610887E+00,+4.72911427E+00
-15.40000E-03,+18.31270431E+00,+4.72897609E+00
-15.37500E-03,+18.32105862E+00,+4.72923991E+00
-15.35000E-03,+18.33107748E+00,+4.72918966E+00
-15.32500E-03,+18.34568181E+00,+4.72913940E+00
-15.30000E-03,+18.36436901E+00,+4.72913939E+00
-15.27500E-03,+18.38355865E+00,+4.72871224E+00
-15.25000E-03,+18.40224586E+00,+4.72905144E+00
-15.22500E-03,+18.41999082E+00,+4.72929014E+00
-15.20000E-03,+18.43371571E+00,+4.72920222E+00
-15.17500E-03,+18.44533628E+00,+4.72994339E+00
-15.15000E-03,+18.45661140E+00,+4.72944090E+00
-15.12500E-03,+18.46505986E+00,+4.73049620E+00
-15.10000E-03,+18.47266036E+00,+4.72985547E+00
-15.07500E-03,+18.47831361E+00,+4.73004393E+00
-15.05000E-03,+18.48393548E+00,+4.72995597E+00
-15.02500E-03,+18.48996564E+00,+4.72984293E+00
-15.00000E-03,+18.49521063E+00,+4.73005648E+00
-14.97500E-03,+18.50111515E+00,+4.73005648E+00
-14.95000E-03,+18.50727091E+00,+4.72994340E+00
-14.92500E-03,+18.51251589E+00,+4.73020723E+00
-14.90000E-03,+18.51433748E+00,+4.72994341E+00
-14.87500E-03,+18.51719550E+00,+4.73011930E+00
-14.85000E-03,+18.51798067E+00,+4.72976755E+00
-14.82500E-03,+18.51788647E+00,+4.72998112E+00
-14.80000E-03,+18.52068172E+00,+4.72991828E+00
-14.77500E-03,+18.52121564E+00,+4.73037055E+00
-14.75000E-03,+18.52489026E+00,+4.73043339E+00
-14.72500E-03,+18.52913027E+00,+4.73077254E+00
-14.70000E-03,+18.53544304E+00,+4.73039569E+00
-14.67500E-03,+18.54238392E+00,+4.73039567E+00
-14.65000E-03,+18.54841411E+00,+4.73075999E+00
-14.62500E-03,+18.55551214E+00,+4.73024493E+00
-14.60000E-03,+18.55915532E+00,+4.73050875E+00
-14.57500E-03,+18.56330100E+00,+4.73023238E+00
-14.55000E-03,+18.56597064E+00,+4.73064693E+00
-14.52500E-03,+18.56672435E+00,+4.73035800E+00
-14.50000E-03,+18.56666158E+00,+4.73081028E+00
-14.47500E-03,+18.56323823E+00,+4.73048361E+00
-14.45000E-03,+18.56157362E+00,+4.73035801E+00
-14.42500E-03,+18.55830727E+00,+4.72994343E+00
-14.40000E-03,+18.55422441E+00,+4.73010674E+00
-14.37500E-03,+18.54938767E+00,+4.73037055E+00
-14.35000E-03,+18.54348312E+00,+4.73010673E+00
-14.32500E-03,+18.53629095E+00,+4.73037055E+00
-14.30000E-03,+18.53051204E+00,+4.73005648E+00
-14.27500E-03,+18.52605224E+00,+4.73005648E+00
-14.25000E-03,+18.52096432E+00,+4.72999366E+00
-14.22500E-03,+18.51794924E+00,+4.73005648E+00
-14.20000E-03,+18.51248444E+00,+4.73021983E+00
-14.17500E-03,+18.50664269E+00,+4.72983034E+00
-14.15000E-03,+18.50183744E+00,+4.72991830E+00
-14.12500E-03,+18.49364012E+00,+4.73043335E+00
-14.10000E-03,+18.48443790E+00,+4.72998110E+00
-14.07500E-03,+18.47460749E+00,+4.73000621E+00
-14.05000E-03,+18.46405471E+00,+4.72976753E+00
-14.02500E-03,+18.45139765E+00,+4.72966704E+00
-14.00000E-03,+18.43428080E+00,+4.72905144E+00
-13.97500E-03,+18.41471417E+00,+4.72942834E+00
-13.95000E-03,+18.38980839E+00,+4.72934039E+00
-13.92500E-03,+18.36264133E+00,+4.72880020E+00
-13.90000E-03,+18.33293025E+00,+4.72939068E+00
-13.87500E-03,+18.30409848E+00,+4.72911427E+00
-13.85000E-03,+18.27869028E+00,+4.72868714E+00
-13.82500E-03,+18.25240250E+00,+4.72832282E+00
-13.80000E-03,+18.21217007E+00,+4.72807155E+00
-13.77500E-03,+18.16151028E+00,+4.72807154E+00
-13.75000E-03,+18.10262226E+00,+4.72722986E+00
-13.72500E-03,+18.05570021E+00,+4.72643837E+00
-13.70000E-03,+17.99919863E+00,+4.72575999E+00
-13.67500E-03,+17.91301783E+00,+4.72534543E+00
-13.65000E-03,+17.83063683E+00,+4.72429014E+00
-13.62500E-03,+17.72730790E+00,+4.72339818E+00
-13.60000E-03,+17.64200615E+00,+4.72280772E+00
-13.57500E-03,+17.53113926E+00,+4.72157658E+00
-13.55000E-03,+17.43990207E+00,+4.72054644E+00
-13.52500E-03,+17.32793572E+00,+4.72077255E+00
-13.50000E-03,+17.23123372E+00,+4.71893838E+00
-13.47500E-03,+17.12206266E+00,+4.71789565E+00
-13.45000E-03,+17.02661693E+00,+4.71568465E+00
-13.42500E-03,+16.91612684E+00,+4.71498111E+00
-13.40000E-03,+16.79272822E+00,+4.71300872E+00
-13.37500E-03,+16.67030384E+00,+4.71184040E+00
-13.35000E-03,+16.52225080E+00,+4.70999365E+00
-13.32500E-03,+16.39156644E+00,+4.70815951E+00
-13.30000E-03,+16.25786637E+00,+4.70646351E+00
-13.27500E-03,+16.13069962E+00,+4.70464189E+00
-13.25000E-03,+15.99238297E+00,+4.70279517E+00
-13.22500E-03,+15.85818068E+00,+4.70044591E+00
-13.20000E-03,+15.72064932E+00,+4.69866199E+00
-13.17500E-03,+15.58732649E+00,+4.69645095E+00
-13.15000E-03,+15.46069339E+00,+4.69545848E+00
-13.12500E-03,+15.34743921E+00,+4.69331022E+00
-13.10000E-03,+15.22517210E+00,+4.69111176E+00
-13.07500E-03,+15.10098850E+00,+4.68859920E+00
-13.05000E-03,+14.96446218E+00,+4.68685294E+00
-13.02500E-03,+14.82554886E+00,+4.68471728E+00
-13.00000E-03,+14.69935541E+00,+4.68319718E+00
-12.97500E-03,+14.58625870E+00,+4.68165193E+00
-12.95000E-03,+14.45560527E+00,+4.67952884E+00
-12.92500E-03,+14.32507772E+00,+4.67738059E+00
-12.90000E-03,+14.20051746E+00,+4.67586049E+00
-12.87500E-03,+14.07278495E+00,+4.67402632E+00
-12.85000E-03,+13.94483274E+00,+4.67211677E+00
-12.82500E-03,+13.80997093E+00,+4.67093585E+00
-12.80000E-03,+13.68531640E+00,+4.66941579E+00
-12.77500E-03,+13.56185539E+00,+4.66724241E+00
-12.75000E-03,+13.44433024E+00,+4.66623737E+00
-12.72500E-03,+13.32539182E+00,+4.66449112E+00
-12.70000E-03,+13.20375229E+00,+4.66329767E+00
-12.67500E-03,+13.08421719E+00,+4.66214189E+00
-12.65000E-03,+12.96361388E+00,+4.65944087E+00
-12.62500E-03,+12.85544848E+00,+4.65882532E+00
-12.60000E-03,+12.74115785E+00,+4.65773234E+00
-12.57500E-03,+12.62309904E+00,+4.65657656E+00
-12.55000E-03,+12.50142794E+00,+4.65447857E+00
-12.52500E-03,+12.36804245E+00,+4.65269465E+00
-12.50000E-03,+12.25541656E+00,+4.65059665E+00
-12.47500E-03,+12.11552969E+00,+4.64818460E+00
-12.45000E-03,+11.99615176E+00,+4.64545847E+00
-12.42500E-03,+11.87824968E+00,+4.64319716E+00
-12.40000E-03,+11.74816183E+00,+4.64126249E+00
-12.37500E-03,+11.64376458E+00,+4.63809665E+00
-12.35000E-03,+11.50997097E+00,+4.63393838E+00
-12.32500E-03,+11.39970067E+00,+4.63116200E+00
-12.30000E-03,+11.25846303E+00,+4.62699113E+00
-12.27500E-03,+11.12165423E+00,+4.62288308E+00
-12.25000E-03,+10.98296032E+00,+4.61837303E+00
-12.22500E-03,+10.84458136E+00,+4.61434034E+00
-12.20000E-03,+10.70164745E+00,+4.60932779E+00
-12.17500E-03,+10.54979448E+00,+4.60363683E+00
-12.15000E-03,+10.41738283E+00,+4.60033283E+00
-12.12500E-03,+10.26766515E+00,+4.59500618E+00
-12.10000E-03,+10.13446816E+00,+4.59089812E+00
-12.07500E-03,+9.98383964E+00,+4.58680267E+00
-12.05000E-03,+9.83509629E+00,+4.58299616E+00
-12.02500E-03,+9.68685518E+00,+4.57902630E+00
-12.00000E-03,+9.54671701E+00,+4.57509414E+00
-11.97500E-03,+9.40403480E+00,+4.57062180E+00
-11.95000E-03,+9.26028474E+00,+4.56488056E+00
-11.92500E-03,+9.11521557E+00,+4.55828507E+00
-11.90000E-03,+8.96289150E+00,+4.55037048E+00
-11.87500E-03,+8.80142795E+00,+4.54224232E+00
-11.85000E-03,+8.64203712E+00,+4.53254385E+00
-11.82500E-03,+8.48632106E+00,+4.52315943E+00
-11.80000E-03,+8.33113892E+00,+4.51472980E+00
-11.77500E-03,+8.17099447E+00,+4.50587302E+00
-11.75000E-03,+8.02677346E+00,+4.49858658E+00
-11.72500E-03,+7.88365150E+00,+4.49030765E+00
-11.70000E-03,+7.72545426E+00,+4.48063430E+00
-11.67500E-03,+7.57184237E+00,+4.46814682E+00
-11.65000E-03,+7.41706844E+00,+4.45495591E+00
-11.62500E-03,+7.27284772E+00,+4.44155137E+00
-11.60000E-03,+7.14304242E+00,+4.43038303E+00
-11.57500E-03,+7.02049211E+00,+4.42146345E+00
-11.55000E-03,+6.89191176E+00,+4.41331019E+00
-11.52500E-03,+6.76122703E+00,+4.40238053E+00
-11.50000E-03,+6.63921075E+00,+4.38903881E+00
-11.47500E-03,+6.51477610E+00,+4.37430258E+00
-11.45000E-03,+6.40858899E+00,+4.35942823E+00
-11.42500E-03,+6.28333752E+00,+4.34603632E+00
-11.40000E-03,+6.13490771E+00,+4.33320964E+00
-11.37500E-03,+5.98955566E+00,+4.31586029E+00
-11.35000E-03,+5.83104466E+00,+4.29104874E+00
-11.32500E-03,+5.67086815E+00,+4.26773212E+00
-11.30000E-03,+5.48914730E+00,+4.24374974E+00
-11.27500E-03,+5.31662771E+00,+4.21004348E+00
-11.25000E-03,+5.09382657E+00,+4.16190282E+00
-11.22500E-03,+4.87096221E+00,+4.10842288E+00
-11.20000E-03,+4.65755082E+00,+4.05097288E+00
-11.17500E-03,+4.43597501E+00,+3.97999304E+00
-11.15000E-03,+4.23701098E+00,+3.90369872E+00
-11.12500E-03,+4.00934199E+00,+3.80869893E+00
-11.10000E-03,+3.81549734E+00,+3.71867345E+00
-11.07500E-03,+3.61348742E+00,+3.60338441E+00
-11.05000E-03,+3.46304849E+00,+3.49991741E+00
-11.02500E-03,+3.32008323E+00,+3.39008046E+00
-11.00000E-03,+3.18632102E+00,+3.29205313E+00
-10.97500E-03,+3.04100050E+00,+3.18470355E+00
-10.95000E-03,+2.90786645E+00,+3.07721640E+00
-10.92500E-03,+2.79467558E+00,+2.96559576E+00
-10.90000E-03,+2.66154072E+00,+2.84353512E+00
-10.87500E-03,+2.53446799E+00,+2.73338468E+00
-10.85000E-03,+2.40425428E+00,+2.60947733E+00
-10.82500E-03,+2.28113919E+00,+2.49126151E+00
-10.80000E-03,+2.16954944E+00,+2.36898733E+00
-10.77500E-03,+2.04684268E+00,+2.25004295E+00
-10.75000E-03,+1.92344424E+00,+2.13533193E+00
-10.72500E-03,+1.81399102E+00,+2.01529416E+00
-10.70000E-03,+1.69536648E+00,+1.89503040E+00
-10.67500E-03,+1.58500213E+00,+1.77900026E+00
-10.65000E-03,+1.46242064E+00,+1.66694004E+00
-10.62500E-03,+1.35953071E+00,+1.55731650E+00
-10.60000E-03,+1.24263417E+00,+1.44039469E+00
-10.57500E-03,+1.12981982E+00,+1.32412591E+00
-10.55000E-03,+1.01078740E+00,+1.20971634E+00
-10.52500E-03,+883.68296E-03,+1.09234191E+00
-10.50000E-03,+770.96314E-03,+966.80168E-03
-10.47500E-03,+634.46822E-03,+839.66596E-03
-10.45000E-03,+499.38628E-03,+707.16594E-03
-10.42500E-03,+371.27723E-03,+574.27651E-03
-10.40000E-03,+230.66793E-03,+441.17344E-03
-10.37500E-03,+106.70416E-03,+312.09067E-03
-10.35000E-03,-1.39824E-03,+193.40987E-03
-10.32500E-03,-78.72236E-03,+107.21689E-03
-10.30000E-03,-135.34902E-03,+73.71214E-03
-10.27500E-03,-161.79351E-03,+59.80518E-03
-10.25000E-03,-176.58617E-03,+46.82779E-03
-10.22500E-03,-185.94544E-03,+33.95089E-03
-10.20000E-03,-194.77079E-03,+21.03633E-03
-10.17500E-03,-200.61244E-03,+10.57153E-03
-10.15000E-03,-202.18279E-03,+2.44339E-03
-10.12500E-03,-208.93536E-03,-5.18222E-03
-10.10000E-03,-214.18034E-03,-13.87577E-03
-10.07500E-03,-222.88023E-03,-32.99648E-03
-10.05000E-03,-258.96746E-03,-74.95676E-03
-10.02500E-03,-354.88461E-03,-159.85643E-03
-10.00000E-03,-440.09253E-03,-261.46492E-03
-9.97500E-03,-568.82980E-03,-387.39459E-03
-9.95000E-03,-669.17493E-03,-489.44172E-03
-9.92500E-03,-759.75279E-03,-547.21782E-03
-9.90000E-03,-822.06397E-03,-576.60193E-03
-9.87500E-03,-889.68376E-03,-593.05920E-03
-9.85000E-03,-972.25245E-03,-606.71490E-03
-9.82500E-03,-1.02275487E+00,-615.50886E-03
-9.80000E-03,-1.09687601E+00,-623.59932E-03
-9.77500E-03,-1.17159290E+00,-629.00130E-03
-9.75000E-03,-1.23217731E+00,-633.38571E-03
-9.72500E-03,-1.30730294E+00,-636.85302E-03
-9.70000E-03,-1.38701394E+00,-640.25754E-03
-9.67500E-03,-1.46791882E+00,-643.61184E-03
-9.65000E-03,-1.56747903E+00,-646.12438E-03
-9.62500E-03,-1.68569556E+00,-648.90076E-03
-9.60000E-03,-1.78849017E+00,-651.32541E-03
-9.57500E-03,-1.89423831E+00,-653.68721E-03
-9.55000E-03,-2.01295646E+00,-656.01132E-03
-9.52500E-03,-2.13484729E+00,-659.02642E-03
-9.50000E-03,-2.25573294E+00,-661.02391E-03
-9.47500E-03,-2.37844020E+00,-663.36056E-03
-9.45000E-03,-2.50830856E+00,-664.88066E-03
-9.42500E-03,-2.66295684E+00,-667.02890E-03
-9.40000E-03,-2.79832077E+00,-669.65449E-03
-9.37500E-03,-2.92674444E+00,-671.32542E-03
-9.35000E-03,-3.07985392E+00,-674.26512E-03
-9.32500E-03,-3.24602849E+00,-675.73495E-03
-9.30000E-03,-3.41314536E+00,-678.56157E-03
-9.27500E-03,-3.57288148E+00,-680.74748E-03
-9.25000E-03,-3.72778110E+00,-682.31783E-03
-9.22500E-03,-3.89420708E+00,-683.61184E-03
-9.20000E-03,-4.06732263E+00,-685.69725E-03
-9.17500E-03,-4.24012408E+00,-687.79524E-03
-9.15000E-03,-4.41553240E+00,-689.54145E-03
-9.12500E-03,-4.59571463E+00,-691.23744E-03
-9.10000E-03,-4.77599105E+00,-692.75754E-03
-9.07500E-03,-4.94803876E+00,-694.27764E-03
-9.05000E-03,-5.10802605E+00,-695.77263E-03
-9.02500E-03,-5.28227231E+00,-696.61434E-03
-9.00000E-03,-5.45768058E+00,-697.89573E-03
-8.97500E-03,-5.62288146E+00,-699.72990E-03
-8.95000E-03,-5.78299465E+00,-700.30779E-03
-8.92500E-03,-5.93415681E+00,-701.23745E-03
-8.90000E-03,-6.08651206E+00,-702.41833E-03
-8.87500E-03,-6.23657535E+00,-703.54901E-03
-8.85000E-03,-6.38707752E+00,-703.78767E-03
-8.82500E-03,-6.52737322E+00,-704.46606E-03
-8.80000E-03,-6.67837768E+00,-705.25749E-03
-8.77500E-03,-6.81895598E+00,-705.70983E-03
-8.75000E-03,-6.96568915E+00,-706.81533E-03
-8.72500E-03,-7.09137999E+00,-707.39322E-03
-8.70000E-03,-7.22118583E+00,-708.28518E-03
-8.67500E-03,-7.35227842E+00,-709.02640E-03
-8.65000E-03,-7.47234768E+00,-709.23997E-03
-8.62500E-03,-7.61220286E+00,-709.57913E-03
-8.60000E-03,-7.72197102E+00,-710.59674E-03
-8.57500E-03,-7.85271816E+00,-710.93591E-03
-8.55000E-03,-7.96078959E+00,-711.66459E-03
-8.52500E-03,-8.08830241E+00,-712.33041E-03
-8.50000E-03,-8.21113507E+00,-712.28016E-03
-8.47500E-03,-8.33129880E+00,-713.41080E-03
-8.45000E-03,-8.45658096E+00,-713.98866E-03
-8.42500E-03,-8.58673197E+00,-713.74998E-03
-8.40000E-03,-8.72646216E+00,-714.35301E-03
-8.37500E-03,-8.84916884E+00,-714.98115E-03
-8.35000E-03,-8.96509279E+00,-715.43342E-03
-8.32500E-03,-9.07262981E+00,-715.60929E-03
-8.30000E-03,-9.18205250E+00,-715.64699E-03
-8.27500E-03,-9.28962105E+00,-715.93591E-03
-8.25000E-03,-9.39376684E+00,-716.80277E-03
-8.22500E-03,-9.48217739E+00,-717.38066E-03
-8.20000E-03,-9.57121650E+00,-717.17964E-03
-8.17500E-03,-9.65833939E+00,-717.70727E-03
-8.15000E-03,-9.73654317E+00,-717.80778E-03
-8.12500E-03,-9.83079581E+00,-718.12186E-03
-8.10000E-03,-9.91468371E+00,-718.43592E-03
-8.07500E-03,-10.01722791E+00,-718.64950E-03
-8.05000E-03,-10.11747911E+00,-718.74999E-03
-8.02500E-03,-10.23911882E+00,-719.06406E-03
-8.00000E-03,-10.35780624E+00,-719.75503E-03
-7.97500E-03,-10.50328333E+00,-720.60926E-03
-7.95000E-03,-10.65620455E+00,-719.72988E-03
-7.92500E-03,-10.80410051E+00,-720.77263E-03
-7.90000E-03,-10.95202749E+00,-720.94848E-03
-7.87500E-03,-11.11518678E+00,-721.51384E-03
-7.85000E-03,-11.28167544E+00,-721.89070E-03
-7.82500E-03,-11.44204010E+00,-722.20477E-03
-7.80000E-03,-11.60014331E+00,-722.85802E-03
-7.77500E-03,-11.74753600E+00,-723.38568E-03
-7.75000E-03,-11.90271807E+00,-723.46105E-03
-7.72500E-03,-12.04483514E+00,-723.73746E-03
-7.70000E-03,-12.17030625E+00,-723.63695E-03
-7.67500E-03,-12.31418144E+00,-724.05149E-03
-7.65000E-03,-12.44747384E+00,-724.08919E-03
-7.62500E-03,-12.55959622E+00,-724.59173E-03
-7.60000E-03,-12.69332772E+00,-724.40326E-03
-7.57500E-03,-12.82124841E+00,-725.19470E-03
-7.55000E-03,-12.92655620E+00,-725.03140E-03
-7.52500E-03,-13.05259230E+00,-725.55901E-03
-7.50000E-03,-13.14345326E+00,-725.65954E-03
-7.47500E-03,-13.26578366E+00,-726.23744E-03
-7.45000E-03,-13.36914381E+00,-726.60175E-03
-7.42500E-03,-13.47027460E+00,-727.07915E-03
-7.40000E-03,-13.55859085E+00,-727.22989E-03
-7.37500E-03,-13.63591511E+00,-727.29272E-03
-7.35000E-03,-13.70947008E+00,-727.54396E-03
-7.32500E-03,-13.78170640E+00,-727.50629E-03
-7.30000E-03,-13.86393015E+00,-727.63189E-03
-7.27500E-03,-13.93795630E+00,-727.89575E-03
-7.25000E-03,-14.02033726E+00,-728.36053E-03
-7.22500E-03,-14.09803799E+00,-728.17210E-03
-7.20000E-03,-14.17960238E+00,-728.46103E-03
-7.17500E-03,-14.27040015E+00,-728.77513E-03
-7.15000E-03,-14.34832077E+00,-728.56154E-03
-7.12500E-03,-14.44229096E+00,-728.92586E-03
-7.10000E-03,-14.52526801E+00,-729.11431E-03
-7.07500E-03,-14.62165658E+00,-729.02636E-03
-7.05000E-03,-14.71487232E+00,-729.07661E-03
-7.02500E-03,-14.80868517E+00,-728.81279E-03
-7.00000E-03,-14.90208959E+00,-729.36558E-03
-6.97500E-03,-14.99634228E+00,-729.11431E-03
-6.95000E-03,-15.09021787E+00,-729.59169E-03
-6.92500E-03,-15.18955836E+00,-729.83045E-03
-6.90000E-03,-15.29062613E+00,-730.10679E-03
-6.87500E-03,-15.39769300E+00,-730.68464E-03
-6.85000E-03,-15.50475930E+00,-730.15700E-03
-6.82500E-03,-15.61842154E+00,-730.58418E-03
-6.80000E-03,-15.72919419E+00,-730.84800E-03
-6.77500E-03,-15.84964017E+00,-731.40072E-03
-6.75000E-03,-15.95783748E+00,-731.87812E-03
-6.72500E-03,-16.06816991E+00,-731.95352E-03
-6.70000E-03,-16.15639255E+00,-732.25502E-03
-6.67500E-03,-16.26779320E+00,-732.02887E-03
-6.65000E-03,-16.36672565E+00,-732.56909E-03
-6.62500E-03,-16.47134213E+00,-732.69473E-03
-6.60000E-03,-16.55833976E+00,-732.88316E-03
-6.57500E-03,-16.65136708E+00,-732.88316E-03
-6.55000E-03,-16.70865337E+00,-733.19723E-03
-6.52500E-03,-16.77567627E+00,-733.19723E-03
-6.50000E-03,-16.85183816E+00,-733.38568E-03
-6.47500E-03,-16.90796242E+00,-733.64950E-03
-6.45000E-03,-16.97153048E+00,-733.51130E-03
-6.42500E-03,-17.04207054E+00,-733.54900E-03
-6.40000E-03,-17.10099007E+00,-733.51130E-03
-6.37500E-03,-17.15884211E+00,-733.51130E-03
-6.35000E-03,-17.22935073E+00,-733.62435E-03
-6.32500E-03,-17.28026146E+00,-733.81284E-03
-6.30000E-03,-17.32410554E+00,-733.92589E-03
-6.27500E-03,-17.36590841E+00,-733.82537E-03
-6.25000E-03,-17.41559427E+00,-734.13942E-03
-6.22500E-03,-17.45950124E+00,-734.08920E-03
-6.20000E-03,-17.49241581E+00,-733.72488E-03
-6.17500E-03,-17.52646093E+00,-734.45351E-03
-6.15000E-03,-17.56779291E+00,-733.93845E-03
-6.12500E-03,-17.62256675E+00,-734.07661E-03
-6.10000E-03,-17.66823262E+00,-734.75500E-03
-6.07500E-03,-17.71019227E+00,-734.45351E-03
-6.05000E-03,-17.74935681E+00,-734.22736E-03
-6.02500E-03,-17.80249777E+00,-734.45351E-03
-6.00000E-03,-17.84995351E+00,-734.76758E-03
-5.97500E-03,-17.88855279E+00,-734.45351E-03
-5.95000E-03,-17.92115318E+00,-734.42837E-03
-5.92500E-03,-17.96204522E+00,-734.45351E-03
-5.90000E-03,-18.01543747E+00,-735.00629E-03
-5.87500E-03,-18.05896737E+00,-734.83042E-03
-5.85000E-03,-18.09002874E+00,-734.80524E-03
-5.82500E-03,-18.11537418E+00,-734.76758E-03
-5.80000E-03,-18.14458287E+00,-735.00624E-03
-5.77500E-03,-18.17608409E+00,-734.76758E-03
-5.75000E-03,-18.20720839E+00,-735.08165E-03
-5.72500E-03,-18.23647967E+00,-735.08165E-03
-5.70000E-03,-18.26034898E+00,-735.23242E-03
-5.67500E-03,-18.27869073E+00,-735.19469E-03
-5.65000E-03,-18.29222701E+00,-735.29519E-03
-5.62500E-03,-18.30048710E+00,-735.08167E-03
-5.60000E-03,-18.30887271E+00,-735.13189E-03
-5.57500E-03,-18.31754112E+00,-735.18214E-03
-5.55000E-03,-18.32919310E+00,-735.23239E-03
-5.52500E-03,-18.34037408E+00,-735.39572E-03
-5.50000E-03,-18.35482135E+00,-735.39572E-03
-5.47500E-03,-18.36895448E+00,-735.09423E-03
-5.45000E-03,-18.38578857E+00,-735.70979E-03
-5.42500E-03,-18.40111521E+00,-735.08165E-03
-5.40000E-03,-18.41688158E+00,-735.08165E-03
-5.37500E-03,-18.42862777E+00,-735.58415E-03
-5.35000E-03,-18.44276101E+00,-735.15704E-03
-5.32500E-03,-18.45384766E+00,-735.42086E-03
-5.30000E-03,-18.46669314E+00,-735.65957E-03
-5.27500E-03,-18.47699468E+00,-735.39572E-03
-5.25000E-03,-18.48531751E+00,-735.89825E-03
-5.22500E-03,-18.49320056E+00,-736.02386E-03
-5.20000E-03,-18.49800587E+00,-735.48368E-03
-5.17500E-03,-18.50403603E+00,-736.02386E-03
-5.15000E-03,-18.50771065E+00,-735.72234E-03
-5.12500E-03,-18.51374080E+00,-736.02386E-03
-5.10000E-03,-18.51977095E+00,-736.02386E-03
-5.07500E-03,-18.52658628E+00,-735.70979E-03
-5.05000E-03,-18.53468937E+00,-736.02386E-03
-5.02500E-03,-18.54348330E+00,-735.70979E-03
-5.00000E-03,-18.55331363E+00,-736.02386E-03
-4.97500E-03,-18.56144816E+00,-735.70979E-03
-4.95000E-03,-18.57272329E+00,-736.12435E-03
-4.92500E-03,-18.58007254E+00,-736.02386E-03
-4.90000E-03,-18.58607120E+00,-736.22485E-03
-4.87500E-03,-18.58958875E+00,-736.40076E-03
-4.85000E-03,-18.59100203E+00,-735.72237E-03
-4.82500E-03,-18.59169302E+00,-735.70979E-03
-4.80000E-03,-18.59392292E+00,-735.84801E-03
-4.77500E-03,-18.59624712E+00,-735.70979E-03
-4.75000E-03,-18.60246575E+00,-735.89822E-03
-4.72500E-03,-18.60943804E+00,-736.09925E-03
-4.70000E-03,-18.61637907E+00,-735.76007E-03
-4.67500E-03,-18.62529867E+00,-736.02386E-03
-4.65000E-03,-18.63205114E+00,-736.18721E-03
-4.62500E-03,-18.63795567E+00,-736.14947E-03
-4.60000E-03,-18.64272950E+00,-736.02386E-03
-4.57500E-03,-18.64662401E+00,-735.79775E-03
-4.55000E-03,-18.64910505E+00,-736.02386E-03
-4.52500E-03,-18.64916778E+00,-736.01131E-03
-4.50000E-03,-18.64973323E+00,-735.70979E-03
-4.47500E-03,-18.64888512E+00,-736.02386E-03
-4.45000E-03,-18.64599567E+00,-735.87309E-03
-4.42500E-03,-18.64310622E+00,-735.82282E-03
-4.40000E-03,-18.64034244E+00,-735.65952E-03
-4.37500E-03,-18.63654211E+00,-735.08168E-03
-4.35000E-03,-18.62906724E+00,-736.02386E-03
-4.32500E-03,-18.62159236E+00,-735.70979E-03
-4.30000E-03,-18.61688135E+00,-736.03646E-03
-4.27500E-03,-18.61113390E+00,-736.31276E-03
-4.25000E-03,-18.60513520E+00,-735.45855E-03
-4.22500E-03,-18.60036125E+00,-736.01128E-03
-4.20000E-03,-18.59492791E+00,-735.39572E-03
-4.17500E-03,-18.58717021E+00,-735.70979E-03
-4.15000E-03,-18.57790518E+00,-735.70979E-03
-4.12500E-03,-18.56336372E+00,-735.89822E-03
-4.10000E-03,-18.54982716E+00,-736.18715E-03
-4.07500E-03,-18.53657348E+00,-735.39572E-03
-4.05000E-03,-18.52372800E+00,-735.70979E-03
-4.02500E-03,-18.51245287E+00,-735.63443E-03
-4.00000E-03,-18.50039257E+00,-736.02386E-03
-3.97500E-03,-18.48754709E+00,-735.60924E-03
-3.95000E-03,-18.47269148E+00,-735.30776E-03
-3.92500E-03,-18.45215124E+00,-735.39572E-03
-3.90000E-03,-18.42718257E+00,-735.40827E-03
-3.87500E-03,-18.39831934E+00,-735.33292E-03
-3.85000E-03,-18.36612725E+00,-734.88063E-03
-3.82500E-03,-18.33406054E+00,-735.09418E-03
-3.80000E-03,-18.29904174E+00,-734.86810E-03
-3.77500E-03,-18.25924861E+00,-734.81785E-03
-3.75000E-03,-18.19762817E+00,-734.45353E-03
-3.72500E-03,-18.13864576E+00,-734.71735E-03
-3.70000E-03,-18.07058601E+00,-734.78019E-03
-3.67500E-03,-17.98682390E+00,-734.46611E-03
-3.65000E-03,-17.91320540E+00,-734.25252E-03
-3.62500E-03,-17.81571825E+00,-734.45351E-03
-3.60000E-03,-17.73635225E+00,-734.15202E-03
-3.57500E-03,-17.62928542E+00,-734.13944E-03
-3.55000E-03,-17.54188026E+00,-734.05152E-03
-3.52500E-03,-17.42966230E+00,-733.78765E-03
-3.50000E-03,-17.33503348E+00,-733.82537E-03
-3.47500E-03,-17.22240714E+00,-733.82537E-03
-3.45000E-03,-17.11483838E+00,-733.51130E-03
-3.42500E-03,-16.98842510E+00,-733.51130E-03
-3.40000E-03,-16.86298465E+00,-733.27259E-03
-3.37500E-03,-16.74913506E+00,-733.19723E-03
-3.35000E-03,-16.61961157E+00,-732.43088E-03
-3.32500E-03,-16.49231918E+00,-732.34297E-03
-3.30000E-03,-16.35120700E+00,-732.56909E-03
-3.27500E-03,-16.21399024E+00,-732.24247E-03
-3.25000E-03,-16.09100054E+00,-731.18713E-03
-3.22500E-03,-15.96411591E+00,-731.31281E-03
-3.20000E-03,-15.83525288E+00,-731.32534E-03
-3.17500E-03,-15.70010849E+00,-730.15704E-03
-3.15000E-03,-15.57234450E+00,-730.27006E-03
-3.12500E-03,-15.44951116E+00,-730.05651E-03
-3.10000E-03,-15.32080567E+00,-730.05652E-03
-3.07500E-03,-15.20412849E+00,-729.52887E-03
-3.05000E-03,-15.08032213E+00,-728.95098E-03
-3.02500E-03,-14.95453674E+00,-728.88815E-03
-3.00000E-03,-14.83440495E+00,-728.86307E-03
-2.97500E-03,-14.70949917E+00,-728.48617E-03
-2.95000E-03,-14.58880180E+00,-728.80024E-03
-2.92500E-03,-14.45890243E+00,-728.39825E-03
-2.90000E-03,-14.32752663E+00,-728.17210E-03
-2.87500E-03,-14.20092500E+00,-727.98368E-03
-2.85000E-03,-14.07316139E+00,-727.93343E-03
-2.82500E-03,-13.94822399E+00,-727.80775E-03
-2.80000E-03,-13.83038487E+00,-727.25500E-03
-2.77500E-03,-13.70755217E+00,-726.91582E-03
-2.75000E-03,-13.59414098E+00,-726.72736E-03
-2.72500E-03,-13.47492004E+00,-726.14947E-03
-2.70000E-03,-13.34608825E+00,-725.97361E-03
-2.67500E-03,-13.22485722E+00,-725.89820E-03
-2.65000E-03,-13.11182300E+00,-725.04394E-03
-2.62500E-03,-13.00306073E+00,-724.84292E-03
-2.60000E-03,-12.89442345E+00,-724.71733E-03
-2.57500E-03,-12.77422898E+00,-724.23996E-03
-2.55000E-03,-12.65852473E+00,-724.08919E-03
-2.52500E-03,-12.52831207E+00,-724.03892E-03
-2.50000E-03,-12.42344336E+00,-723.77512E-03
-2.47500E-03,-12.29599361E+00,-723.82535E-03
-2.45000E-03,-12.17730695E+00,-723.46105E-03
-2.42500E-03,-12.06791607E+00,-723.46105E-03
-2.40000E-03,-11.94973152E+00,-723.46105E-03
-2.37500E-03,-11.83801621E+00,-722.58167E-03
-2.35000E-03,-11.71166614E+00,-722.50626E-03
-2.32500E-03,-11.59787845E+00,-722.48117E-03
-2.30000E-03,-11.45698579E+00,-722.06654E-03
-2.27500E-03,-11.33164083E+00,-722.06659E-03
-2.25000E-03,-11.19856865E+00,-721.26256E-03
-2.22500E-03,-11.06147760E+00,-720.55902E-03
-2.20000E-03,-10.92108749E+00,-720.60927E-03
-2.17500E-03,-10.78091806E+00,-720.05649E-03
-2.15000E-03,-10.64703018E+00,-719.69220E-03
-2.12500E-03,-10.49724945E+00,-718.87560E-03
-2.10000E-03,-10.35805413E+00,-718.61178E-03
-2.07500E-03,-10.21961112E+00,-718.52388E-03
-2.05000E-03,-10.08054160E+00,-718.39822E-03
-2.02500E-03,-9.94131408E+00,-717.50626E-03
-2.00000E-03,-9.79498857E+00,-717.43091E-03
-1.97500E-03,-9.64301006E+00,-716.75252E-03
-1.95000E-03,-9.48833049E+00,-716.08666E-03
-1.92500E-03,-9.33534646E+00,-715.82284E-03
-1.90000E-03,-9.17413406E+00,-715.24495E-03
-1.87500E-03,-9.02834282E+00,-714.66706E-03
-1.85000E-03,-8.87579907E+00,-713.67463E-03
-1.82500E-03,-8.72184134E+00,-713.51128E-03
-1.80000E-03,-8.55915285E+00,-712.93339E-03
-1.77500E-03,-8.40761421E+00,-712.44341E-03
-1.75000E-03,-8.25855660E+00,-711.84044E-03
-1.72500E-03,-8.11141450E+00,-710.88565E-03
-1.70000E-03,-7.96474364E+00,-710.23242E-03
-1.67500E-03,-7.82696125E+00,-709.32788E-03
-1.65000E-03,-7.68343069E+00,-709.50378E-03
-1.62500E-03,-7.54059153E+00,-708.32280E-03
-1.60000E-03,-7.40686078E+00,-707.44346E-03
-1.57500E-03,-7.27586208E+00,-707.41832E-03
-1.55000E-03,-7.15651530E+00,-705.92332E-03
-1.52500E-03,-7.04140883E+00,-705.78511E-03
-1.50000E-03,-6.93317982E+00,-704.86805E-03
-1.47500E-03,-6.82089985E+00,-703.71227E-03
-1.45000E-03,-6.69059196E+00,-703.81277E-03
-1.42500E-03,-6.57680395E+00,-702.97106E-03
-1.40000E-03,-6.43540962E+00,-702.73240E-03
-1.37500E-03,-6.28980569E+00,-701.60171E-03
-1.35000E-03,-6.14646452E+00,-700.64696E-03
-1.32500E-03,-5.99429661E+00,-699.27763E-03
-1.30000E-03,-5.81546545E+00,-698.02135E-03
-1.27500E-03,-5.64216037E+00,-696.97860E-03
-1.25000E-03,-5.43145107E+00,-694.88063E-03
-1.22500E-03,-5.21320353E+00,-693.62436E-03
-1.20000E-03,-5.01602961E+00,-691.72732E-03
-1.17500E-03,-4.80104900E+00,-689.69219E-03
-1.15000E-03,-4.59448414E+00,-688.05900E-03
-1.12500E-03,-4.36895137E+00,-686.33791E-03
-1.10000E-03,-4.18446561E+00,-683.86302E-03
-1.07500E-03,-3.97975469E+00,-681.80270E-03
-1.05000E-03,-3.81028348E+00,-679.89319E-03
-1.02500E-03,-3.63371270E+00,-677.70722E-03
-1.00000E-03,-3.47510768E+00,-675.72235E-03
-975.00E-06,-3.30846116E+00,-673.29768E-03
-950.00E-06,-3.14875699E+00,-671.30023E-03
-925.00E-06,-2.99919724E+00,-669.17709E-03
-900.00E-06,-2.85004513E+00,-667.24246E-03
-875.00E-06,-2.75447348E+00,-665.29518E-03
-850.00E-06,-2.60312204E+00,-663.33540E-03
-825.00E-06,-2.45880820E+00,-661.95345E-03
-800.00E-06,-2.34574166E+00,-659.27758E-03
-775.00E-06,-2.22033453E+00,-657.20475E-03
-750.00E-06,-2.08660304E+00,-654.80523E-03
-725.00E-06,-1.97256405E+00,-652.82029E-03
-700.00E-06,-1.84282229E+00,-650.14441E-03
-675.00E-06,-1.74681018E+00,-648.29771E-03
-650.00E-06,-1.62375812E+00,-645.42079E-03
-625.00E-06,-1.50164653E+00,-643.05896E-03
-600.00E-06,-1.41546732E+00,-639.07659E-03
-575.00E-06,-1.32378900E+00,-635.09418E-03
-550.00E-06,-1.22693065E+00,-630.62176E-03
-525.00E-06,-1.16125792E+00,-625.44592E-03
-500.00E-06,-1.05786624E+00,-618.37296E-03
-475.00E-06,-1.00566817E+00,-609.03879E-03
-450.00E-06,-921.46511E-03,-597.02866E-03
-425.00E-06,-826.08260E-03,-579.76728E-03
-400.00E-06,-740.84291E-03,-546.57577E-03
-375.00E-06,-609.05941E-03,-440.60722E-03
-350.00E-06,-454.88218E-03,-298.37117E-03
-325.00E-06,-353.43707E-03,-170.02971E-03
-300.00E-06,-239.68174E-03,-71.62580E-03
-275.00E-06,-213.55204E-03,-23.02097E-03
-250.00E-06,-203.12486E-03,-7.00364E-03
-225.00E-06,-200.61244E-03,+1.75265E-03
-200.00E-06,-192.66627E-03,+10.68485E-03
-175.00E-06,-185.41129E-03,+22.00402E-03
-150.00E-06,-173.28808E-03,+35.48392E-03
-125.00E-06,-160.41124E-03,+48.71245E-03
-100.00E-06,-146.05808E-03,+60.04420E-03
-75.00E-06,-122.59703E-03,+70.14463E-03
-50.00E-06,-92.69705E-03,+80.49652E-03
-25.00E-06,-31.89298E-03,+127.11807E-03
+0.0E+00,+10.60190E-03,+216.55359E-03
+25.00E-06,+160.06856E-03,+336.08890E-03
+50.00E-06,+257.64994E-03,+463.68894E-03
+75.00E-06,+389.87254E-03,+581.20220E-03
+100.00E-06,+517.32345E-03,+707.25676E-03
+125.00E-06,+619.11361E-03,+818.94076E-03
+150.00E-06,+771.46798E-03,+945.46040E-03
+175.00E-06,+855.82825E-03,+1.06068649E+00
+200.00E-06,+1.00187038E+00,+1.19174237E+00
+225.00E-06,+1.13095398E+00,+1.30469403E+00
+250.00E-06,+1.23783222E+00,+1.42886549E+00
+275.00E-06,+1.36933236E+00,+1.54753317E+00
+300.00E-06,+1.46666476E+00,+1.66397846E+00
+325.00E-06,+1.60761808E+00,+1.79468213E+00
+350.00E-06,+1.73641892E+00,+1.91268406E+00
+375.00E-06,+1.84194626E+00,+2.04657922E+00
+400.00E-06,+1.97115432E+00,+2.16165356E+00
+425.00E-06,+2.08912067E+00,+2.28062429E+00
+450.00E-06,+2.21349081E+00,+2.40397803E+00
+475.00E-06,+2.34119251E+00,+2.53226941E+00
+500.00E-06,+2.44276227E+00,+2.64532208E+00
+525.00E-06,+2.59273126E+00,+2.77048557E+00
+550.00E-06,+2.73993633E+00,+2.90017140E+00
+575.00E-06,+2.84470971E+00,+3.01465623E+00
+600.00E-06,+2.98374861E+00,+3.12519631E+00
+625.00E-06,+3.11754328E+00,+3.23414103E+00
+650.00E-06,+3.25607932E+00,+3.33684190E+00
+675.00E-06,+3.39134883E+00,+3.43165328E+00
+700.00E-06,+3.49433324E+00,+3.52023378E+00
+725.00E-06,+3.62394968E+00,+3.61023372E+00
+750.00E-06,+3.77536340E+00,+3.69412810E+00
+775.00E-06,+3.93415772E+00,+3.77317320E+00
+800.00E-06,+4.10620576E+00,+3.84653992E+00
+825.00E-06,+4.26996175E+00,+3.91558515E+00
+850.00E-06,+4.42429527E+00,+3.97834896E+00
+875.00E-06,+4.58927683E+00,+4.03062262E+00
+900.00E-06,+4.75878065E+00,+4.08053454E+00
+925.00E-06,+4.92153241E+00,+4.12103711E+00
+950.00E-06,+5.09581000E+00,+4.16586111E+00
+975.00E-06,+5.26383745E+00,+4.20108716E+00
+1.00000E-03,+5.41999258E+00,+4.23596147E+00
+1.02500E-03,+5.57376178E+00,+4.25774521E+00
+1.05000E-03,+5.72633746E+00,+4.27668997E+00
+1.07500E-03,+5.87596053E+00,+4.30206692E+00
+1.10000E-03,+6.02922641E+00,+4.32537082E+00
+1.12500E-03,+6.18962340E+00,+4.34035828E+00
+1.15000E-03,+6.35331586E+00,+4.35506927E+00
+1.17500E-03,+6.46550205E+00,+4.37190358E+00
+1.20000E-03,+6.61166984E+00,+4.39049643E+00
+1.22500E-03,+6.74854261E+00,+4.40381305E+00
+1.25000E-03,+6.90287613E+00,+4.41630033E+00
+1.27500E-03,+7.03443959E+00,+4.42510686E+00
+1.30000E-03,+7.16280111E+00,+4.43465464E+00
+1.32500E-03,+7.27366714E+00,+4.44650137E+00
+1.35000E-03,+7.40388152E+00,+4.45828539E+00
+1.37500E-03,+7.54593488E+00,+4.47013200E+00
+1.40000E-03,+7.65670811E+00,+4.47922752E+00
+1.42500E-03,+7.79778852E+00,+4.48792097E+00
+1.45000E-03,+7.90438344E+00,+4.49446611E+00
+1.47500E-03,+8.02972866E+00,+4.50152646E+00
+1.50000E-03,+8.13544505E+00,+4.50725506E+00
+1.52500E-03,+8.26339767E+00,+4.51380033E+00
+1.55000E-03,+8.39310812E+00,+4.52067214E+00
+1.57500E-03,+8.51148144E+00,+4.52798372E+00
+1.60000E-03,+8.64728557E+00,+4.53637572E+00
+1.62500E-03,+8.76876803E+00,+4.54299626E+00
+1.65000E-03,+8.89025065E+00,+4.54976772E+00
+1.67500E-03,+9.01094686E+00,+4.55632539E+00
+1.70000E-03,+9.10215403E+00,+4.56099882E+00
+1.72500E-03,+9.21509265E+00,+4.56544599E+00
+1.75000E-03,+9.29028099E+00,+4.56912688E+00
+1.77500E-03,+9.39995436E+00,+4.57279522E+00
+1.80000E-03,+9.46575179E+00,+4.57442836E+00
+1.82500E-03,+9.55852874E+00,+4.57667713E+00
+1.85000E-03,+9.63663726E+00,+4.57940326E+00
+1.87500E-03,+9.70516887E+00,+4.58181530E+00
+1.90000E-03,+9.81210905E+00,+4.58386308E+00
+1.92500E-03,+9.90472876E+00,+4.58653896E+00
+1.95000E-03,+10.02837800E+00,+4.58967964E+00
+1.97500E-03,+10.14025038E+00,+4.59294601E+00
+2.00000E-03,+10.26185806E+00,+4.59682792E+00
+2.02500E-03,+10.40607953E+00,+4.60073500E+00
+2.05000E-03,+10.54530734E+00,+4.60643850E+00
+2.07500E-03,+10.70086618E+00,+4.61152644E+00
+2.10000E-03,+10.86302060E+00,+4.61710435E+00
+2.12500E-03,+11.02866157E+00,+4.62226768E+00
+2.15000E-03,+11.19540179E+00,+4.62717972E+00
+2.17500E-03,+11.36521958E+00,+4.63216712E+00
+2.20000E-03,+11.51754339E+00,+4.63670227E+00
+2.22500E-03,+11.66842242E+00,+4.64079779E+00
+2.25000E-03,+11.81823435E+00,+4.64374999E+00
+2.27500E-03,+11.96185878E+00,+4.64647612E+00
+2.30000E-03,+12.10033203E+00,+4.64897614E+00
+2.32500E-03,+12.24389333E+00,+4.65165202E+00
+2.35000E-03,+12.37756299E+00,+4.65339823E+00
+2.37500E-03,+12.50102273E+00,+4.65549622E+00
+2.40000E-03,+12.63029462E+00,+4.65739319E+00
+2.42500E-03,+12.74785094E+00,+4.65859922E+00
+2.45000E-03,+12.85830922E+00,+4.65949118E+00
+2.47500E-03,+12.97168873E+00,+4.66106155E+00
+2.50000E-03,+13.07357331E+00,+4.66284545E+00
+2.52500E-03,+13.19841670E+00,+4.66373741E+00
+2.55000E-03,+13.29263648E+00,+4.66494344E+00
+2.57500E-03,+13.39298276E+00,+4.66630020E+00
+2.60000E-03,+13.47018003E+00,+4.66746859E+00
+2.62500E-03,+13.54043869E+00,+4.66799622E+00
+2.65000E-03,+13.63481587E+00,+4.66883793E+00
+2.67500E-03,+13.69442637E+00,+4.66971731E+00
+2.70000E-03,+13.78422016E+00,+4.67114949E+00
+2.72500E-03,+13.86405588E+00,+4.67177757E+00
+2.75000E-03,+13.94684574E+00,+4.67320975E+00
+2.77500E-03,+14.03600956E+00,+4.67391329E+00
+2.80000E-03,+14.10585935E+00,+4.67543339E+00
+2.82500E-03,+14.20256188E+00,+4.67666452E+00
+2.85000E-03,+14.27504830E+00,+4.67792080E+00
+2.87500E-03,+14.35529430E+00,+4.67873741E+00
+2.90000E-03,+14.45180753E+00,+4.67994344E+00
+2.92500E-03,+14.54772531E+00,+4.68200372E+00
+2.95000E-03,+14.64618545E+00,+4.68322229E+00
+2.97500E-03,+14.71933244E+00,+4.68480527E+00
+3.00000E-03,+14.82231665E+00,+4.68602384E+00
+3.02500E-03,+14.91889307E+00,+4.68785801E+00
+3.05000E-03,+15.03676389E+00,+4.68921482E+00
+3.07500E-03,+15.14395627E+00,+4.69079769E+00
+3.10000E-03,+15.25975347E+00,+4.69246859E+00
+3.12500E-03,+15.35450915E+00,+4.69456655E+00
+3.15000E-03,+15.47099730E+00,+4.69608665E+00
+3.17500E-03,+15.57815859E+00,+4.69834800E+00
+3.20000E-03,+15.69894984E+00,+4.69942832E+00
+3.22500E-03,+15.82351030E+00,+4.70170225E+00
+3.25000E-03,+15.93177030E+00,+4.70285803E+00
+3.27500E-03,+16.04938905E+00,+4.70462937E+00
+3.30000E-03,+16.13990446E+00,+4.70587307E+00
+3.32500E-03,+16.24367309E+00,+4.70681528E+00
+3.35000E-03,+16.31801354E+00,+4.70807156E+00
+3.37500E-03,+16.41732270E+00,+4.70989321E+00
+3.40000E-03,+16.49244794E+00,+4.71065952E+00
+3.42500E-03,+16.57963426E+00,+4.71244339E+00
+3.45000E-03,+16.66594041E+00,+4.71249365E+00
+3.47500E-03,+16.74508652E+00,+4.71326004E+00
+3.50000E-03,+16.83032478E+00,+4.71410175E+00
+3.52500E-03,+16.88641747E+00,+4.71529518E+00
+3.55000E-03,+16.95089645E+00,+4.71601128E+00
+3.57500E-03,+17.02539366E+00,+4.71690324E+00
+3.60000E-03,+17.07366600E+00,+4.71779520E+00
+3.62500E-03,+17.11974078E+00,+4.71893844E+00
+3.65000E-03,+17.18145539E+00,+4.71895098E+00
+3.67500E-03,+17.23431337E+00,+4.71952887E+00
+3.70000E-03,+17.27338317E+00,+4.72000623E+00
+3.72500E-03,+17.30585832E+00,+4.71995596E+00
+3.75000E-03,+17.34885467E+00,+4.72032032E+00
+3.77500E-03,+17.39879180E+00,+4.72126251E+00
+3.80000E-03,+17.44141120E+00,+4.72157658E+00
+3.82500E-03,+17.47737187E+00,+4.72202878E+00
+3.85000E-03,+17.51119764E+00,+4.72243090E+00
+3.87500E-03,+17.56289373E+00,+4.72277003E+00
+3.90000E-03,+17.61333360E+00,+4.72315952E+00
+3.92500E-03,+17.66229683E+00,+4.72369974E+00
+3.95000E-03,+17.69819485E+00,+4.72400123E+00
+3.97500E-03,+17.74508600E+00,+4.72440322E+00
+4.00000E-03,+17.79452040E+00,+4.72484294E+00
+4.02500E-03,+17.84298168E+00,+4.72565950E+00
+4.05000E-03,+17.88176886E+00,+4.72565950E+00
+4.07500E-03,+17.92043115E+00,+4.72563439E+00
+4.10000E-03,+17.97344678E+00,+4.72573485E+00
+4.12500E-03,+18.01955169E+00,+4.72691578E+00
+4.15000E-03,+18.05416225E+00,+4.72687814E+00
+4.17500E-03,+18.07366557E+00,+4.72700374E+00
+4.20000E-03,+18.08739050E+00,+4.72702891E+00
+4.22500E-03,+18.10086417E+00,+4.72753138E+00
+4.25000E-03,+18.12036800E+00,+4.72836055E+00
+4.27500E-03,+18.14304388E+00,+4.72828510E+00
+4.30000E-03,+18.17275505E+00,+4.72818458E+00
+4.32500E-03,+18.20303143E+00,+4.72817206E+00
+4.35000E-03,+18.22821970E+00,+4.72869965E+00
+4.37500E-03,+18.24552504E+00,+4.72848611E+00
+4.40000E-03,+18.25837034E+00,+4.72869974E+00
+4.42500E-03,+18.26911149E+00,+4.72848613E+00
+4.45000E-03,+18.27655485E+00,+4.72864947E+00
+4.47500E-03,+18.28299335E+00,+4.72868711E+00
+4.50000E-03,+18.28996577E+00,+4.72861180E+00
+4.52500E-03,+18.29662400E+00,+4.72910169E+00
+4.55000E-03,+18.30265415E+00,+4.72880020E+00
+4.57500E-03,+18.30868430E+00,+4.72880020E+00
+4.60000E-03,+18.31584505E+00,+4.72897610E+00
+4.62500E-03,+18.32184391E+00,+4.72892585E+00
+4.65000E-03,+18.33283648E+00,+4.72918967E+00
+4.67500E-03,+18.34706381E+00,+4.72945349E+00
+4.70000E-03,+18.36443208E+00,+4.72913937E+00
+4.72500E-03,+18.38239690E+00,+4.72950370E+00
+4.75000E-03,+18.40083260E+00,+4.72923988E+00
+4.77500E-03,+18.41798102E+00,+4.72942834E+00
+4.80000E-03,+18.43283631E+00,+4.72983037E+00
+4.82500E-03,+18.44543071E+00,+4.72974241E+00
+4.85000E-03,+18.45733403E+00,+4.72944088E+00
+4.87500E-03,+18.46553115E+00,+4.72967962E+00
+4.90000E-03,+18.47259779E+00,+4.72983040E+00
+4.92500E-03,+18.47947576E+00,+4.73005648E+00
+4.95000E-03,+18.48497205E+00,+4.73035806E+00
+4.97500E-03,+18.49075089E+00,+4.72979269E+00
+5.00000E-03,+18.49521069E+00,+4.72974243E+00
+5.02500E-03,+18.50243448E+00,+4.73037055E+00
+5.05000E-03,+18.50777339E+00,+4.73101133E+00
+5.07500E-03,+18.51330114E+00,+4.73037055E+00
+5.10000E-03,+18.51747822E+00,+4.73016957E+00
+5.12500E-03,+18.51892294E+00,+4.73068462E+00
+5.15000E-03,+18.52033620E+00,+4.73067204E+00
+5.17500E-03,+18.52043036E+00,+4.73040822E+00
+5.20000E-03,+18.52090159E+00,+4.73045847E+00
+5.22500E-03,+18.52269173E+00,+4.73019465E+00
+5.25000E-03,+18.52489034E+00,+4.73024490E+00
+5.27500E-03,+18.52894196E+00,+4.73029515E+00
+5.30000E-03,+18.53393568E+00,+4.72976756E+00
+5.32500E-03,+18.53996560E+00,+4.73065952E+00
+5.35000E-03,+18.54762897E+00,+4.73028254E+00
+5.37500E-03,+18.55299958E+00,+4.73055902E+00
+5.40000E-03,+18.55714536E+00,+4.73082284E+00
+5.42500E-03,+18.56160516E+00,+4.73045852E+00
+5.45000E-03,+18.56301854E+00,+4.73096098E+00
+5.47500E-03,+18.56659888E+00,+4.73067208E+00
+5.50000E-03,+18.56650460E+00,+4.73049613E+00
+5.52500E-03,+18.56458865E+00,+4.73037055E+00
+5.55000E-03,+18.56157358E+00,+4.73068462E+00
+5.57500E-03,+18.55909236E+00,+4.73038304E+00
+5.60000E-03,+18.55463256E+00,+4.73063435E+00
+5.62500E-03,+18.55017282E+00,+4.73005651E+00
+5.65000E-03,+18.54546183E+00,+4.73015694E+00
+5.67500E-03,+18.53786127E+00,+4.73016959E+00
+5.70000E-03,+18.53327584E+00,+4.73005648E+00
+5.72500E-03,+18.52762251E+00,+4.73057153E+00
+5.75000E-03,+18.52410499E+00,+4.73005648E+00
+5.77500E-03,+18.52027327E+00,+4.73037055E+00
+5.80000E-03,+18.51493413E+00,+4.73005648E+00
+5.82500E-03,+18.50956353E+00,+4.73068462E+00
+5.85000E-03,+18.50296799E+00,+4.73009422E+00
+5.87500E-03,+18.49693784E+00,+4.73055897E+00
+5.90000E-03,+18.48698181E+00,+4.72981781E+00
+5.92500E-03,+18.47781095E+00,+4.73003133E+00
+5.95000E-03,+18.46719526E+00,+4.73000628E+00
+5.97500E-03,+18.45651692E+00,+4.72990578E+00
+6.00000E-03,+18.44071913E+00,+4.72974241E+00
+6.02500E-03,+18.42030419E+00,+4.72988063E+00
+6.05000E-03,+18.39731448E+00,+4.72951630E+00
+6.07500E-03,+18.37039853E+00,+4.72942834E+00
+6.10000E-03,+18.34238340E+00,+4.72911427E+00
+6.12500E-03,+18.31556167E+00,+4.72880020E+00
+6.15000E-03,+18.28939979E+00,+4.72902628E+00
+6.17500E-03,+18.26223234E+00,+4.72864942E+00
+6.20000E-03,+18.22316199E+00,+4.72869967E+00
+6.22500E-03,+18.17589386E+00,+4.72812178E+00
+6.25000E-03,+18.11596977E+00,+4.72722987E+00
+6.27500E-03,+18.06722618E+00,+4.72638809E+00
+6.30000E-03,+18.01257709E+00,+4.72670219E+00
+6.32500E-03,+17.93220642E+00,+4.72516947E+00
+6.35000E-03,+17.84533390E+00,+4.72480518E+00
+6.37500E-03,+17.74693614E+00,+4.72408915E+00
+6.40000E-03,+17.65463031E+00,+4.72346100E+00
+6.42500E-03,+17.55126970E+00,+4.72228005E+00
+6.45000E-03,+17.45447358E+00,+4.72117460E+00
+6.47500E-03,+17.34844294E+00,+4.72010666E+00
+6.50000E-03,+17.24489461E+00,+4.71906402E+00
+6.52500E-03,+17.14187898E+00,+4.71804641E+00
+6.55000E-03,+17.03597500E+00,+4.71621224E+00
+6.57500E-03,+16.93490692E+00,+4.71589822E+00
+6.60000E-03,+16.80554067E+00,+4.71356146E+00
+6.62500E-03,+16.68003834E+00,+4.71177754E+00
+6.65000E-03,+16.53543937E+00,+4.71075998E+00
+6.67500E-03,+16.40321709E+00,+4.70869970E+00
+6.70000E-03,+16.26728640E+00,+4.70614942E+00
+6.72500E-03,+16.14021426E+00,+4.70461678E+00
+6.75000E-03,+16.00353109E+00,+4.70292073E+00
+6.77500E-03,+15.86188493E+00,+4.70127505E+00
+6.80000E-03,+15.72303454E+00,+4.69912681E+00
+6.82500E-03,+15.58704245E+00,+4.69719211E+00
+6.85000E-03,+15.46188529E+00,+4.69456653E+00
+6.87500E-03,+15.34272632E+00,+4.69236802E+00
+6.90000E-03,+15.22397717E+00,+4.69063430E+00
+6.92500E-03,+15.09577347E+00,+4.68859920E+00
+6.95000E-03,+14.95773942E+00,+4.68638809E+00
+6.97500E-03,+14.81863754E+00,+4.68471726E+00
+7.00000E-03,+14.69385806E+00,+4.68307148E+00
+7.02500E-03,+14.58072961E+00,+4.68103633E+00
+7.05000E-03,+14.44834871E+00,+4.67929008E+00
+7.07500E-03,+14.31879481E+00,+4.67715442E+00
+7.10000E-03,+14.19492546E+00,+4.67568457E+00
+7.12500E-03,+14.06681610E+00,+4.67358658E+00
+7.15000E-03,+13.93936616E+00,+4.67171480E+00
+7.17500E-03,+13.80290284E+00,+4.67064689E+00
+7.20000E-03,+13.67884523E+00,+4.66852379E+00
+7.22500E-03,+13.55949843E+00,+4.66739312E+00
+7.25000E-03,+13.44322990E+00,+4.66579766E+00
+7.27500E-03,+13.32312896E+00,+4.66396349E+00
+7.30000E-03,+13.20371978E+00,+4.66307153E+00
+7.32500E-03,+13.07871953E+00,+4.66194093E+00
+7.35000E-03,+12.96669001E+00,+4.66034540E+00
+7.37500E-03,+12.85167838E+00,+4.65876251E+00
+7.40000E-03,+12.74514446E+00,+4.65782030E+00
+7.42500E-03,+12.62259546E+00,+4.65609917E+00
+7.45000E-03,+12.50384402E+00,+4.65385040E+00
+7.47500E-03,+12.37758867E+00,+4.65274490E+00
+7.50000E-03,+12.25541486E+00,+4.65028256E+00
+7.52500E-03,+12.12466699E+00,+4.64792073E+00
+7.55000E-03,+12.00013929E+00,+4.64524485E+00
+7.57500E-03,+11.87529494E+00,+4.64334784E+00
+7.60000E-03,+11.75415901E+00,+4.64054643E+00
+7.62500E-03,+11.63386987E+00,+4.63734289E+00
+7.65000E-03,+11.50585492E+00,+4.63393837E+00
+7.67500E-03,+11.39608752E+00,+4.63060917E+00
+7.70000E-03,+11.24734279E+00,+4.62676492E+00
+7.72500E-03,+11.11675290E+00,+4.62288302E+00
+7.75000E-03,+10.97526351E+00,+4.61805889E+00
+7.77500E-03,+10.83908355E+00,+4.61393832E+00
+7.80000E-03,+10.69693404E+00,+4.60927741E+00
+7.82500E-03,+10.53917624E+00,+4.60329756E+00
+7.85000E-03,+10.41128818E+00,+4.59907648E+00
+7.87500E-03,+10.25839804E+00,+4.59488050E+00
+7.90000E-03,+10.12093020E+00,+4.59082274E+00
+7.92500E-03,+9.97026938E+00,+4.58603633E+00
+7.95000E-03,+9.81948528E+00,+4.58292070E+00
+7.97500E-03,+9.67504458E+00,+4.57871219E+00
+8.00000E-03,+9.53493747E+00,+4.57452874E+00
+8.02500E-03,+9.39668395E+00,+4.56990565E+00
+8.05000E-03,+9.24602472E+00,+4.56471721E+00
+8.07500E-03,+9.09690335E+00,+4.55775736E+00
+8.10000E-03,+8.95101741E+00,+4.55020714E+00
+8.12500E-03,+8.79357394E+00,+4.54130002E+00
+8.15000E-03,+8.63185969E+00,+4.53196583E+00
+8.17500E-03,+8.47064725E+00,+4.52263166E+00
+8.20000E-03,+8.31615565E+00,+4.51408897E+00
+8.22500E-03,+8.16150754E+00,+4.50587294E+00
+8.25000E-03,+8.01797809E+00,+4.49846083E+00
+8.27500E-03,+7.86807205E+00,+4.49001862E+00
+8.30000E-03,+7.71778900E+00,+4.47969198E+00
+8.32500E-03,+7.56568485E+00,+4.46783258E+00
+8.35000E-03,+7.40959208E+00,+4.45415176E+00
+8.37500E-03,+7.26059761E+00,+4.44123716E+00
+8.40000E-03,+7.14344911E+00,+4.43045829E+00
+8.42500E-03,+7.01518297E+00,+4.42146334E+00
+8.45000E-03,+6.88745023E+00,+4.41241809E+00
+8.47500E-03,+6.76241908E+00,+4.40261914E+00
+8.50000E-03,+6.63559773E+00,+4.38960397E+00
+8.52500E-03,+6.51599948E+00,+4.37426474E+00
+8.55000E-03,+6.40767706E+00,+4.35965417E+00
+8.57500E-03,+6.28707320E+00,+4.34658894E+00
+8.60000E-03,+6.13719870E+00,+4.33383761E+00
+8.62500E-03,+5.98892517E+00,+4.31642531E+00
+8.65000E-03,+5.83189064E+00,+4.29116147E+00
+8.67500E-03,+5.67243576E+00,+4.26756848E+00
+8.70000E-03,+5.48883120E+00,+4.24333484E+00
+8.72500E-03,+5.31185119E+00,+4.20994228E+00
+8.75000E-03,+5.08989844E+00,+4.16127409E+00
+8.77500E-03,+4.86866735E+00,+4.10632419E+00
+8.80000E-03,+4.65503513E+00,+4.04918793E+00
+8.82500E-03,+4.43207808E+00,+3.97734143E+00
+8.85000E-03,+4.23166821E+00,+3.90006675E+00
+8.87500E-03,+4.00180143E+00,+3.80411242E+00
+8.90000E-03,+3.80902412E+00,+3.71426224E+00
+8.92500E-03,+3.60692076E+00,+3.59749064E+00
+8.95000E-03,+3.45384451E+00,+3.49349648E+00
+8.97500E-03,+3.31552661E+00,+3.38453875E+00
+9.00000E-03,+3.17736850E+00,+3.28551933E+00
+9.02500E-03,+3.03138788E+00,+3.17732743E+00
+9.05000E-03,+2.90290241E+00,+3.06996635E+00
+9.07500E-03,+2.78434144E+00,+2.95837080E+00
+9.10000E-03,+2.65189659E+00,+2.83551817E+00
+9.12500E-03,+2.52865598E+00,+2.72559441E+00
+9.15000E-03,+2.39385685E+00,+2.60183723E+00
+9.17500E-03,+2.27633238E+00,+2.48466458E+00
+9.20000E-03,+2.16442832E+00,+2.36176183E+00
+9.22500E-03,+2.03682212E+00,+2.24315707E+00
+9.25000E-03,+1.91967408E+00,+2.12917489E+00
+9.27500E-03,+1.80563553E+00,+2.00952639E+00
+9.30000E-03,+1.69385729E+00,+1.89094612E+00
+9.32500E-03,+1.57997591E+00,+1.77533059E+00
+9.35000E-03,+1.46113149E+00,+1.66474030E+00
+9.37500E-03,+1.35874388E+00,+1.55543035E+00
+9.40000E-03,+1.24197332E+00,+1.43930039E+00
+9.42500E-03,+1.13170295E+00,+1.32338333E+00
+9.45000E-03,+1.00880742E+00,+1.20972760E+00
+9.47500E-03,+888.32950E-03,+1.09245357E+00
+9.50000E-03,+769.86263E-03,+967.67957E-03
+9.52500E-03,+638.26681E-03,+840.64439E-03
+9.55000E-03,+502.24274E-03,+708.81006E-03
+9.57500E-03,+370.36480E-03,+575.98356E-03
+9.60000E-03,+234.40367E-03,+442.32767E-03
+9.62500E-03,+107.80178E-03,+312.40318E-03
+9.65000E-03,-2.18426E-03,+193.39615E-03
+9.67500E-03,-78.00091E-03,+106.17347E-03
+9.70000E-03,-136.98266E-03,+72.74460E-03
+9.72500E-03,-160.00334E-03,+59.64169E-03
+9.75000E-03,-176.58632E-03,+46.76478E-03
+9.77500E-03,-186.82482E-03,+33.46081E-03
+9.80000E-03,-195.77596E-03,+20.89805E-03
+9.82500E-03,-199.92155E-03,+10.25735E-03
+9.85000E-03,-202.93663E-03,+2.12921E-03
+9.87500E-03,-209.56365E-03,-4.80544E-03
+9.90000E-03,-213.67783E-03,-13.67492E-03
+9.92500E-03,-221.74964E-03,-32.38119E-03
+9.95000E-03,-256.83306E-03,-73.50039E-03
+9.97500E-03,-352.24777E-03,-158.23700E-03
+10.00000E-03,-437.73880E-03,-259.58252E-03
+10.02500E-03,-570.93590E-03,-387.34620E-03
+10.05000E-03,-668.39099E-03,-490.37230E-03
+10.07500E-03,-761.73270E-03,-549.10289E-03
+10.10000E-03,-822.00165E-03,-577.63226E-03
+10.12500E-03,-886.23046E-03,-593.31065E-03
+10.15000E-03,-973.72911E-03,-606.13723E-03
+10.17500E-03,-1.01970894E+00,-615.74770E-03
+10.20000E-03,-1.09408223E+00,-623.51152E-03
+10.22500E-03,-1.17247317E+00,-628.68729E-03
+10.25000E-03,-1.23045076E+00,-633.32299E-03
+10.27500E-03,-1.30611065E+00,-636.85304E-03
+10.30000E-03,-1.38773720E+00,-640.30786E-03
+10.32500E-03,-1.46688409E+00,-643.58679E-03
+10.35000E-03,-1.56804547E+00,-646.21241E-03
+10.37500E-03,-1.68789615E+00,-648.90077E-03
+10.40000E-03,-1.78849125E+00,-651.63952E-03
+10.42500E-03,-1.89816612E+00,-653.82540E-03
+10.45000E-03,-2.01097944E+00,-655.69728E-03
+10.47500E-03,-2.13880601E+00,-658.41088E-03
+10.50000E-03,-2.25871814E+00,-660.52140E-03
+10.52500E-03,-2.37878683E+00,-662.61939E-03
+10.55000E-03,-2.51383784E+00,-664.71738E-03
+10.57500E-03,-2.66817235E+00,-666.81537E-03
+10.60000E-03,-2.80014383E+00,-668.91336E-03
+10.62500E-03,-2.93145712E+00,-671.01138E-03
+10.65000E-03,-3.08613726E+00,-673.15957E-03
+10.67500E-03,-3.25287735E+00,-675.73500E-03
+10.70000E-03,-3.41986856E+00,-678.08419E-03
+10.72500E-03,-3.57809679E+00,-679.60429E-03
+10.75000E-03,-3.73641966E+00,-681.50130E-03
+10.77500E-03,-3.90592385E+00,-683.28522E-03
+10.80000E-03,-4.07803468E+00,-685.73494E-03
+10.82500E-03,-4.25023939E+00,-687.25505E-03
+10.85000E-03,-4.42593042E+00,-689.44103E-03
+10.87500E-03,-4.60655228E+00,-690.86063E-03
+10.90000E-03,-4.78915265E+00,-692.68215E-03
+10.92500E-03,-4.96258188E+00,-693.67467E-03
+10.95000E-03,-5.12523906E+00,-695.77266E-03
+10.97500E-03,-5.29976817E+00,-697.00379E-03
+11.00000E-03,-5.47385716E+00,-698.20982E-03
+11.02500E-03,-5.63525785E+00,-699.90577E-03
+11.05000E-03,-5.79320383E+00,-700.62188E-03
+11.07500E-03,-5.94703535E+00,-701.19977E-03
+11.10000E-03,-6.10130671E+00,-702.10426E-03
+11.12500E-03,-6.24694218E+00,-703.04647E-03
+11.15000E-03,-6.39835439E+00,-703.76261E-03
+11.17500E-03,-6.54276471E+00,-704.45354E-03
+11.20000E-03,-6.69251255E+00,-705.34550E-03
+11.22500E-03,-6.82929117E+00,-706.33802E-03
+11.25000E-03,-6.97668299E+00,-707.75747E-03
+11.27500E-03,-7.10435273E+00,-708.07160E-03
+11.30000E-03,-7.22979327E+00,-708.48615E-03
+11.32500E-03,-7.36399463E+00,-709.17716E-03
+11.35000E-03,-7.48525810E+00,-709.52886E-03
+11.37500E-03,-7.62146965E+00,-709.70479E-03
+11.40000E-03,-7.73902667E+00,-710.58416E-03
+11.42500E-03,-7.86283300E+00,-710.89823E-03
+11.45000E-03,-7.97222307E+00,-711.89078E-03
+11.47500E-03,-8.10306584E+00,-712.15451E-03
+11.50000E-03,-8.22024450E+00,-712.59424E-03
+11.52500E-03,-8.34603060E+00,-713.09673E-03
+11.55000E-03,-8.46939666E+00,-713.69971E-03
+11.57500E-03,-8.60099228E+00,-713.77506E-03
+11.60000E-03,-8.74530839E+00,-714.59173E-03
+11.62500E-03,-8.86157611E+00,-715.42082E-03
+11.65000E-03,-8.98230532E+00,-714.98115E-03
+11.67500E-03,-9.08720397E+00,-715.29522E-03
+11.70000E-03,-9.19826017E+00,-715.96108E-03
+11.72500E-03,-9.30601693E+00,-715.63436E-03
+11.75000E-03,-9.40868610E+00,-716.55150E-03
+11.77500E-03,-9.49524375E+00,-717.49371E-03
+11.80000E-03,-9.59009314E+00,-717.31792E-03
+11.82500E-03,-9.66958407E+00,-718.02132E-03
+11.85000E-03,-9.75683324E+00,-718.07157E-03
+11.87500E-03,-9.84414508E+00,-718.74996E-03
+11.90000E-03,-9.93591630E+00,-718.43592E-03
+11.92500E-03,-10.03497381E+00,-718.96359E-03
+11.95000E-03,-10.14031350E+00,-718.59927E-03
+11.97500E-03,-10.25925216E+00,-719.37813E-03
+12.00000E-03,-10.38670241E+00,-720.00627E-03
+12.02500E-03,-10.52859926E+00,-720.01887E-03
+12.05000E-03,-10.68152033E+00,-719.80518E-03
+12.07500E-03,-10.83302830E+00,-720.63441E-03
+12.10000E-03,-10.98353082E+00,-721.26256E-03
+12.12500E-03,-11.14581061E+00,-721.70228E-03
+12.15000E-03,-11.31013187E+00,-722.59424E-03
+12.17500E-03,-11.47476791E+00,-722.80775E-03
+12.20000E-03,-11.63120657E+00,-722.28006E-03
+12.22500E-03,-11.78114347E+00,-723.14698E-03
+12.25000E-03,-11.93051505E+00,-723.27258E-03
+12.27500E-03,-12.06848623E+00,-723.91334E-03
+12.30000E-03,-12.20114976E+00,-724.00122E-03
+12.32500E-03,-12.34144442E+00,-723.77512E-03
+12.35000E-03,-12.46273918E+00,-724.08919E-03
+12.37500E-03,-12.59100472E+00,-724.40326E-03
+12.40000E-03,-12.72018294E+00,-725.23243E-03
+12.42500E-03,-12.83981112E+00,-725.03140E-03
+12.45000E-03,-12.95532685E+00,-725.34547E-03
+12.47500E-03,-13.06776331E+00,-725.70982E-03
+12.50000E-03,-13.17093586E+00,-725.97364E-03
+12.52500E-03,-13.28346778E+00,-726.23746E-03
+12.55000E-03,-13.39370510E+00,-726.91582E-03
+12.57500E-03,-13.48528903E+00,-726.92844E-03
+12.60000E-03,-13.58129896E+00,-727.43087E-03
+12.62500E-03,-13.64737972E+00,-727.29273E-03
+12.65000E-03,-13.72690219E+00,-727.84544E-03
+12.67500E-03,-13.79866684E+00,-727.58162E-03
+12.70000E-03,-13.87784470E+00,-727.54396E-03
+12.72500E-03,-13.95689577E+00,-727.71987E-03
+12.75000E-03,-14.03525684E+00,-727.98369E-03
+12.77500E-03,-14.11393095E+00,-728.24751E-03
+12.80000E-03,-14.19917016E+00,-728.19726E-03
+12.82500E-03,-14.28682742E+00,-728.46108E-03
+12.85000E-03,-14.36813957E+00,-728.48617E-03
+12.87500E-03,-14.45830990E+00,-728.67464E-03
+12.90000E-03,-14.54612325E+00,-728.66202E-03
+12.92500E-03,-14.63871199E+00,-728.88821E-03
+12.95000E-03,-14.73321533E+00,-728.80024E-03
+12.97500E-03,-14.82756184E+00,-728.81278E-03
+13.00000E-03,-14.91763715E+00,-729.05153E-03
+13.02500E-03,-15.01625546E+00,-729.62942E-03
+13.05000E-03,-15.10595381E+00,-729.57917E-03
+13.07500E-03,-15.20865511E+00,-729.52892E-03
+13.10000E-03,-15.30658217E+00,-730.42088E-03
+13.12500E-03,-15.41732368E+00,-730.37060E-03
+13.15000E-03,-15.51889359E+00,-730.47104E-03
+13.17500E-03,-15.63704752E+00,-730.68467E-03
+13.20000E-03,-15.74370552E+00,-730.99874E-03
+13.22500E-03,-15.86735480E+00,-730.88564E-03
+13.25000E-03,-15.97307147E+00,-731.43849E-03
+13.27500E-03,-16.08079657E+00,-731.96613E-03
+13.30000E-03,-16.17250585E+00,-732.25502E-03
+13.32500E-03,-16.28293240E+00,-732.16711E-03
+13.35000E-03,-16.38400091E+00,-732.53134E-03
+13.37500E-03,-16.48688939E+00,-732.69475E-03
+13.40000E-03,-16.57561479E+00,-732.88316E-03
+13.42500E-03,-16.66295687E+00,-733.22238E-03
+13.45000E-03,-16.72206476E+00,-732.90825E-03
+13.47500E-03,-16.79392465E+00,-733.27258E-03
+13.50000E-03,-16.86628609E+00,-733.51130E-03
+13.52500E-03,-16.92592805E+00,-733.19723E-03
+13.55000E-03,-16.99307644E+00,-733.42333E-03
+13.57500E-03,-17.05846567E+00,-733.47358E-03
+13.60000E-03,-17.11977228E+00,-733.20976E-03
+13.62500E-03,-17.18177014E+00,-733.44851E-03
+13.65000E-03,-17.24354726E+00,-733.42330E-03
+13.67500E-03,-17.29398711E+00,-733.66208E-03
+13.70000E-03,-17.34295030E+00,-733.72484E-03
+13.72500E-03,-17.38475329E+00,-733.56158E-03
+13.75000E-03,-17.43051289E+00,-734.13941E-03
+13.77500E-03,-17.46904940E+00,-734.13944E-03
+13.80000E-03,-17.50472794E+00,-734.25256E-03
+13.82500E-03,-17.54499184E+00,-734.15206E-03
+13.85000E-03,-17.58556995E+00,-734.34041E-03
+13.87500E-03,-17.63293146E+00,-734.01390E-03
+13.90000E-03,-17.67451476E+00,-734.15203E-03
+13.92500E-03,-17.72090287E+00,-734.21476E-03
+13.95000E-03,-17.76226579E+00,-734.62933E-03
+13.97500E-03,-17.81182632E+00,-734.62942E-03
+14.00000E-03,-17.85387989E+00,-734.64192E-03
+14.02500E-03,-17.89442660E+00,-734.45351E-03
+14.05000E-03,-17.93214607E+00,-734.74242E-03
+14.07500E-03,-17.97454579E+00,-734.47861E-03
+14.10000E-03,-18.02090281E+00,-734.61689E-03
+14.12500E-03,-18.05990989E+00,-734.64198E-03
+14.15000E-03,-18.09734715E+00,-734.59173E-03
+14.17500E-03,-18.12501653E+00,-734.54148E-03
+14.20000E-03,-18.15636097E+00,-734.80530E-03
+14.22500E-03,-18.18635447E+00,-735.06912E-03
+14.25000E-03,-18.21349015E+00,-735.58422E-03
+14.27500E-03,-18.23962065E+00,-734.85558E-03
+14.30000E-03,-18.26270474E+00,-734.91836E-03
+14.32500E-03,-18.28054386E+00,-734.65458E-03
+14.35000E-03,-18.29326371E+00,-735.08165E-03
+14.37500E-03,-18.30519839E+00,-735.08168E-03
+14.40000E-03,-18.31634789E+00,-735.39572E-03
+14.42500E-03,-18.32617821E+00,-735.18212E-03
+14.45000E-03,-18.33745334E+00,-735.39572E-03
+14.47500E-03,-18.35058155E+00,-735.39572E-03
+14.50000E-03,-18.36392947E+00,-735.39572E-03
+14.52500E-03,-18.37847123E+00,-735.68460E-03
+14.55000E-03,-18.39659286E+00,-735.70979E-03
+14.57500E-03,-18.40918685E+00,-735.70979E-03
+14.60000E-03,-18.42394831E+00,-735.21981E-03
+14.62500E-03,-18.43600862E+00,-735.08165E-03
+14.65000E-03,-18.44788040E+00,-735.39572E-03
+14.67500E-03,-18.45921826E+00,-735.44603E-03
+14.70000E-03,-18.46904882E+00,-735.70979E-03
+14.72500E-03,-18.47972713E+00,-736.02386E-03
+14.75000E-03,-18.48767319E+00,-735.52132E-03
+14.77500E-03,-18.49511650E+00,-735.74742E-03
+14.80000E-03,-18.50171190E+00,-735.93589E-03
+14.82500E-03,-18.50570075E+00,-735.67207E-03
+14.85000E-03,-18.51314430E+00,-736.03639E-03
+14.87500E-03,-18.51876585E+00,-735.96108E-03
+14.90000E-03,-18.52526726E+00,-735.91083E-03
+14.92500E-03,-18.53440686E+00,-736.03636E-03
+14.95000E-03,-18.54282379E+00,-735.49625E-03
+14.97500E-03,-18.55186894E+00,-736.02386E-03
+15.00000E-03,-18.55959530E+00,-735.70982E-03
+15.02500E-03,-18.56864045E+00,-736.02386E-03
+15.05000E-03,-18.57925603E+00,-735.70979E-03
+15.07500E-03,-18.58553736E+00,-735.55907E-03
+15.10000E-03,-18.59235269E+00,-735.82289E-03
+15.12500E-03,-18.59288661E+00,-735.08165E-03
+15.15000E-03,-18.59571309E+00,-735.70979E-03
+15.17500E-03,-18.59816276E+00,-735.74745E-03
+15.20000E-03,-18.59941919E+00,-735.93595E-03
+15.22500E-03,-18.60042414E+00,-736.19977E-03
+15.25000E-03,-18.60419314E+00,-735.89820E-03
+15.27500E-03,-18.61041181E+00,-736.02386E-03
+15.30000E-03,-18.61637923E+00,-736.04902E-03
+15.32500E-03,-18.62457638E+00,-736.04896E-03
+15.35000E-03,-18.63048091E+00,-735.70979E-03
+15.37500E-03,-18.63638543E+00,-735.83539E-03
+15.40000E-03,-18.64115922E+00,-736.02386E-03
+15.42500E-03,-18.64483384E+00,-735.48369E-03
+15.45000E-03,-18.64615294E+00,-736.02386E-03
+15.47500E-03,-18.64831987E+00,-735.69726E-03
+15.50000E-03,-18.64894809E+00,-736.14943E-03
+15.52500E-03,-18.64703210E+00,-736.22490E-03
+15.55000E-03,-18.64442524E+00,-736.19965E-03
+15.57500E-03,-18.64153579E+00,-735.91086E-03
+15.60000E-03,-18.63877205E+00,-736.23737E-03
+15.62500E-03,-18.63497157E+00,-736.02386E-03
+15.65000E-03,-18.62919267E+00,-735.65957E-03
+15.67500E-03,-18.62159225E+00,-735.49619E-03
+15.70000E-03,-18.61531092E+00,-735.86051E-03
+15.72500E-03,-18.61113386E+00,-736.02386E-03
+15.75000E-03,-18.60639132E+00,-735.70979E-03
+15.77500E-03,-18.59963896E+00,-736.01127E-03
+15.80000E-03,-18.59433102E+00,-735.98620E-03
+15.82500E-03,-18.58616511E+00,-735.79770E-03
+15.85000E-03,-18.57554953E+00,-736.19977E-03
+15.87500E-03,-18.56352048E+00,-736.02386E-03
+15.90000E-03,-18.54960732E+00,-735.63438E-03
+15.92500E-03,-18.53729560E+00,-736.02386E-03
+15.95000E-03,-18.52366511E+00,-735.68470E-03
+15.97500E-03,-18.51286117E+00,-736.18724E-03
+16.00000E-03,-18.49835088E+00,-735.89826E-03
+16.02500E-03,-18.48327550E+00,-735.70979E-03
+16.05000E-03,-18.46505942E+00,-735.39572E-03
+16.07500E-03,-18.44499009E+00,-735.70979E-03
+16.10000E-03,-18.42159200E+00,-735.70979E-03
+16.12500E-03,-18.39564940E+00,-735.58423E-03
+16.15000E-03,-18.36534169E+00,-735.70979E-03
+16.17500E-03,-18.32862631E+00,-735.38322E-03
+16.20000E-03,-18.28362026E+00,-734.98112E-03
+16.22500E-03,-18.24024691E+00,-735.13193E-03
+16.25000E-03,-18.19056105E+00,-735.39569E-03
+16.27500E-03,-18.12579927E+00,-735.13187E-03
+16.30000E-03,-18.05048456E+00,-734.13944E-03
+16.32500E-03,-17.97583051E+00,-734.29016E-03
+16.35000E-03,-17.89222403E+00,-734.67970E-03
+16.37500E-03,-17.80095598E+00,-734.64189E-03
+16.40000E-03,-17.71662697E+00,-734.72980E-03
+16.42500E-03,-17.61398885E+00,-733.82537E-03
+16.45000E-03,-17.52234368E+00,-733.91328E-03
+16.47500E-03,-17.41527646E+00,-733.82537E-03
+16.50000E-03,-17.31728707E+00,-733.51130E-03
+16.52500E-03,-17.20883777E+00,-733.51130E-03
+16.55000E-03,-17.09618137E+00,-733.19723E-03
+16.57500E-03,-16.97460418E+00,-733.17213E-03
+16.60000E-03,-16.84476685E+00,-733.27257E-03
+16.62500E-03,-16.72652048E+00,-732.69468E-03
+16.65000E-03,-16.59727900E+00,-732.70731E-03
+16.67500E-03,-16.46571597E+00,-732.16705E-03
+16.70000E-03,-16.32067732E+00,-731.94095E-03
+16.72500E-03,-16.18967953E+00,-731.94095E-03
+16.75000E-03,-16.06571620E+00,-731.37559E-03
+16.77500E-03,-15.94263203E+00,-731.31281E-03
+16.80000E-03,-15.81091092E+00,-730.37060E-03
+16.82500E-03,-15.68076017E+00,-730.04406E-03
+16.85000E-03,-15.55123795E+00,-730.79760E-03
+16.87500E-03,-15.42987955E+00,-729.74242E-03
+16.90000E-03,-15.30918401E+00,-729.69224E-03
+16.92500E-03,-15.18239324E+00,-729.52885E-03
+16.95000E-03,-15.06650128E+00,-729.42838E-03
+16.97500E-03,-14.93503191E+00,-728.80024E-03
+17.00000E-03,-14.81320337E+00,-729.11431E-03
+17.02500E-03,-14.69536458E+00,-728.48617E-03
+17.05000E-03,-14.56288946E+00,-728.48617E-03
+17.07500E-03,-14.44137539E+00,-728.48617E-03
+17.10000E-03,-14.31210468E+00,-728.20986E-03
+17.12500E-03,-14.17673995E+00,-728.17210E-03
+17.15000E-03,-14.05751876E+00,-727.85803E-03
+17.17500E-03,-13.93028926E+00,-727.51880E-03
+17.20000E-03,-13.80937193E+00,-726.94091E-03
+17.22500E-03,-13.69143900E+00,-727.22989E-03
+17.25000E-03,-13.57733675E+00,-726.91582E-03
+17.27500E-03,-13.45861807E+00,-726.73997E-03
+17.30000E-03,-13.33182820E+00,-725.88564E-03
+17.32500E-03,-13.20758196E+00,-725.86045E-03
+17.35000E-03,-13.10079755E+00,-725.63448E-03
+17.37500E-03,-12.98405817E+00,-724.78011E-03
+17.40000E-03,-12.88141891E+00,-724.83036E-03
+17.42500E-03,-12.75610598E+00,-724.71733E-03
+17.45000E-03,-12.63839053E+00,-724.18972E-03
+17.47500E-03,-12.51116259E+00,-724.03890E-03
+17.50000E-03,-12.40145651E+00,-723.77515E-03
+17.52500E-03,-12.27950307E+00,-723.77512E-03
+17.55000E-03,-12.14960488E+00,-723.46105E-03
+17.57500E-03,-12.04577174E+00,-723.46105E-03
+17.60000E-03,-11.92259474E+00,-723.03388E-03
+17.62500E-03,-11.81037568E+00,-723.08413E-03
+17.65000E-03,-11.68584834E+00,-722.80772E-03
+17.67500E-03,-11.56744340E+00,-722.51884E-03
+17.70000E-03,-11.42824586E+00,-721.97860E-03
+17.72500E-03,-11.30547740E+00,-721.71478E-03
+17.75000E-03,-11.16417607E+00,-721.57663E-03
+17.77500E-03,-11.02852975E+00,-720.63441E-03
+17.80000E-03,-10.89190807E+00,-720.03143E-03
+17.82500E-03,-10.74354131E+00,-719.69220E-03
+17.85000E-03,-10.61442781E+00,-719.37813E-03
+17.87500E-03,-10.46238552E+00,-719.31525E-03
+17.90000E-03,-10.31854221E+00,-719.10168E-03
+17.92500E-03,-10.17959566E+00,-718.43592E-03
+17.95000E-03,-10.04511280E+00,-718.15957E-03
+17.97500E-03,-9.89495568E+00,-718.12185E-03
+18.00000E-03,-9.75148776E+00,-717.55649E-03
+18.02500E-03,-9.60745543E+00,-716.97860E-03
+18.05000E-03,-9.45927736E+00,-716.53900E-03
+18.07500E-03,-9.30337251E+00,-715.18222E-03
+18.10000E-03,-9.14467250E+00,-715.03143E-03
+18.12500E-03,-8.99693389E+00,-714.98105E-03
+18.15000E-03,-8.84869293E+00,-714.13937E-03
+18.17500E-03,-8.69021278E+00,-713.51127E-03
+18.20000E-03,-8.52739854E+00,-712.79529E-03
+18.22500E-03,-8.37614234E+00,-712.15451E-03
+18.25000E-03,-8.23138764E+00,-711.46353E-03
+18.27500E-03,-8.08474827E+00,-711.18711E-03
+18.30000E-03,-7.93707247E+00,-710.03133E-03
+18.32500E-03,-7.80123671E+00,-709.86812E-03
+18.35000E-03,-7.66364282E+00,-708.87565E-03
+18.37500E-03,-7.51562179E+00,-708.57408E-03
+18.40000E-03,-7.38452841E+00,-708.07160E-03
+18.42500E-03,-7.26153879E+00,-707.10423E-03
+18.45000E-03,-7.13440344E+00,-707.15448E-03
+18.47500E-03,-7.02843636E+00,-705.63438E-03
+18.50000E-03,-6.91511969E+00,-705.30785E-03
+18.52500E-03,-6.79831650E+00,-704.47860E-03
+18.55000E-03,-6.67454171E+00,-703.90071E-03
+18.57500E-03,-6.54900745E+00,-703.39827E-03
+18.60000E-03,-6.41043902E+00,-702.73240E-03
+18.62500E-03,-6.27033131E+00,-701.72741E-03
+18.65000E-03,-6.12042670E+00,-700.35790E-03
+18.67500E-03,-5.96326396E+00,-699.45341E-03
+18.70000E-03,-5.78088440E+00,-698.54895E-03
+18.72500E-03,-5.60563119E+00,-697.39321E-03
+18.75000E-03,-5.38983472E+00,-694.88065E-03
+18.77500E-03,-5.17501025E+00,-694.25251E-03
+18.80000E-03,-4.97673603E+00,-692.25495E-03
+18.82500E-03,-4.76031192E+00,-690.48366E-03
+18.85000E-03,-4.55399749E+00,-688.17207E-03
+18.87500E-03,-4.33267423E+00,-685.52121E-03
+18.90000E-03,-4.14617789E+00,-683.88818E-03
+18.92500E-03,-3.94108986E+00,-682.00376E-03
+18.95000E-03,-3.77089683E+00,-679.75492E-03
+18.97500E-03,-3.59790552E+00,-677.39311E-03
+19.00000E-03,-3.44511182E+00,-675.59669E-03
+19.02500E-03,-3.27783676E+00,-673.20979E-03
+19.05000E-03,-3.11640655E+00,-671.58912E-03
+19.07500E-03,-2.96587220E+00,-669.20215E-03
+19.10000E-03,-2.83628702E+00,-666.84034E-03
+19.12500E-03,-2.72306517E+00,-665.10667E-03
+19.15000E-03,-2.57378591E+00,-663.47361E-03
+19.17500E-03,-2.44762538E+00,-661.72731E-03
+19.20000E-03,-2.32058307E+00,-659.31525E-03
+19.22500E-03,-2.19778241E+00,-656.90319E-03
+19.25000E-03,-2.07262571E+00,-654.74242E-03
+19.27500E-03,-1.94687168E+00,-652.70721E-03
+19.30000E-03,-1.83584841E+00,-649.98108E-03
+19.32500E-03,-1.72551532E+00,-647.68202E-03
+19.35000E-03,-1.60952905E+00,-645.15696E-03
+19.37500E-03,-1.49457887E+00,-642.11676E-03
+19.40000E-03,-1.40349975E+00,-638.44842E-03
+19.42500E-03,-1.31081733E+00,-634.56647E-03
+19.45000E-03,-1.22253250E+00,-629.69210E-03
+19.47500E-03,-1.14561624E+00,-623.96339E-03
+19.50000E-03,-1.05974983E+00,-617.43079E-03
+19.52500E-03,-991.37689E-03,-607.78238E-03
+19.55000E-03,-909.90652E-03,-594.90529E-03
+19.57500E-03,-818.54371E-03,-574.46539E-03
+19.60000E-03,-719.57937E-03,-527.54207E-03
+19.62500E-03,-590.52725E-03,-423.08069E-03
+19.65000E-03,-453.34158E-03,-284.93998E-03
+19.67500E-03,-338.29804E-03,-161.69940E-03
+19.70000E-03,-245.23985E-03,-70.68271E-03
+19.72500E-03,-212.95514E-03,-24.11356E-03
+19.75000E-03,-203.59593E-03,-6.43810E-03
+19.77500E-03,-198.69652E-03,+2.87081E-03
+19.80000E-03,-192.88605E-03,+12.34331E-03
+19.82500E-03,-184.02944E-03,+23.85092E-03
+19.85000E-03,-173.28789E-03,+37.02941E-03
+19.87500E-03,-158.99768E-03,+49.96883E-03
+19.90000E-03,-142.91711E-03,+61.09963E-03
+19.92500E-03,-120.61820E-03,+71.38854E-03
+19.95000E-03,-87.48265E-03,+87.02993E-03
+19.97500E-03,-32.42603E-03,+140.83758E-03
+20.00000E-03,+35.72906E-03,+225.34923E-03
+20.02500E-03,+153.09768E-03,+345.67621E-03
+20.05000E-03,+274.29665E-03,+468.82861E-03
+20.07500E-03,+391.79133E-03,+587.00815E-03
+20.10000E-03,+518.07797E-03,+712.17018E-03
+20.12500E-03,+635.13330E-03,+824.15629E-03
+20.15000E-03,+763.17848E-03,+952.05736E-03
+20.17500E-03,+875.42731E-03,+1.06657997E+00
+20.20000E-03,+1.00677267E+00,+1.19546279E+00
+20.22500E-03,+1.12699776E+00,+1.30982100E+00
+20.25000E-03,+1.25023967E+00,+1.43382962E+00
+20.27500E-03,+1.36082288E+00,+1.54958224E+00
+20.30000E-03,+1.48026480E+00,+1.66717133E+00
+20.32500E-03,+1.61283460E+00,+1.79782481E+00
+20.35000E-03,+1.72885053E+00,+1.91669314E+00
+20.37500E-03,+1.85482520E+00,+2.04921925E+00
+20.40000E-03,+1.96748127E+00,+2.16492147E+00
+20.42500E-03,+2.09625135E+00,+2.28605339E+00
+20.45000E-03,+2.22112441E+00,+2.40963281E+00
+20.47500E-03,+2.33755020E+00,+2.53415528E+00
+20.50000E-03,+2.45893874E+00,+2.65041135E+00
+20.52500E-03,+2.59760134E+00,+2.77631637E+00
+20.55000E-03,+2.73651413E+00,+2.90317524E+00
+20.57500E-03,+2.85909561E+00,+3.01896649E+00
+20.60000E-03,+2.98541515E+00,+3.12959456E+00
+20.62500E-03,+3.12068552E+00,+3.23759697E+00
+20.65000E-03,+3.26418374E+00,+3.34041104E+00
+20.67500E-03,+3.38827258E+00,+3.43502128E+00
+20.70000E-03,+3.50325392E+00,+3.52414181E+00
+20.72500E-03,+3.63243141E+00,+3.61189299E+00
+20.75000E-03,+3.77787819E+00,+3.69620186E+00
+20.77500E-03,+3.93890224E+00,+3.77504591E+00
+20.80000E-03,+4.10834311E+00,+3.84855093E+00
+20.82500E-03,+4.27476864E+00,+3.91598791E+00
+20.85000E-03,+4.43061035E+00,+3.97760833E+00
+20.87500E-03,+4.59084940E+00,+4.03137686E+00
+20.90000E-03,+4.75639589E+00,+4.07888928E+00
+20.92500E-03,+4.92062363E+00,+4.12248221E+00
+20.95000E-03,+5.09147746E+00,+4.16395206E+00
+20.97500E-03,+5.26104369E+00,+4.20132629E+00
+21.00000E-03,+5.41748223E+00,+4.23382604E+00
+21.02500E-03,+5.56782771E+00,+4.25662737E+00
+21.05000E-03,+5.71895837E+00,+4.27623803E+00
+21.07500E-03,+5.87216162E+00,+4.30022051E+00
+21.10000E-03,+6.02508292E+00,+4.32316000E+00
+21.12500E-03,+6.17879047E+00,+4.33979331E+00
+21.15000E-03,+6.33560375E+00,+4.35412723E+00
+21.17500E-03,+6.46041603E+00,+4.37063509E+00
+21.20000E-03,+6.60115051E+00,+4.38859973E+00
+21.22500E-03,+6.73598207E+00,+4.40245641E+00
+21.25000E-03,+6.89109982E+00,+4.41535821E+00
+21.27500E-03,+7.02583591E+00,+4.42469245E+00
+21.30000E-03,+7.14706797E+00,+4.43403929E+00
+21.32500E-03,+7.26936589E+00,+4.44525785E+00
+21.35000E-03,+7.39059866E+00,+4.45691621E+00
+21.37500E-03,+7.53290269E+00,+4.46918990E+00
+21.40000E-03,+7.65042871E+00,+4.47799658E+00
+21.42500E-03,+7.78375149E+00,+4.48753172E+00
+21.45000E-03,+7.89898265E+00,+4.49392594E+00
+21.47500E-03,+8.02034015E+00,+4.50107432E+00
+21.50000E-03,+8.12728030E+00,+4.50656424E+00
+21.52500E-03,+8.25592487E+00,+4.51315986E+00
+21.55000E-03,+8.37772055E+00,+4.52035814E+00
+21.57500E-03,+8.50460461E+00,+4.52827278E+00
+21.60000E-03,+8.63949900E+00,+4.53598642E+00
+21.62500E-03,+8.75824801E+00,+4.54287073E+00
+21.65000E-03,+8.88667219E+00,+4.54966725E+00
+21.67500E-03,+8.99791447E+00,+4.55538323E+00
+21.70000E-03,+9.10001974E+00,+4.56064712E+00
+21.72500E-03,+9.20406999E+00,+4.56480537E+00
+21.75000E-03,+9.28949686E+00,+4.56868728E+00
+21.77500E-03,+9.38890039E+00,+4.57196607E+00
+21.80000E-03,+9.46496742E+00,+4.57441589E+00
+21.82500E-03,+9.55306488E+00,+4.57677770E+00
+21.85000E-03,+9.63321491E+00,+4.57935300E+00
+21.87500E-03,+9.70595524E+00,+4.58181531E+00
+21.90000E-03,+9.80425844E+00,+4.58412698E+00
+21.92500E-03,+9.90337932E+00,+4.58663947E+00
+21.95000E-03,+10.01939709E+00,+4.58952895E+00
+21.97500E-03,+10.13334200E+00,+4.59303394E+00
+22.00000E-03,+10.25856203E+00,+4.59676513E+00
+22.02500E-03,+10.39505719E+00,+4.60102397E+00
+22.05000E-03,+10.53783403E+00,+4.60533290E+00
+22.07500E-03,+10.69414703E+00,+4.61035814E+00
+22.10000E-03,+10.85413438E+00,+4.61616223E+00
+22.12500E-03,+11.01798516E+00,+4.62157673E+00
+22.15000E-03,+11.18519658E+00,+4.62663951E+00
+22.17500E-03,+11.35344398E+00,+4.63148872E+00
+22.20000E-03,+11.50981889E+00,+4.63636316E+00
+22.22500E-03,+11.66138915E+00,+4.63991829E+00
+22.25000E-03,+11.80928479E+00,+4.64331036E+00
+22.27500E-03,+11.95366330E+00,+4.64626270E+00
+22.30000E-03,+12.09505732E+00,+4.64920228E+00
+22.32500E-03,+12.23397037E+00,+4.65157662E+00
+22.35000E-03,+12.36836244E+00,+4.65279518E+00
+22.37500E-03,+12.49662741E+00,+4.65524496E+00
+22.40000E-03,+12.61930393E+00,+4.65696610E+00
+22.42500E-03,+12.74238755E+00,+4.65828516E+00
+22.45000E-03,+12.84885741E+00,+4.65916467E+00
+22.47500E-03,+12.96594256E+00,+4.66106158E+00
+22.50000E-03,+13.06650881E+00,+4.66253139E+00
+22.52500E-03,+13.19160312E+00,+4.66347357E+00
+22.55000E-03,+13.28638772E+00,+4.66484299E+00
+22.57500E-03,+13.38510096E+00,+4.66614948E+00
+22.60000E-03,+13.46317719E+00,+4.66724241E+00
+22.62500E-03,+13.53651428E+00,+4.66818462E+00
+22.65000E-03,+13.62853524E+00,+4.66851129E+00
+22.67500E-03,+13.69031297E+00,+4.66944090E+00
+22.70000E-03,+13.77837977E+00,+4.67114952E+00
+22.72500E-03,+13.85673913E+00,+4.67212938E+00
+22.75000E-03,+13.94370650E+00,+4.67302134E+00
+22.77500E-03,+14.02837830E+00,+4.67407655E+00
+22.80000E-03,+14.10193478E+00,+4.67516966E+00
+22.82500E-03,+14.19863750E+00,+4.67630028E+00
+22.85000E-03,+14.26936449E+00,+4.67721732E+00
+22.87500E-03,+14.35215510E+00,+4.67886302E+00
+22.90000E-03,+14.44552720E+00,+4.68025752E+00
+22.92500E-03,+14.54402096E+00,+4.68168965E+00
+22.95000E-03,+14.64128670E+00,+4.68353634E+00
+22.97500E-03,+14.71613003E+00,+4.68449123E+00
+23.00000E-03,+14.81870597E+00,+4.68583534E+00
+23.02500E-03,+14.91462324E+00,+4.68734291E+00
+23.05000E-03,+15.02963618E+00,+4.68874999E+00
+23.07500E-03,+15.14160217E+00,+4.69068470E+00
+23.10000E-03,+15.25516918E+00,+4.69157669E+00
+23.12500E-03,+15.35372529E+00,+4.69393843E+00
+23.15000E-03,+15.46616183E+00,+4.69582281E+00
+23.17500E-03,+15.57476819E+00,+4.69760677E+00
+23.20000E-03,+15.69386330E+00,+4.69930286E+00
+23.22500E-03,+15.81829826E+00,+4.70116201E+00
+23.25000E-03,+15.92831673E+00,+4.70248114E+00
+23.27500E-03,+16.04241793E+00,+4.70371237E+00
+23.30000E-03,+16.13440942E+00,+4.70552134E+00
+23.32500E-03,+16.23761248E+00,+4.70704144E+00
+23.35000E-03,+16.31223513E+00,+4.70793340E+00
+23.37500E-03,+16.40664552E+00,+4.70976757E+00
+23.40000E-03,+16.48657549E+00,+4.71010681E+00
+23.42500E-03,+16.56635029E+00,+4.71184040E+00
+23.45000E-03,+16.65717888E+00,+4.71244345E+00
+23.47500E-03,+16.73387505E+00,+4.71364948E+00
+23.50000E-03,+16.81839120E+00,+4.71422737E+00
+23.52500E-03,+16.88057629E+00,+4.71515695E+00
+23.55000E-03,+16.94012477E+00,+4.71578520E+00
+23.57500E-03,+17.01389962E+00,+4.71658918E+00
+23.60000E-03,+17.06810760E+00,+4.71748114E+00
+23.62500E-03,+17.11188948E+00,+4.71831033E+00
+23.65000E-03,+17.17253665E+00,+4.71915203E+00
+23.67500E-03,+17.22919485E+00,+4.71952888E+00
+23.70000E-03,+17.26838999E+00,+4.71990569E+00
+23.72500E-03,+17.29854084E+00,+4.72037059E+00
+23.75000E-03,+17.34178861E+00,+4.72094837E+00
+23.77500E-03,+17.39185133E+00,+4.72047094E+00
+23.80000E-03,+17.43644960E+00,+4.72136298E+00
+23.82500E-03,+17.47303795E+00,+4.72172730E+00
+23.85000E-03,+17.50676996E+00,+4.72168969E+00
+23.87500E-03,+17.55834050E+00,+4.72308408E+00
+23.90000E-03,+17.61173255E+00,+4.72314693E+00
+23.92500E-03,+17.66132398E+00,+4.72369977E+00
+23.95000E-03,+17.69640517E+00,+4.72346100E+00
+23.97500E-03,+17.74361079E+00,+4.72440322E+00
+24.00000E-03,+17.79483510E+00,+4.72471729E+00
+24.02500E-03,+17.84178909E+00,+4.72486812E+00
+24.05000E-03,+17.87881723E+00,+4.72532026E+00
+24.07500E-03,+17.92036893E+00,+4.72592339E+00
+24.10000E-03,+17.97501802E+00,+4.72597357E+00
+24.12500E-03,+18.01845301E+00,+4.72653882E+00
+24.15000E-03,+18.05391117E+00,+4.72695339E+00
+24.17500E-03,+18.07445090E+00,+4.72700376E+00
+24.20000E-03,+18.08748501E+00,+4.72778254E+00
+24.22500E-03,+18.10400511E+00,+4.72814701E+00
+24.25000E-03,+18.12052521E+00,+4.72754392E+00
+24.27500E-03,+18.14354676E+00,+4.72776997E+00
+24.30000E-03,+18.17278661E+00,+4.72800878E+00
+24.32500E-03,+18.20221548E+00,+4.72807152E+00
+24.35000E-03,+18.23057546E+00,+4.72843584E+00
+24.37500E-03,+18.24945109E+00,+4.72817210E+00
+24.40000E-03,+18.26465191E+00,+4.72822227E+00
+24.42500E-03,+18.27382267E+00,+4.72880020E+00
+24.45000E-03,+18.28129754E+00,+4.72881284E+00
+24.47500E-03,+18.28691930E+00,+4.72891330E+00
+24.50000E-03,+18.29294945E+00,+4.72873735E+00
+24.52500E-03,+18.29744076E+00,+4.72910167E+00
+24.55000E-03,+18.30413046E+00,+4.72883785E+00
+24.57500E-03,+18.31103991E+00,+4.72888810E+00
+24.60000E-03,+18.31697565E+00,+4.72862428E+00
+24.62500E-03,+18.32435639E+00,+4.72930267E+00
+24.65000E-03,+18.33560031E+00,+4.72856155E+00
+24.67500E-03,+18.34791205E+00,+4.72913943E+00
+24.70000E-03,+18.36540568E+00,+4.72853630E+00
+24.72500E-03,+18.38591457E+00,+4.72895088E+00
+24.75000E-03,+18.40460185E+00,+4.72930275E+00
+24.77500E-03,+18.42200116E+00,+4.72956657E+00
+24.80000E-03,+18.43519192E+00,+4.72934036E+00
+24.82500E-03,+18.44750348E+00,+4.72974241E+00
+24.85000E-03,+18.45661171E+00,+4.73005648E+00
+24.87500E-03,+18.46364660E+00,+4.72999371E+00
+24.90000E-03,+18.47288055E+00,+4.72942834E+00
+24.92500E-03,+18.47909886E+00,+4.72974241E+00
+24.95000E-03,+18.48443834E+00,+4.73005648E+00
+24.97500E-03,+18.49141042E+00,+4.72984299E+00
