x-axis,1
second,Volt
-25.00000E-03,-5.11573487E+00
-24.97500E-03,-5.07611175E+00
-24.95000E-03,-5.06441577E+00
-24.92500E-03,-5.03725497E+00
-24.90000E-03,-4.99771979E+00
-24.87500E-03,-4.98596100E+00
-24.85000E-03,-4.96452884E+00
-24.82500E-03,-4.92587306E+00
-24.80000E-03,-4.90789567E+00
-24.77500E-03,-4.89421477E+00
-24.75000E-03,-4.85109919E+00
-24.72500E-03,-4.82908914E+00
-24.70000E-03,-4.81596100E+00
-24.67500E-03,-4.77421476E+00
-24.65000E-03,-4.75028261E+00
-24.62500E-03,-4.73903889E+00
-24.60000E-03,-4.70582280E+00
-24.57500E-03,-4.67197859E+00
-24.55000E-03,-4.66156402E+00
-24.52500E-03,-4.63059667E+00
-24.50000E-03,-4.59331025E+00
-24.47500E-03,-4.58260673E+00
-24.45000E-03,-4.55426501E+00
-24.42500E-03,-4.51583537E+00
-24.40000E-03,-4.50304643E+00
-24.37500E-03,-4.48225496E+00
-24.35000E-03,-4.44058411E+00
-24.32500E-03,-4.42368713E+00
-24.30000E-03,-4.40354893E+00
-24.27500E-03,-4.36062180E+00
-24.25000E-03,-4.34368714E+00
-24.22500E-03,-4.32540822E+00
-24.20000E-03,-4.28261928E+00
-24.17500E-03,-4.26422733E+00
-24.15000E-03,-4.24831024E+00
-24.12500E-03,-4.20700370E+00
-24.10000E-03,-4.18540824E+00
-24.07500E-03,-4.17292079E+00
-24.05000E-03,-4.13299616E+00
-24.02500E-03,-4.10667708E+00
-24.00000E-03,-4.09607406E+00
-23.97500E-03,-4.06109918E+00
-23.95000E-03,-4.02862432E+00
-23.92500E-03,-4.01941577E+00
-23.90000E-03,-3.98803385E+00
-23.87500E-03,-3.95147607E+00
-23.85000E-03,-3.93916453E+00
-23.82500E-03,-3.91263183E+00
-23.80000E-03,-3.87293336E+00
-23.77500E-03,-3.86172734E+00
-23.75000E-03,-3.84249364E+00
-23.72500E-03,-3.79857405E+00
-23.70000E-03,-3.78246854E+00
-23.67500E-03,-3.76680270E+00
-23.65000E-03,-3.72793333E+00
-23.62500E-03,-3.70317206E+00
-23.60000E-03,-3.69329767E+00
-23.57500E-03,-3.65331021E+00
-23.55000E-03,-3.62558412E+00
-23.52500E-03,-3.61431527E+00
-23.50000E-03,-3.58382529E+00
-23.47500E-03,-3.54707909E+00
-23.45000E-03,-3.53626251E+00
-23.42500E-03,-3.50396348E+00
-23.40000E-03,-3.46704140E+00
-23.37500E-03,-3.45700373E+00
-23.35000E-03,-3.43084789E+00
-23.32500E-03,-3.39161426E+00
-23.30000E-03,-3.37670221E+00
-23.27500E-03,-3.35505646E+00
-23.25000E-03,-3.31391325E+00
-23.22500E-03,-3.29788312E+00
-23.20000E-03,-3.27719214E+00
-23.17500E-03,-3.23570973E+00
-23.15000E-03,-3.21960423E+00
-23.12500E-03,-3.20273233E+00
-23.10000E-03,-3.16167705E+00
-23.07500E-03,-3.14020724E+00
-23.05000E-03,-3.12692833E+00
-23.02500E-03,-3.08481776E+00
-23.00000E-03,-3.06039569E+00
-22.97500E-03,-3.05045848E+00
-22.95000E-03,-3.01372479E+00
-22.92500E-03,-2.98313437E+00
-22.90000E-03,-2.97211678E+00
-22.87500E-03,-2.93960418E+00
-22.85000E-03,-2.90377507E+00
-22.82500E-03,-2.89338563E+00
-22.80000E-03,-2.86072227E+00
-22.77500E-03,-2.82415195E+00
-22.75000E-03,-2.81429017E+00
-22.72500E-03,-2.79204137E+00
-22.70000E-03,-2.75014441E+00
-22.67500E-03,-2.73461680E+00
-22.65000E-03,-2.71509413E+00
-22.62500E-03,-2.67239314E+00
-22.60000E-03,-2.65572231E+00
-22.57500E-03,-2.63803384E+00
-22.55000E-03,-2.59809663E+00
-22.52500E-03,-2.57696604E+00
-22.50000E-03,-2.56516950E+00
-22.47500E-03,-2.52152627E+00
-22.45000E-03,-2.49730524E+00
-22.42500E-03,-2.48697857E+00
-22.40000E-03,-2.44814689E+00
-22.37500E-03,-2.41994342E+00
-22.35000E-03,-2.41016955E+00
-22.32500E-03,-2.37871221E+00
-22.30000E-03,-2.34111174E+00
-22.27500E-03,-2.32956653E+00
-22.25000E-03,-2.29632525E+00
-22.22500E-03,-2.26181528E+00
-22.20000E-03,-2.24902631E+00
-22.17500E-03,-2.21336042E+00
-22.15000E-03,-2.18117457E+00
-22.12500E-03,-2.16893839E+00
-22.10000E-03,-2.14114940E+00
-22.07500E-03,-2.10284541E+00
-22.05000E-03,-2.09077258E+00
-22.02500E-03,-2.06990569E+00
-22.00000E-03,-2.02810922E+00
-21.97500E-03,-2.01288313E+00
-21.95000E-03,-1.99809666E+00
-21.92500E-03,-1.95621222E+00
-21.90000E-03,-1.93406403E+00
-21.87500E-03,-1.91944087E+00
-21.85000E-03,-1.87902630E+00
-21.82500E-03,-1.85471730E+00
-21.80000E-03,-1.84254391E+00
-21.77500E-03,-1.80347351E+00
-21.75000E-03,-1.77528263E+00
-21.72500E-03,-1.76628763E+00
-21.70000E-03,-1.73263180E+00
-21.67500E-03,-1.69799618E+00
-21.65000E-03,-1.68785801E+00
-21.62500E-03,-1.65970466E+00
-21.60000E-03,-1.61961679E+00
-21.57500E-03,-1.60724241E+00
-21.55000E-03,-1.57537050E+00
-21.52500E-03,-1.53770722E+00
-21.50000E-03,-1.52697861E+00
-21.47500E-03,-1.50209159E+00
-21.45000E-03,-1.46236802E+00
-21.42500E-03,-1.44964192E+00
-21.40000E-03,-1.43478008E+00
-21.37500E-03,-1.39305890E+00
-21.35000E-03,-1.37112434E+00
-21.32500E-03,-1.35554639E+00
-21.30000E-03,-1.31383783E+00
-21.27500E-03,-1.29106151E+00
-21.25000E-03,-1.27496851E+00
-21.22500E-03,-1.23302124E+00
-21.20000E-03,-1.21158915E+00
-21.17500E-03,-1.19839818E+00
-21.15000E-03,-1.16004382E+00
-21.12500E-03,-1.13112434E+00
-21.10000E-03,-1.12387553E+00
-21.07500E-03,-1.08539558E+00
-21.05000E-03,-1.05450370E+00
-21.02500E-03,-1.04327257E+00
-21.00000E-03,-1.01554636E+00
-20.97500E-03,-977.29264E-03
-20.95000E-03,-965.48364E-03
-20.92500E-03,-945.55895E-03
-20.90000E-03,-901.27501E-03
-20.87500E-03,-885.83539E-03
-20.85000E-03,-858.71216E-03
-20.82500E-03,-820.40822E-03
-20.80000E-03,-805.37056E-03
-20.77500E-03,-785.01875E-03
-20.75000E-03,-741.92829E-03
-20.72500E-03,-726.16202E-03
-20.70000E-03,-711.99112E-03
-20.67500E-03,-669.47852E-03
-20.65000E-03,-647.46857E-03
-20.62500E-03,-634.26496E-03
-20.60000E-03,-592.63179E-03
-20.57500E-03,-568.39822E-03
-20.55000E-03,-560.23237E-03
-20.52500E-03,-526.35038E-03
-20.50000E-03,-491.61428E-03
-20.47500E-03,-481.76502E-03
-20.45000E-03,-452.79510E-03
-20.42500E-03,-413.66199E-03
-20.40000E-03,-401.60174E-03
-20.37500E-03,-375.09412E-03
-20.35000E-03,-335.63436E-03
-20.32500E-03,-322.58164E-03
-20.30000E-03,-302.02879E-03
-20.27500E-03,-260.20719E-03
-20.25000E-03,-243.87559E-03
-20.22500E-03,-232.04137E-03
-20.20000E-03,-191.75239E-03
-20.17500E-03,-166.14948E-03
-20.15000E-03,-155.20722E-03
-20.12500E-03,-117.80764E-03
-20.10000E-03,-88.13436E-03
-20.07500E-03,-78.56153E-03
-20.05000E-03,-50.81013E-03
-20.02500E-03,-11.43839E-03
-20.00000E-03,-785.15E-06
-19.97500E-03,+22.11698E-03
-19.95000E-03,+62.98378E-03
-19.92500E-03,+77.64451E-03
-19.90000E-03,+92.66968E-03
-19.87500E-03,+132.50643E-03
-19.85000E-03,+156.33797E-03
-19.82500E-03,+166.67719E-03
-19.80000E-03,+207.29288E-03
-19.77500E-03,+233.87567E-03
-19.75000E-03,+243.05909E-03
-19.72500E-03,+272.73256E-03
-19.70000E-03,+311.46363E-03
-19.67500E-03,+322.87062E-03
-19.65000E-03,+351.32553E-03
-19.62500E-03,+390.42094E-03
-19.60000E-03,+401.91585E-03
-19.57500E-03,+429.67983E-03
-19.55000E-03,+468.20987E-03
-19.52500E-03,+481.81536E-03
-19.50000E-03,+502.35563E-03
-19.47500E-03,+545.27021E-03
-19.45000E-03,+560.40832E-03
-19.42500E-03,+574.90588E-03
-19.40000E-03,+617.40589E-03
-19.37500E-03,+638.34802E-03
-19.35000E-03,+651.26263E-03
-19.32500E-03,+690.20743E-03
-19.30000E-03,+718.02139E-03
-19.27500E-03,+732.74506E-03
-19.25000E-03,+773.83805E-03
-19.22500E-03,+798.29776E-03
-19.20000E-03,+806.97867E-03
-19.17500E-03,+844.31550E-03
-19.15000E-03,+876.50131E-03
-19.12500E-03,+886.02390E-03
-19.10000E-03,+915.39589E-03
-19.07500E-03,+954.91839E-03
-19.05000E-03,+964.59171E-03
-19.02500E-03,+988.08430E-03
-19.00000E-03,+1.02911441E+00
-18.97500E-03,+1.04446610E+00
-18.95000E-03,+1.06753155E+00
-18.92500E-03,+1.10989330E+00
-18.90000E-03,+1.12500633E+00
-18.87500E-03,+1.14349889E+00
-18.85000E-03,+1.18586067E+00
-18.82500E-03,+1.20234301E+00
-18.80000E-03,+1.21582297E+00
-18.77500E-03,+1.25431550E+00
-18.75000E-03,+1.28093595E+00
-18.72500E-03,+1.29400132E+00
-18.70000E-03,+1.33294618E+00
-18.67500E-03,+1.36104900E+00
-18.65000E-03,+1.36956667E+00
-18.62500E-03,+1.40455419E+00
-18.60000E-03,+1.43750633E+00
-18.57500E-03,+1.44866208E+00
-18.55000E-03,+1.47643860E+00
-18.52500E-03,+1.51641341E+00
-18.50000E-03,+1.52748116E+00
-18.47500E-03,+1.55364970E+00
-18.45000E-03,+1.59386313E+00
-18.42500E-03,+1.60702892E+00
-18.40000E-03,+1.62794616E+00
-18.37500E-03,+1.66749384E+00
-18.35000E-03,+1.68572240E+00
-18.32500E-03,+1.70048379E+00
-18.30000E-03,+1.74268232E+00
-18.27500E-03,+1.76390077E+00
-18.25000E-03,+1.77572244E+00
-18.22500E-03,+1.81583558E+00
-18.20000E-03,+1.84387563E+00
-18.17500E-03,+1.85820989E+00
-18.15000E-03,+1.90010694E+00
-18.12500E-03,+1.92383797E+00
-18.10000E-03,+1.93259424E+00
-18.07500E-03,+1.97016979E+00
-18.05000E-03,+2.00228020E+00
-18.02500E-03,+2.01273247E+00
-18.00000E-03,+2.04676525E+00
-17.97500E-03,+2.08132541E+00
-17.95000E-03,+2.09215455E+00
-17.92500E-03,+2.12298386E+00
-17.90000E-03,+2.15941590E+00
-17.87500E-03,+2.17069724E+00
-17.85000E-03,+2.19579790E+00
-17.82500E-03,+2.23681541E+00
-17.80000E-03,+2.25024500E+00
-17.77500E-03,+2.27004412E+00
-17.75000E-03,+2.31246873E+00
-17.72500E-03,+2.32866209E+00
-17.70000E-03,+2.34397624E+00
-17.67500E-03,+2.38532048E+00
-17.65000E-03,+2.40705406E+00
-17.62500E-03,+2.41956663E+00
-17.60000E-03,+2.45843615E+00
-17.57500E-03,+2.48661433E+00
-17.55000E-03,+2.49588577E+00
-17.52500E-03,+2.53122506E+00
-17.50000E-03,+2.56359928E+00
-17.47500E-03,+2.57339824E+00
-17.45000E-03,+2.60266974E+00
-17.42500E-03,+2.63959181E+00
-17.40000E-03,+2.65261934E+00
-17.37500E-03,+2.67189093E+00
-17.35000E-03,+2.71554657E+00
-17.32500E-03,+2.73042087E+00
-17.30000E-03,+2.75084817E+00
-17.27500E-03,+2.79067223E+00
-17.25000E-03,+2.81001887E+00
-17.22500E-03,+2.82459183E+00
-17.20000E-03,+2.86666476E+00
-17.17500E-03,+2.88974247E+00
-17.15000E-03,+2.89978021E+00
-17.12500E-03,+2.93922763E+00
-17.10000E-03,+2.96716711E+00
-17.07500E-03,+2.97493091E+00
-17.05000E-03,+2.99680295E+00
-17.02500E-03,+3.03942851E+00
-17.00000E-03,+3.05417716E+00
-16.97500E-03,+3.07382552E+00
-16.95000E-03,+3.11602402E+00
-16.92500E-03,+3.13244350E+00
-16.90000E-03,+3.14824759E+00
-16.87500E-03,+3.19111193E+00
-16.85000E-03,+3.21132537E+00
-16.82500E-03,+3.22721744E+00
-16.80000E-03,+3.26715468E+00
-16.77500E-03,+3.29155150E+00
-16.75000E-03,+3.30511950E+00
-16.72500E-03,+3.34726774E+00
-16.70000E-03,+3.37147613E+00
-16.67500E-03,+3.38168976E+00
-16.65000E-03,+3.41903915E+00
-16.62500E-03,+3.44940330E+00
-16.60000E-03,+3.45890079E+00
-16.57500E-03,+3.48888841E+00
-16.55000E-03,+3.52668978E+00
-16.52500E-03,+3.53809673E+00
-16.50000E-03,+3.56353661E+00
-16.47500E-03,+3.60391340E+00
-16.45000E-03,+3.61694094E+00
-16.42500E-03,+3.63395113E+00
-16.40000E-03,+3.67626274E+00
-16.37500E-03,+3.69444096E+00
-16.35000E-03,+3.70944108E+00
-16.32500E-03,+3.74798394E+00
-16.30000E-03,+3.77307159E+00
-16.27500E-03,+3.77913946E+00
-16.25000E-03,+3.80606177E+00
-16.22500E-03,+3.84547121E+00
-16.20000E-03,+3.85823494E+00
-16.17500E-03,+3.88274516E+00
-16.15000E-03,+3.92249386E+00
-16.12500E-03,+3.93834799E+00
-16.10000E-03,+3.95511958E+00
-16.07500E-03,+3.99864973E+00
-16.05000E-03,+4.01488064E+00
-16.02500E-03,+4.02785814E+00
-16.00000E-03,+4.06598637E+00
-15.97500E-03,+4.09411434E+00
-15.95000E-03,+4.10412693E+00
-15.92500E-03,+4.13817229E+00
-15.90000E-03,+4.17310938E+00
-15.87500E-03,+4.18106155E+00
-15.85000E-03,+4.20810959E+00
-15.82500E-03,+4.24586064E+00
-15.80000E-03,+4.25949120E+00
-15.77500E-03,+4.27408929E+00
-15.75000E-03,+4.31630043E+00
-15.72500E-03,+4.33741834E+00
-15.70000E-03,+4.34912697E+00
-15.67500E-03,+4.38893864E+00
-15.65000E-03,+4.41623743E+00
-15.62500E-03,+4.42635065E+00
-15.60000E-03,+4.46312208E+00
-15.57500E-03,+4.49528270E+00
-15.55000E-03,+4.50444096E+00
-15.52500E-03,+4.53668992E+00
-15.50000E-03,+4.57314702E+00
-15.47500E-03,+4.58250627E+00
-15.45000E-03,+4.60573511E+00
-15.42500E-03,+4.64714209E+00
-15.40000E-03,+4.66146359E+00
-15.37500E-03,+4.67911447E+00
-15.35000E-03,+4.71936574E+00
-15.32500E-03,+4.73878771E+00
-15.30000E-03,+4.75130033E+00
-15.27500E-03,+4.78969244E+00
-15.25000E-03,+4.81730528E+00
-15.22500E-03,+4.82701638E+00
-15.20000E-03,+4.85947886E+00
-15.17500E-03,+4.89476763E+00
-15.15000E-03,+4.90552137E+00
-15.12500E-03,+4.93709191E+00
-15.10000E-03,+4.97265714E+00
-15.07500E-03,+4.98444092E+00
-15.05000E-03,+5.00187839E+00
-15.02500E-03,+5.04402650E+00
-15.00000E-03,+5.05983036E+00
-14.97500E-03,+5.04999349E+00
-14.95000E-03,+5.01153864E+00
-14.92500E-03,+4.98613683E+00
-14.90000E-03,+4.97744332E+00
-14.87500E-03,+4.94814656E+00
-14.85000E-03,+4.90861166E+00
-14.82500E-03,+4.89803381E+00
-14.80000E-03,+4.86452847E+00
-14.77500E-03,+4.82966692E+00
-14.75000E-03,+4.81856144E+00
-14.72500E-03,+4.79454115E+00
-14.70000E-03,+4.75361156E+00
-14.67500E-03,+4.73970465E+00
-14.65000E-03,+4.72235526E+00
-14.62500E-03,+4.68030747E+00
-14.60000E-03,+4.66222978E+00
-14.57500E-03,+4.64643813E+00
-14.55000E-03,+4.60521957E+00
-14.52500E-03,+4.58280771E+00
-14.50000E-03,+4.57283281E+00
-14.47500E-03,+4.53455371E+00
-14.45000E-03,+4.50397602E+00
-14.42500E-03,+4.49300860E+00
-14.40000E-03,+4.45741798E+00
-14.37500E-03,+4.42415191E+00
-14.35000E-03,+4.41455390E+00
-14.32500E-03,+4.38087278E+00
-14.30000E-03,+4.34538300E+00
-14.27500E-03,+4.33584789E+00
-14.25000E-03,+4.30738033E+00
-14.22500E-03,+4.26758150E+00
-14.20000E-03,+4.25714190E+00
-14.17500E-03,+4.23794569E+00
-14.15000E-03,+4.19582261E+00
-14.12500E-03,+4.17892573E+00
-14.10000E-03,+4.16387535E+00
-14.07500E-03,+4.12230501E+00
-14.05000E-03,+4.10018207E+00
-14.02500E-03,+4.08725483E+00
-14.00000E-03,+4.04626225E+00
-13.97500E-03,+4.02078511E+00
-13.95000E-03,+4.01094834E+00
-13.92500E-03,+3.97500595E+00
-13.90000E-03,+3.94224229E+00
-13.87500E-03,+3.93288305E+00
-13.85000E-03,+3.90020689E+00
-13.82500E-03,+3.86428999E+00
-13.80000E-03,+3.85280764E+00
-13.77500E-03,+3.82594804E+00
-13.75000E-03,+3.78501867E+00
-13.72500E-03,+3.77474235E+00
-13.70000E-03,+3.76059641E+00
-13.67500E-03,+3.71838535E+00
-13.65000E-03,+3.69758149E+00
-13.62500E-03,+3.68363668E+00
-13.60000E-03,+3.64628727E+00
-13.57500E-03,+3.61890064E+00
-13.55000E-03,+3.60979258E+00
-13.52500E-03,+3.57229226E+00
-13.50000E-03,+3.54054635E+00
-13.47500E-03,+3.53037039E+00
-13.45000E-03,+3.49825967E+00
-13.42500E-03,+3.46166437E+00
-13.40000E-03,+3.45082276E+00
-13.37500E-03,+3.42270697E+00
-13.35000E-03,+3.38349847E+00
-13.32500E-03,+3.37238059E+00
-13.30000E-03,+3.34986764E+00
-13.27500E-03,+3.30763165E+00
-13.25000E-03,+3.29224238E+00
-13.22500E-03,+3.26790797E+00
-13.20000E-03,+3.22594827E+00
-13.17500E-03,+3.21175244E+00
-13.15000E-03,+3.18788283E+00
-13.12500E-03,+3.14557138E+00
-13.10000E-03,+3.13184035E+00
-13.07500E-03,+3.11196582E+00
-13.05000E-03,+3.06941557E+00
-13.02500E-03,+3.05273229E+00
-13.00000E-03,+3.03388785E+00
-12.97500E-03,+2.99011909E+00
-12.95000E-03,+2.97396349E+00
-12.92500E-03,+2.96558401E+00
-12.90000E-03,+2.92751846E+00
-12.87500E-03,+2.89626247E+00
-12.85000E-03,+2.88681518E+00
-12.82500E-03,+2.85328484E+00
-12.80000E-03,+2.81755631E+00
-12.77500E-03,+2.80712927E+00
-12.75000E-03,+2.77635013E+00
-12.72500E-03,+2.73852369E+00
-12.70000E-03,+2.72756893E+00
-12.67500E-03,+2.69714155E+00
-12.65000E-03,+2.65879996E+00
-12.62500E-03,+2.64827256E+00
-12.60000E-03,+2.62465411E+00
-12.57500E-03,+2.58226735E+00
-12.55000E-03,+2.56970467E+00
-12.52500E-03,+2.54972962E+00
-12.50000E-03,+2.50926474E+00
-12.47500E-03,+2.48971720E+00
-12.45000E-03,+2.47273215E+00
-12.42500E-03,+2.43255615E+00
-12.40000E-03,+2.41074734E+00
-12.37500E-03,+2.39795821E+00
-12.35000E-03,+2.35374969E+00
-12.32500E-03,+2.33224241E+00
-12.30000E-03,+2.31925224E+00
-12.27500E-03,+2.28106119E+00
-12.25000E-03,+2.25191575E+00
-12.22500E-03,+2.24314678E+00
-12.20000E-03,+2.20503093E+00
-12.17500E-03,+2.17206639E+00
-12.15000E-03,+2.16352376E+00
-12.12500E-03,+2.12867412E+00
-12.10000E-03,+2.09495587E+00
-12.07500E-03,+2.08377493E+00
-12.05000E-03,+2.05266918E+00
-12.02500E-03,+2.01421461E+00
-12.00000E-03,+2.00317201E+00
-11.97500E-03,+1.97210387E+00
-11.95000E-03,+1.93542064E+00
-11.92500E-03,+1.92449112E+00
-11.90000E-03,+1.89930242E+00
-11.87500E-03,+1.85851112E+00
-11.85000E-03,+1.84357401E+00
-11.82500E-03,+1.81513154E+00
-11.80000E-03,+1.77548347E+00
-11.77500E-03,+1.76395096E+00
-11.75000E-03,+1.73960392E+00
-11.72500E-03,+1.69778245E+00
-11.70000E-03,+1.68474238E+00
-11.67500E-03,+1.66305871E+00
-11.65000E-03,+1.62034523E+00
-11.62500E-03,+1.60537048E+00
-11.60000E-03,+1.58724216E+00
-11.57500E-03,+1.54318440E+00
-11.55000E-03,+1.52606148E+00
-11.52500E-03,+1.50784518E+00
-11.50000E-03,+1.46579742E+00
-11.47500E-03,+1.44583532E+00
-11.45000E-03,+1.42891301E+00
-11.42500E-03,+1.38509391E+00
-11.40000E-03,+1.36581022E+00
-11.37500E-03,+1.35329749E+00
-11.35000E-03,+1.31264408E+00
-11.32500E-03,+1.28665189E+00
-11.30000E-03,+1.27338543E+00
-11.27500E-03,+1.23579728E+00
-11.25000E-03,+1.20650121E+00
-11.22500E-03,+1.19741819E+00
-11.20000E-03,+1.16232988E+00
-11.17500E-03,+1.12913926E+00
-11.15000E-03,+1.11886290E+00
-11.12500E-03,+1.08407620E+00
-11.10000E-03,+1.04991818E+00
-11.07500E-03,+1.03707899E+00
-11.05000E-03,+1.00601089E+00
-11.02500E-03,+968.72467E-03
-11.00000E-03,+959.39062E-03
-10.97500E-03,+930.49573E-03
-10.95000E-03,+890.77243E-03
-10.92500E-03,+879.70470E-03
-10.90000E-03,+853.66157E-03
-10.87500E-03,+814.79246E-03
-10.85000E-03,+799.85548E-03
-10.82500E-03,+781.07382E-03
-10.80000E-03,+737.79491E-03
-10.77500E-03,+719.81772E-03
-10.75000E-03,+696.51347E-03
-10.72500E-03,+653.33512E-03
-10.70000E-03,+639.64189E-03
-10.67500E-03,+620.14416E-03
-10.65000E-03,+577.78239E-03
-10.62500E-03,+561.71470E-03
-10.60000E-03,+546.27485E-03
-10.57500E-03,+504.21447E-03
-10.55000E-03,+482.06652E-03
-10.52500E-03,+468.57388E-03
-10.50000E-03,+427.92046E-03
-10.47500E-03,+402.05391E-03
-10.45000E-03,+388.32268E-03
-10.42500E-03,+346.41285E-03
-10.40000E-03,+321.65194E-03
-10.37500E-03,+307.69447E-03
-10.35000E-03,+265.72201E-03
-10.32500E-03,+241.55145E-03
-10.30000E-03,+231.95337E-03
-10.27500E-03,+196.42550E-03
-10.25000E-03,+163.09660E-03
-10.22500E-03,+153.19709E-03
-10.20000E-03,+119.34006E-03
-10.17500E-03,+83.36045E-03
-10.15000E-03,+75.27005E-03
-10.12500E-03,+47.45565E-03
-10.10000E-03,+8.43563E-03
-10.07500E-03,-4.21487E-03
-10.05000E-03,-23.03435E-03
-10.02500E-03,-66.42617E-03
-10.00000E-03,-81.50138E-03
-9.97500E-03,-99.10212E-03
-9.95000E-03,-140.98653E-03
-9.92500E-03,-161.80287E-03
-9.90000E-03,-176.35079E-03
-9.87500E-03,-215.92377E-03
-9.85000E-03,-241.12444E-03
-9.82500E-03,-248.87573E-03
-9.80000E-03,-287.30585E-03
-9.77500E-03,-318.39839E-03
-9.75000E-03,-328.98887E-03
-9.72500E-03,-359.83075E-03
-9.70000E-03,-396.89088E-03
-9.67500E-03,-409.13956E-03
-9.65000E-03,-439.81828E-03
-9.62500E-03,-478.42358E-03
-9.60000E-03,-487.51889E-03
-9.57500E-03,-516.40133E-03
-9.55000E-03,-555.64715E-03
-9.52500E-03,-567.23002E-03
-9.50000E-03,-583.70004E-03
-9.47500E-03,-629.32821E-03
-9.45000E-03,-645.50891E-03
-9.42500E-03,-663.54937E-03
-9.40000E-03,-708.12216E-03
-9.37500E-03,-724.40340E-03
-9.35000E-03,-740.47139E-03
-9.32500E-03,-782.11721E-03
-9.30000E-03,-804.69229E-03
-9.27500E-03,-819.13973E-03
-9.25000E-03,-860.39614E-03
-9.22500E-03,-885.33303E-03
-9.20000E-03,-904.75530E-03
-9.17500E-03,-947.84580E-03
-9.15000E-03,-966.42599E-03
-9.12500E-03,-979.74276E-03
-9.10000E-03,-1.02140118E+00
-9.07500E-03,-1.04532046E+00
-9.05000E-03,-1.05756927E+00
-9.02500E-03,-1.09826048E+00
-9.00000E-03,-1.12452894E+00
-8.97500E-03,-1.13574764E+00
-8.95000E-03,-1.17422778E+00
-8.92500E-03,-1.20480533E+00
-8.90000E-03,-1.21543358E+00
-8.87500E-03,-1.25103699E+00
-8.85000E-03,-1.28417728E+00
-8.82500E-03,-1.29586084E+00
-8.80000E-03,-1.33407706E+00
-8.77500E-03,-1.36377525E+00
-8.75000E-03,-1.37704168E+00
-8.72500E-03,-1.41522026E+00
-8.70000E-03,-1.44474266E+00
-8.67500E-03,-1.45390088E+00
-8.65000E-03,-1.48028330E+00
-8.62500E-03,-1.52189089E+00
-8.60000E-03,-1.53202903E+00
-8.57500E-03,-1.55797161E+00
-8.55000E-03,-1.59823521E+00
-8.52500E-03,-1.61421495E+00
-8.50000E-03,-1.64117505E+00
-8.47500E-03,-1.68170251E+00
-8.45000E-03,-1.69322246E+00
-8.42500E-03,-1.71621263E+00
-8.40000E-03,-1.76030818E+00
-8.37500E-03,-1.77245608E+00
-8.35000E-03,-1.79455457E+00
-8.32500E-03,-1.83603671E+00
-8.30000E-03,-1.85332290E+00
-8.27500E-03,-1.86983069E+00
-8.25000E-03,-1.91359959E+00
-8.22500E-03,-1.93284561E+00
-8.20000E-03,-1.95130059E+00
-8.17500E-03,-1.99377542E+00
-8.15000E-03,-2.01112451E+00
-8.12500E-03,-2.02528308E+00
-8.10000E-03,-2.06676554E+00
-8.07500E-03,-2.09020732E+00
-8.05000E-03,-2.10104913E+00
-8.02500E-03,-2.14042129E+00
-8.00000E-03,-2.17032038E+00
-7.97500E-03,-2.18067234E+00
-7.95000E-03,-2.21994390E+00
-7.92500E-03,-2.25008174E+00
-7.90000E-03,-2.26270747E+00
-7.87500E-03,-2.30329822E+00
-7.85000E-03,-2.33132543E+00
-7.82500E-03,-2.34529552E+00
-7.80000E-03,-2.38751926E+00
-7.77500E-03,-2.41184049E+00
-7.75000E-03,-2.42383811E+00
-7.72500E-03,-2.46349921E+00
-7.70000E-03,-2.49162690E+00
-7.67500E-03,-2.50114971E+00
-7.65000E-03,-2.53726818E+00
-7.62500E-03,-2.57113711E+00
-7.60000E-03,-2.58074766E+00
-7.57500E-03,-2.61424043E+00
-7.55000E-03,-2.64812205E+00
-7.52500E-03,-2.65978031E+00
-7.50000E-03,-2.68922801E+00
-7.47500E-03,-2.72964230E+00
-7.45000E-03,-2.74014456E+00
-7.42500E-03,-2.76898931E+00
-7.40000E-03,-2.80901399E+00
-7.37500E-03,-2.81887565E+00
-7.35000E-03,-2.84326051E+00
-7.32500E-03,-2.88426539E+00
-7.30000E-03,-2.89912694E+00
-7.27500E-03,-2.92147655E+00
-7.25000E-03,-2.96397647E+00
-7.22500E-03,-2.97910178E+00
-7.20000E-03,-3.00055958E+00
-7.17500E-03,-3.04358712E+00
-7.15000E-03,-3.05789582E+00
-7.12500E-03,-3.07635104E+00
-7.10000E-03,-3.11807193E+00
-7.07500E-03,-3.13729286E+00
-7.05000E-03,-3.15270768E+00
-7.02500E-03,-3.19758211E+00
-7.00000E-03,-3.21680281E+00
-6.97500E-03,-3.22990599E+00
-6.95000E-03,-3.27258204E+00
-6.92500E-03,-3.29680288E+00
-6.90000E-03,-3.31035833E+00
-6.87500E-03,-3.35285834E+00
-6.85000E-03,-3.37621233E+00
-6.82500E-03,-3.39073517E+00
-6.80000E-03,-3.43160223E+00
-6.77500E-03,-3.45697870E+00
-6.75000E-03,-3.46799645E+00
-6.72500E-03,-3.50655195E+00
-6.70000E-03,-3.53648881E+00
-6.67500E-03,-3.54746872E+00
-6.65000E-03,-3.58679071E+00
-6.62500E-03,-3.61630031E+00
-6.60000E-03,-3.62763204E+00
-6.57500E-03,-3.66398912E+00
-6.55000E-03,-3.69646370E+00
-6.52500E-03,-3.70558425E+00
-6.50000E-03,-3.73853689E+00
-6.47500E-03,-3.77456673E+00
-6.45000E-03,-3.78455411E+00
-6.42500E-03,-3.81231839E+00
-6.40000E-03,-3.85290855E+00
-6.37500E-03,-3.86353653E+00
-6.35000E-03,-3.88589863E+00
-6.32500E-03,-3.92584838E+00
-6.30000E-03,-3.94328522E+00
-6.27500E-03,-3.96228069E+00
-6.25000E-03,-4.00895124E+00
-6.22500E-03,-4.02378780E+00
-6.20000E-03,-4.04050927E+00
-6.17500E-03,-4.08356192E+00
-6.15000E-03,-4.10158931E+00
-6.12500E-03,-4.11780808E+00
-6.10000E-03,-4.15736861E+00
-6.07500E-03,-4.18094849E+00
-6.05000E-03,-4.19235575E+00
-6.02500E-03,-4.23594912E+00
-6.00000E-03,-4.26070981E+00
-5.97500E-03,-4.27292120E+00
-5.95000E-03,-4.31225548E+00
-5.92500E-03,-4.34074754E+00
-5.90000E-03,-4.35552165E+00
-5.87500E-03,-4.39324797E+00
-5.85000E-03,-4.42162697E+00
-5.82500E-03,-4.43407688E+00
-5.80000E-03,-4.47319783E+00
-5.77500E-03,-4.50156422E+00
-5.75000E-03,-4.51152654E+00
-5.72500E-03,-4.54905201E+00
-5.70000E-03,-4.58065963E+00
-5.67500E-03,-4.59127532E+00
-5.65000E-03,-4.62807205E+00
-5.62500E-03,-4.66127517E+00
-5.60000E-03,-4.67108680E+00
-5.57500E-03,-4.70476808E+00
-5.55000E-03,-4.73986822E+00
-5.52500E-03,-4.74991843E+00
-5.50000E-03,-4.77917764E+00
-5.47500E-03,-4.81818485E+00
-5.45000E-03,-4.82935307E+00
-5.42500E-03,-4.85623788E+00
-5.40000E-03,-4.89779545E+00
-5.37500E-03,-4.90907666E+00
-5.35000E-03,-4.93150173E+00
-5.32500E-03,-4.97359947E+00
-5.30000E-03,-4.98765713E+00
-5.27500E-03,-5.00462971E+00
-5.25000E-03,-5.04858704E+00
-5.22500E-03,-5.06696622E+00
-5.20000E-03,-5.08499411E+00
-5.17500E-03,-5.12739356E+00
-5.15000E-03,-5.14612441E+00
-5.12500E-03,-5.15788333E+00
-5.10000E-03,-5.19638883E+00
-5.07500E-03,-5.22516959E+00
-5.05000E-03,-5.22486787E+00
-5.02500E-03,-5.19908860E+00
-5.00000E-03,-5.16096061E+00
-4.97500E-03,-5.14716683E+00
-4.95000E-03,-5.13006862E+00
-4.92500E-03,-5.09035737E+00
-4.90000E-03,-5.06895078E+00
-4.87500E-03,-5.05474193E+00
-4.85000E-03,-5.01016911E+00
-4.82500E-03,-4.99049615E+00
-4.80000E-03,-4.97813404E+00
-4.77500E-03,-4.94378712E+00
-4.75000E-03,-4.91152620E+00
-4.72500E-03,-4.90361160E+00
-4.70000E-03,-4.87209092E+00
-4.67500E-03,-4.83268176E+00
-4.65000E-03,-4.82411424E+00
-4.62500E-03,-4.79494272E+00
-4.60000E-03,-4.75715427E+00
-4.57500E-03,-4.74446597E+00
-4.55000E-03,-4.72437755E+00
-4.52500E-03,-4.68172689E+00
-4.50000E-03,-4.66516936E+00
-4.47500E-03,-4.64759371E+00
-4.45000E-03,-4.60553346E+00
-4.42500E-03,-4.58666440E+00
-4.40000E-03,-4.57166409E+00
-4.37500E-03,-4.52905100E+00
-4.35000E-03,-4.50784538E+00
-4.32500E-03,-4.49518191E+00
-4.30000E-03,-4.45645043E+00
-4.27500E-03,-4.42838552E+00
-4.25000E-03,-4.41711643E+00
-4.22500E-03,-4.37793291E+00
-4.20000E-03,-4.34804621E+00
-4.17500E-03,-4.33758142E+00
-4.15000E-03,-4.30112373E+00
-4.12500E-03,-4.26831013E+00
-4.10000E-03,-4.25859899E+00
-4.07500E-03,-4.22482982E+00
-4.05000E-03,-4.18941546E+00
-4.02500E-03,-4.18113687E+00
-4.00000E-03,-4.15310868E+00
-3.97500E-03,-4.11310894E+00
-3.95000E-03,-4.10088562E+00
-3.92500E-03,-4.07942786E+00
-3.90000E-03,-4.03754350E+00
-3.87500E-03,-4.02233015E+00
-3.85000E-03,-4.00614900E+00
-3.82500E-03,-3.96540755E+00
-3.80000E-03,-3.94377490E+00
-3.77500E-03,-3.92961622E+00
-3.75000E-03,-3.88646305E+00
-3.72500E-03,-3.86415187E+00
-3.70000E-03,-3.85486772E+00
-3.67500E-03,-3.81588504E+00
-3.65000E-03,-3.78640055E+00
-3.62500E-03,-3.77722963E+00
-3.60000E-03,-3.74739243E+00
-3.57500E-03,-3.70862395E+00
-3.55000E-03,-3.69873738E+00
-3.52500E-03,-3.67405069E+00
-3.50000E-03,-3.63439035E+00
-3.47500E-03,-3.61905137E+00
-3.45000E-03,-3.60084745E+00
-3.42500E-03,-3.55799574E+00
-3.40000E-03,-3.53952862E+00
-3.37500E-03,-3.52308372E+00
-3.35000E-03,-3.47902573E+00
-3.32500E-03,-3.46087289E+00
-3.30000E-03,-3.44799562E+00
-3.27500E-03,-3.40574686E+00
-3.25000E-03,-3.38238053E+00
-3.22500E-03,-3.36942809E+00
-3.20000E-03,-3.33018145E+00
-3.17500E-03,-3.30253125E+00
-3.15000E-03,-3.29123706E+00
-3.12500E-03,-3.25423912E+00
-3.10000E-03,-3.22290802E+00
-3.07500E-03,-3.21388797E+00
-3.05000E-03,-3.18116145E+00
-3.02500E-03,-3.14524470E+00
-3.00000E-03,-3.13514425E+00
-2.97500E-03,-3.10585991E+00
-2.95000E-03,-3.06612405E+00
-2.92500E-03,-3.05560923E+00
-2.90000E-03,-3.03351076E+00
-2.87500E-03,-2.99293296E+00
-2.85000E-03,-2.97646343E+00
-2.82500E-03,-2.95823436E+00
-2.80000E-03,-2.91516905E+00
-2.77500E-03,-2.89671460E+00
-2.75000E-03,-2.88030731E+00
-2.72500E-03,-2.83589778E+00
-2.70000E-03,-2.81810904E+00
-2.67500E-03,-2.80668924E+00
-2.65000E-03,-2.76578439E+00
-2.62500E-03,-2.73947853E+00
-2.60000E-03,-2.72908879E+00
-2.57500E-03,-2.69039508E+00
-2.55000E-03,-2.66025739E+00
-2.52500E-03,-2.64952861E+00
-2.50000E-03,-2.61793261E+00
-2.47500E-03,-2.58067172E+00
-2.45000E-03,-2.57131265E+00
-2.42500E-03,-2.54239230E+00
-2.40000E-03,-2.50243060E+00
-2.37500E-03,-2.49274490E+00
-2.35000E-03,-2.46858599E+00
-2.32500E-03,-2.42972947E+00
-2.30000E-03,-2.41398844E+00
-2.27500E-03,-2.39780736E+00
-2.25000E-03,-2.35379961E+00
-2.22500E-03,-2.33459153E+00
-2.20000E-03,-2.31505577E+00
-2.17500E-03,-2.26906334E+00
-2.15000E-03,-2.25302110E+00
-2.12500E-03,-2.23194022E+00
-2.10000E-03,-2.19185244E+00
-2.07500E-03,-2.17403871E+00
-2.05000E-03,-2.15892534E+00
-2.02500E-03,-2.11585991E+00
-2.00000E-03,-2.09557151E+00
-1.97500E-03,-2.08342304E+00
-1.95000E-03,-2.04337256E+00
-1.92500E-03,-2.01587304E+00
-1.90000E-03,-2.00861156E+00
-1.87500E-03,-1.97440271E+00
-1.85000E-03,-1.93981750E+00
-1.82500E-03,-1.92873733E+00
-1.80000E-03,-1.89847292E+00
-1.77500E-03,-1.85993056E+00
-1.75000E-03,-1.84940316E+00
-1.72500E-03,-1.82441511E+00
-1.70000E-03,-1.78184000E+00
-1.67500E-03,-1.77006899E+00
-1.65000E-03,-1.75109878E+00
-1.62500E-03,-1.70825956E+00
-1.60000E-03,-1.69152624E+00
-1.57500E-03,-1.67661382E+00
-1.55000E-03,-1.63315897E+00
-1.52500E-03,-1.61177744E+00
-1.50000E-03,-1.59337270E+00
-1.47500E-03,-1.55052078E+00
-1.45000E-03,-1.53108650E+00
-1.42500E-03,-1.51781992E+00
-1.40000E-03,-1.47646284E+00
-1.37500E-03,-1.45329756E+00
-1.35000E-03,-1.44457887E+00
-1.32500E-03,-1.41362346E+00
-1.30000E-03,-1.37700346E+00
-1.27500E-03,-1.36633769E+00
-1.25000E-03,-1.33338500E+00
-1.22500E-03,-1.29676479E+00
-1.20000E-03,-1.28465429E+00
-1.17500E-03,-1.25243019E+00
-1.15000E-03,-1.21754361E+00
-1.12500E-03,-1.20599858E+00
-1.10000E-03,-1.18134953E+00
-1.07500E-03,-1.13849820E+00
-1.05000E-03,-1.12689053E+00
-1.02500E-03,-1.10604826E+00
-1.00000E-03,-1.06560884E+00
-975.00E-06,-1.04856132E+00
-950.00E-06,-1.03284502E+00
-925.00E-06,-991.22427E-03
-900.00E-06,-969.44085E-03
-875.00E-06,-958.13408E-03
-850.00E-06,-918.56071E-03
-825.00E-06,-890.64686E-03
-800.00E-06,-876.42525E-03
-775.00E-06,-836.32473E-03
-750.00E-06,-809.76750E-03
-725.00E-06,-798.73719E-03
-700.00E-06,-759.20150E-03
-675.00E-06,-729.86799E-03
-650.00E-06,-721.81506E-03
-625.00E-06,-688.91233E-03
-600.00E-06,-651.76475E-03
-575.00E-06,-642.94594E-03
-550.00E-06,-612.36740E-03
-525.00E-06,-573.29741E-03
-500.00E-06,-563.47357E-03
-475.00E-06,-545.25687E-03
-450.00E-06,-501.76458E-03
-425.00E-06,-485.78502E-03
-400.00E-06,-470.35760E-03
-375.00E-06,-427.10372E-03
-350.00E-06,-405.81011E-03
-325.00E-06,-392.16664E-03
-300.00E-06,-350.62117E-03
-275.00E-06,-326.85292E-03
-250.00E-06,-315.92315E-03
-225.00E-06,-277.70658E-03
-200.00E-06,-247.51875E-03
-175.00E-06,-240.91057E-03
-150.00E-06,-211.47525E-03
-125.00E-06,-173.46069E-03
-100.00E-06,-161.52628E-03
-75.00E-06,-136.66396E-03
-50.00E-06,-97.83243E-03
-25.00E-06,-81.87804E-03
+0.0E+00,-68.30961E-03
+25.00E-06,-24.51554E-03
+50.00E-06,-5.06906E-03
+75.00E-06,+6.55186E-03
+100.00E-06,+46.48931E-03
+125.00E-06,+73.71243E-03
+150.00E-06,+81.96631E-03
+175.00E-06,+111.82861E-03
+200.00E-06,+151.08713E-03
+225.00E-06,+160.68471E-03
+250.00E-06,+187.09264E-03
+275.00E-06,+226.46394E-03
+300.00E-06,+239.31544E-03
+325.00E-06,+256.91643E-03
+350.00E-06,+298.07221E-03
+375.00E-06,+318.56181E-03
+400.00E-06,+333.24795E-03
+425.00E-06,+376.21303E-03
+450.00E-06,+397.75769E-03
+475.00E-06,+411.97901E-03
+500.00E-06,+453.80090E-03
+525.00E-06,+476.89076E-03
+550.00E-06,+488.73779E-03
+575.00E-06,+528.37384E-03
+600.00E-06,+556.84051E-03
+625.00E-06,+564.85586E-03
+650.00E-06,+598.38644E-03
+675.00E-06,+634.22770E-03
+700.00E-06,+643.23498E-03
+725.00E-06,+670.57230E-03
+750.00E-06,+711.14987E-03
+775.00E-06,+723.61204E-03
+800.00E-06,+752.36874E-03
+825.00E-06,+792.00410E-03
+850.00E-06,+803.31037E-03
+875.00E-06,+823.83851E-03
+900.00E-06,+866.20028E-03
+925.00E-06,+881.63960E-03
+950.00E-06,+898.34852E-03
+975.00E-06,+941.13759E-03
+1.00000E-03,+960.45865E-03
+1.02500E-03,+973.22277E-03
+1.05000E-03,+1.01314772E+00
+1.07500E-03,+1.04006927E+00
+1.10000E-03,+1.05121252E+00
+1.12500E-03,+1.09224344E+00
+1.15000E-03,+1.11967972E+00
+1.17500E-03,+1.13005692E+00
+1.20000E-03,+1.16896434E+00
+1.22500E-03,+1.19895111E+00
+1.25000E-03,+1.20650147E+00
+1.27500E-03,+1.23777078E+00
+1.30000E-03,+1.27381329E+00
+1.32500E-03,+1.28679033E+00
+1.35000E-03,+1.31200471E+00
+1.37500E-03,+1.35474275E+00
+1.40000E-03,+1.36577266E+00
+1.42500E-03,+1.38514517E+00
+1.45000E-03,+1.42416521E+00
+1.47500E-03,+1.44434070E+00
+1.50000E-03,+1.45838617E+00
+1.52500E-03,+1.50176584E+00
+1.55000E-03,+1.52304669E+00
+1.57500E-03,+1.53616239E+00
+1.60000E-03,+1.58030870E+00
+1.62500E-03,+1.60235559E+00
+1.65000E-03,+1.61413980E+00
+1.67500E-03,+1.64900204E+00
+1.70000E-03,+1.68191593E+00
+1.72500E-03,+1.69039585E+00
+1.75000E-03,+1.72245676E+00
+1.77500E-03,+1.75954179E+00
+1.80000E-03,+1.76897619E+00
+1.82500E-03,+1.79640140E+00
+1.85000E-03,+1.83728044E+00
+1.87500E-03,+1.84908955E+00
+1.90000E-03,+1.88010757E+00
+1.92500E-03,+1.91751916E+00
+1.95000E-03,+1.92888825E+00
+1.97500E-03,+1.95035862E+00
+2.00000E-03,+1.99211727E+00
+2.02500E-03,+2.00898873E+00
+2.05000E-03,+2.02740632E+00
+2.07500E-03,+2.07019522E+00
+2.10000E-03,+2.08793356E+00
+2.12500E-03,+2.10493138E+00
+2.15000E-03,+2.14808467E+00
+2.17500E-03,+2.16597385E+00
+2.20000E-03,+2.18000661E+00
+2.22500E-03,+2.22121300E+00
+2.25000E-03,+2.24569728E+00
+2.27500E-03,+2.25571024E+00
+2.30000E-03,+2.29415274E+00
+2.32500E-03,+2.32533295E+00
+2.35000E-03,+2.33390092E+00
+2.37500E-03,+2.36592402E+00
+2.40000E-03,+2.40176554E+00
+2.42500E-03,+2.41234304E+00
+2.45000E-03,+2.43735650E+00
+2.47500E-03,+2.47924024E+00
+2.50000E-03,+2.49104912E+00
+2.52500E-03,+2.51221805E+00
+2.55000E-03,+2.55523296E+00
+2.57500E-03,+2.56994365E+00
+2.60000E-03,+2.58484345E+00
+2.62500E-03,+2.62465528E+00
+2.65000E-03,+2.64819740E+00
+2.67500E-03,+2.65733065E+00
+2.70000E-03,+2.69694195E+00
+2.72500E-03,+2.72616225E+00
+2.75000E-03,+2.73753185E+00
+2.77500E-03,+2.77235618E+00
+2.80000E-03,+2.80597378E+00
+2.82500E-03,+2.81619991E+00
+2.85000E-03,+2.84621301E+00
+2.87500E-03,+2.88558461E+00
+2.90000E-03,+2.89427765E+00
+2.92500E-03,+2.91940423E+00
+2.95000E-03,+2.96020758E+00
+2.97500E-03,+2.97119982E+00
+3.00000E-03,+2.98150148E+00
+3.02500E-03,+3.02246934E+00
+3.05000E-03,+3.04944101E+00
+3.07500E-03,+3.06068510E+00
+3.10000E-03,+3.09839886E+00
+3.12500E-03,+3.12892595E+00
+3.15000E-03,+3.13815973E+00
+3.17500E-03,+3.17043419E+00
+3.20000E-03,+3.20721761E+00
+3.22500E-03,+3.21739346E+00
+3.25000E-03,+3.24852458E+00
+3.27500E-03,+3.28583572E+00
+3.30000E-03,+3.29704155E+00
+3.32500E-03,+3.32751949E+00
+3.35000E-03,+3.36523270E+00
+3.37500E-03,+3.37635051E+00
+3.40000E-03,+3.39988123E+00
+3.42500E-03,+3.44093629E+00
+3.45000E-03,+3.45562204E+00
+3.47500E-03,+3.47125042E+00
+3.50000E-03,+3.51347422E+00
+3.52500E-03,+3.53375016E+00
+3.55000E-03,+3.54745643E+00
+3.57500E-03,+3.58756985E+00
+3.60000E-03,+3.61253148E+00
+3.62500E-03,+3.62233069E+00
+3.65000E-03,+3.65660245E+00
+3.67500E-03,+3.68893887E+00
+3.70000E-03,+3.69944116E+00
+3.72500E-03,+3.72556007E+00
+3.75000E-03,+3.76648905E+00
+3.77500E-03,+3.77760697E+00
+3.80000E-03,+3.78910227E+00
+3.82500E-03,+3.83011997E+00
+3.85000E-03,+3.85398887E+00
+3.87500E-03,+3.86718012E+00
+3.90000E-03,+3.90429114E+00
+3.92500E-03,+3.93386322E+00
+3.95000E-03,+3.94225525E+00
+3.97500E-03,+3.97837406E+00
+4.00000E-03,+4.01052165E+00
+4.02500E-03,+4.02038335E+00
+4.05000E-03,+4.04469295E+00
+4.07500E-03,+4.08532082E+00
+4.10000E-03,+4.09950388E+00
+4.12500E-03,+4.12013254E+00
+4.15000E-03,+4.16318535E+00
+4.17500E-03,+4.17822247E+00
+4.20000E-03,+4.19089901E+00
+4.22500E-03,+4.23092402E+00
+4.25000E-03,+4.25581037E+00
+4.27500E-03,+4.26367483E+00
+4.30000E-03,+4.29895168E+00
+4.32500E-03,+4.33226793E+00
+4.35000E-03,+4.34190338E+00
+4.37500E-03,+4.36887665E+00
+4.40000E-03,+4.40917761E+00
+4.42500E-03,+4.42125011E+00
+4.45000E-03,+4.44191642E+00
+4.47500E-03,+4.48483081E+00
+4.50000E-03,+4.50009438E+00
+4.52500E-03,+4.51685363E+00
+4.55000E-03,+4.56027074E+00
+4.57500E-03,+4.57877521E+00
+4.60000E-03,+4.58965484E+00
+4.62500E-03,+4.62905228E+00
+4.65000E-03,+4.65740589E+00
+4.67500E-03,+4.66740616E+00
+4.70000E-03,+4.70282108E+00
+4.72500E-03,+4.73553430E+00
+4.75000E-03,+4.74431537E+00
+4.77500E-03,+4.77038392E+00
+4.80000E-03,+4.80952926E+00
+4.82500E-03,+4.82258172E+00
+4.85000E-03,+4.84054712E+00
+4.87500E-03,+4.88351199E+00
+4.90000E-03,+4.90163969E+00
+4.92500E-03,+4.92038369E+00
+4.95000E-03,+4.96000711E+00
+4.97500E-03,+4.98024515E+00
+5.00000E-03,+4.98885103E+00
+5.02500E-03,+5.02662780E+00
+5.05000E-03,+5.05726784E+00
+5.07500E-03,+5.05803361E+00
+5.10000E-03,+5.03068392E+00
+5.12500E-03,+4.99437758E+00
+5.15000E-03,+4.98005648E+00
+5.17500E-03,+4.96577207E+00
+5.20000E-03,+4.92089730E+00
+5.22500E-03,+4.90243060E+00
+5.25000E-03,+4.88332199E+00
+5.27500E-03,+4.84194034E+00
+5.30000E-03,+4.82358628E+00
+5.32500E-03,+4.80797045E+00
+5.35000E-03,+4.77054566E+00
+5.37500E-03,+4.74337292E+00
+5.40000E-03,+4.73395060E+00
+5.42500E-03,+4.69851013E+00
+5.45000E-03,+4.66655122E+00
+5.47500E-03,+4.65663926E+00
+5.50000E-03,+4.62377418E+00
+5.52500E-03,+4.58799588E+00
+5.55000E-03,+4.57789566E+00
+5.57500E-03,+4.55315874E+00
+5.60000E-03,+4.51275706E+00
+5.62500E-03,+4.49795840E+00
+5.65000E-03,+4.47700294E+00
+5.67500E-03,+4.43334726E+00
+5.70000E-03,+4.41890045E+00
+5.72500E-03,+4.39971658E+00
+5.75000E-03,+4.35675180E+00
+5.77500E-03,+4.33925228E+00
+5.80000E-03,+4.32333479E+00
+5.82500E-03,+4.28060849E+00
+5.85000E-03,+4.26089808E+00
+5.87500E-03,+4.24996821E+00
+5.90000E-03,+4.21265616E+00
+5.92500E-03,+4.18221720E+00
+5.95000E-03,+4.17459154E+00
+5.97500E-03,+4.14264366E+00
+6.00000E-03,+4.10486766E+00
+6.02500E-03,+4.09449102E+00
+6.05000E-03,+4.06585967E+00
+6.07500E-03,+4.02608635E+00
+6.10000E-03,+4.01559659E+00
+6.12500E-03,+3.99531952E+00
+6.15000E-03,+3.95244275E+00
+6.17500E-03,+3.93743053E+00
+6.20000E-03,+3.91842255E+00
+6.22500E-03,+3.87737972E+00
+6.25000E-03,+3.85631265E+00
+6.27500E-03,+3.83925192E+00
+6.30000E-03,+3.79793239E+00
+6.32500E-03,+3.77871217E+00
+6.35000E-03,+3.77145048E+00
+6.37500E-03,+3.73652545E+00
+6.40000E-03,+3.70319688E+00
+6.42500E-03,+3.69231763E+00
+6.45000E-03,+3.66511851E+00
+6.47500E-03,+3.62529456E+00
+6.50000E-03,+3.61347351E+00
+6.52500E-03,+3.59114832E+00
+6.55000E-03,+3.55050824E+00
+6.57500E-03,+3.53406374E+00
+6.60000E-03,+3.51369878E+00
+6.62500E-03,+3.47220400E+00
+6.65000E-03,+3.45523198E+00
+6.67500E-03,+3.43967895E+00
+6.70000E-03,+3.39770639E+00
+6.72500E-03,+3.37677750E+00
+6.75000E-03,+3.36454103E+00
+6.77500E-03,+3.32457823E+00
+6.80000E-03,+3.29666444E+00
+6.82500E-03,+3.28312128E+00
+6.85000E-03,+3.24294518E+00
+6.87500E-03,+3.21623711E+00
+6.90000E-03,+3.20379985E+00
+6.92500E-03,+3.16207830E+00
+6.95000E-03,+3.13564683E+00
+6.97500E-03,+3.12449075E+00
+7.00000E-03,+3.08602302E+00
+7.02500E-03,+3.05603635E+00
+7.05000E-03,+3.04583510E+00
+7.07500E-03,+3.00960335E+00
+7.10000E-03,+2.97658894E+00
+7.12500E-03,+2.96975494E+00
+7.15000E-03,+2.94631201E+00
+7.17500E-03,+2.90598558E+00
+7.20000E-03,+2.89113663E+00
+7.22500E-03,+2.87309593E+00
+7.25000E-03,+2.82905078E+00
+7.27500E-03,+2.81180241E+00
+7.30000E-03,+2.79349809E+00
+7.32500E-03,+2.75070910E+00
+7.35000E-03,+2.73112409E+00
+7.37500E-03,+2.71334736E+00
+7.40000E-03,+2.67165101E+00
+7.42500E-03,+2.65221711E+00
+7.45000E-03,+2.63972912E+00
+7.47500E-03,+2.59721653E+00
+7.50000E-03,+2.57333522E+00
+7.52500E-03,+2.56220434E+00
+7.55000E-03,+2.52440236E+00
+7.57500E-03,+2.49474213E+00
+7.60000E-03,+2.48390032E+00
+7.62500E-03,+2.45153768E+00
+7.65000E-03,+2.41432769E+00
+7.67500E-03,+2.40691578E+00
+7.70000E-03,+2.37359814E+00
+7.72500E-03,+2.33751847E+00
+7.75000E-03,+2.32609902E+00
+7.77500E-03,+2.30145017E+00
+7.80000E-03,+2.26025693E+00
+7.82500E-03,+2.24661407E+00
+7.85000E-03,+2.22721658E+00
+7.87500E-03,+2.18225419E+00
+7.90000E-03,+2.16809641E+00
+7.92500E-03,+2.14945253E+00
+7.95000E-03,+2.10753072E+00
+7.97500E-03,+2.08880008E+00
+8.00000E-03,+2.07088499E+00
+8.02500E-03,+2.02730452E+00
+8.05000E-03,+2.00809636E+00
+8.07500E-03,+1.99148791E+00
+8.10000E-03,+1.94866125E+00
+8.12500E-03,+1.92949093E+00
+8.15000E-03,+1.91542032E+00
+8.17500E-03,+1.87354810E+00
+8.20000E-03,+1.84890061E+00
+8.22500E-03,+1.83161369E+00
+8.25000E-03,+1.78759359E+00
+8.27500E-03,+1.76828498E+00
+8.30000E-03,+1.75440271E+00
+8.32500E-03,+1.71308333E+00
+8.35000E-03,+1.68887556E+00
+8.37500E-03,+1.67722942E+00
+8.40000E-03,+1.63650028E+00
+8.42500E-03,+1.60838553E+00
+8.45000E-03,+1.59936528E+00
+8.47500E-03,+1.56239232E+00
+8.50000E-03,+1.52961651E+00
+8.52500E-03,+1.51967935E+00
+8.55000E-03,+1.48479169E+00
+8.57500E-03,+1.44936541E+00
+8.60000E-03,+1.43964174E+00
+8.62500E-03,+1.40593462E+00
+8.65000E-03,+1.37014409E+00
+8.67500E-03,+1.36091061E+00
+8.70000E-03,+1.33330945E+00
+8.72500E-03,+1.29538250E+00
+8.75000E-03,+1.28124970E+00
+8.77500E-03,+1.25333458E+00
+8.80000E-03,+1.21445283E+00
+8.82500E-03,+1.20176496E+00
+8.85000E-03,+1.18376151E+00
+8.87500E-03,+1.13941522E+00
+8.90000E-03,+1.12315930E+00
+8.92500E-03,+1.10485478E+00
+8.95000E-03,+1.06232955E+00
+8.97500E-03,+1.04246824E+00
+9.00000E-03,+1.02408848E+00
+9.02500E-03,+980.40731E-03
+9.05000E-03,+964.34010E-03
+9.07500E-03,+949.39025E-03
+9.10000E-03,+902.88192E-03
+9.12500E-03,+883.38546E-03
+9.15000E-03,+869.99302E-03
+9.17500E-03,+830.93500E-03
+9.20000E-03,+803.83769E-03
+9.22500E-03,+794.59138E-03
+9.25000E-03,+756.62587E-03
+9.27500E-03,+725.19453E-03
+9.30000E-03,+711.51320E-03
+9.32500E-03,+670.52048E-03
+9.35000E-03,+643.74986E-03
+9.37500E-03,+633.32225E-03
+9.40000E-03,+595.18107E-03
+9.42500E-03,+564.70448E-03
+9.45000E-03,+555.99847E-03
+9.47500E-03,+524.23896E-03
+9.50000E-03,+487.02852E-03
+9.52500E-03,+477.05364E-03
+9.55000E-03,+447.17868E-03
+9.57500E-03,+407.88276E-03
+9.60000E-03,+396.08652E-03
+9.62500E-03,+366.23647E-03
+9.65000E-03,+327.85764E-03
+9.67500E-03,+316.17435E-03
+9.70000E-03,+287.36726E-03
+9.72500E-03,+247.11635E-03
+9.75000E-03,+236.58914E-03
+9.77500E-03,+215.58331E-03
+9.80000E-03,+173.38506E-03
+9.82500E-03,+157.83270E-03
+9.85000E-03,+138.43507E-03
+9.87500E-03,+96.13618E-03
+9.90000E-03,+78.34769E-03
+9.92500E-03,+63.59857E-03
+9.95000E-03,+25.45741E-03
+9.97500E-03,-44.08E-06
+10.00000E-03,-8.95171E-03
+10.02500E-03,-49.36698E-03
+10.05000E-03,-78.92615E-03
+10.07500E-03,-87.87098E-03
+10.10000E-03,-121.26351E-03
+10.12500E-03,-155.49672E-03
+10.15000E-03,-166.16244E-03
+10.17500E-03,-194.19065E-03
+10.20000E-03,-235.25816E-03
+10.22500E-03,-245.52146E-03
+10.25000E-03,-266.30136E-03
+10.27500E-03,-306.12519E-03
+10.30000E-03,-325.03154E-03
+10.32500E-03,-343.60009E-03
+10.35000E-03,-384.11505E-03
+10.37500E-03,-404.30311E-03
+10.40000E-03,-420.97435E-03
+10.42500E-03,-464.95709E-03
+10.45000E-03,-483.37347E-03
+10.47500E-03,-498.34850E-03
+10.50000E-03,-540.73585E-03
+10.52500E-03,-562.54399E-03
+10.55000E-03,-571.66501E-03
+10.57500E-03,-609.73083E-03
+10.60000E-03,-642.10443E-03
+10.62500E-03,-651.85350E-03
+10.65000E-03,-689.21603E-03
+10.67500E-03,-721.31314E-03
+10.70000E-03,-730.44630E-03
+10.72500E-03,-762.70827E-03
+10.75000E-03,-799.15242E-03
+10.77500E-03,-809.39111E-03
+10.80000E-03,-840.54744E-03
+10.82500E-03,-879.99426E-03
+10.85000E-03,-892.55694E-03
+10.87500E-03,-927.16816E-03
+10.90000E-03,-961.72768E-03
+10.92500E-03,-970.91110E-03
+10.95000E-03,-1.00029610E+00
+10.97500E-03,-1.03979326E+00
+11.00000E-03,-1.05053402E+00
+11.02500E-03,-1.07775842E+00
+11.05000E-03,-1.11808460E+00
+11.07500E-03,-1.13057165E+00
+11.10000E-03,-1.15275831E+00
+11.12500E-03,-1.19500719E+00
+11.15000E-03,-1.21053407E+00
+11.17500E-03,-1.23029625E+00
+11.20000E-03,-1.27403955E+00
+11.22500E-03,-1.28924019E+00
+11.25000E-03,-1.31265797E+00
+11.27500E-03,-1.35621305E+00
+11.30000E-03,-1.37069750E+00
+11.32500E-03,-1.39468056E+00
+11.35000E-03,-1.43474320E+00
+11.37500E-03,-1.45009443E+00
+11.40000E-03,-1.46323592E+00
+11.42500E-03,-1.50749502E+00
+11.45000E-03,-1.52730532E+00
+11.47500E-03,-1.54161501E+00
+11.50000E-03,-1.58169064E+00
+11.52500E-03,-1.60893882E+00
+11.55000E-03,-1.62447927E+00
+11.57500E-03,-1.66798458E+00
+11.60000E-03,-1.69011958E+00
+11.62500E-03,-1.70223042E+00
+11.65000E-03,-1.74322356E+00
+11.67500E-03,-1.76832293E+00
+11.70000E-03,-1.77916535E+00
+11.72500E-03,-1.81602476E+00
+11.75000E-03,-1.84821003E+00
+11.77500E-03,-1.85775794E+00
+11.80000E-03,-1.89473084E+00
+11.82500E-03,-1.92778287E+00
+11.85000E-03,-1.93814742E+00
+11.87500E-03,-1.97377633E+00
+11.90000E-03,-2.00687840E+00
+11.92500E-03,-2.01598630E+00
+11.95000E-03,-2.04515813E+00
+11.97500E-03,-2.08436604E+00
+12.00000E-03,-2.09588577E+00
+12.02500E-03,-2.11936667E+00
+12.05000E-03,-2.16221803E+00
+12.07500E-03,-2.17519487E+00
+12.10000E-03,-2.19831119E+00
+12.12500E-03,-2.24010733E+00
+12.15000E-03,-2.25611190E+00
+12.17500E-03,-2.28155254E+00
+12.20000E-03,-2.32307224E+00
+12.22500E-03,-2.33661438E+00
+12.25000E-03,-2.36598696E+00
+12.27500E-03,-2.40591130E+00
+12.30000E-03,-2.41736821E+00
+12.32500E-03,-2.44243189E+00
+12.35000E-03,-2.48341173E+00
+12.37500E-03,-2.49619995E+00
+12.40000E-03,-2.51716833E+00
+12.42500E-03,-2.56076080E+00
+12.45000E-03,-2.57602407E+00
+12.47500E-03,-2.59530866E+00
+12.50000E-03,-2.63646444E+00
+12.52500E-03,-2.65601160E+00
+12.55000E-03,-2.67352457E+00
+12.57500E-03,-2.71586168E+00
+12.60000E-03,-2.73612469E+00
+12.62500E-03,-2.75047209E+00
+12.65000E-03,-2.79662755E+00
+12.67500E-03,-2.81439079E+00
+12.70000E-03,-2.82696672E+00
+12.72500E-03,-2.86696698E+00
+12.75000E-03,-2.89475531E+00
+12.77500E-03,-2.90641396E+00
+12.80000E-03,-2.94721856E+00
+12.82500E-03,-2.97449144E+00
+12.85000E-03,-2.98630060E+00
+12.87500E-03,-3.02697990E+00
+12.90000E-03,-3.05388836E+00
+12.92500E-03,-3.06392637E+00
+12.95000E-03,-3.09839938E+00
+12.97500E-03,-3.13376297E+00
+13.00000E-03,-3.14312209E+00
+13.02500E-03,-3.17647712E+00
+13.05000E-03,-3.21236853E+00
+13.07500E-03,-3.22206678E+00
+13.10000E-03,-3.25097461E+00
+13.12500E-03,-3.29004435E+00
+13.15000E-03,-3.30172750E+00
+13.17500E-03,-3.32944189E+00
+13.20000E-03,-3.37040882E+00
+13.22500E-03,-3.38234316E+00
+13.25000E-03,-3.41039675E+00
+13.27500E-03,-3.45042129E+00
+13.30000E-03,-3.46216728E+00
+13.32500E-03,-3.48652723E+00
+13.35000E-03,-3.52758227E+00
+13.37500E-03,-3.54174009E+00
+13.40000E-03,-3.56547193E+00
+13.42500E-03,-3.60744402E+00
+13.45000E-03,-3.62241857E+00
+13.47500E-03,-3.64275836E+00
+13.50000E-03,-3.68583619E+00
+13.52500E-03,-3.70163965E+00
+13.55000E-03,-3.71811021E+00
+13.57500E-03,-3.76190382E+00
+13.60000E-03,-3.78053409E+00
+13.62500E-03,-3.79532124E+00
+13.65000E-03,-3.83833640E+00
+13.67500E-03,-3.85986832E+00
+13.70000E-03,-3.87163985E+00
+13.72500E-03,-3.90804770E+00
+13.75000E-03,-3.93891342E+00
+13.77500E-03,-3.95103684E+00
+13.80000E-03,-3.98916603E+00
+13.82500E-03,-4.01918981E+00
+13.85000E-03,-4.02826055E+00
+13.87500E-03,-4.06435408E+00
+13.90000E-03,-4.09702918E+00
+13.92500E-03,-4.10754420E+00
+13.95000E-03,-4.13513286E+00
+13.97500E-03,-4.17613755E+00
+14.00000E-03,-4.18614969E+00
+14.02500E-03,-4.21373878E+00
+14.05000E-03,-4.25338612E+00
+14.07500E-03,-4.26628788E+00
+14.10000E-03,-4.29427904E+00
+14.12500E-03,-4.33212995E+00
+14.15000E-03,-4.34674014E+00
+14.17500E-03,-4.37280877E+00
+14.20000E-03,-4.41395159E+00
+14.22500E-03,-4.42717987E+00
+14.25000E-03,-4.45348713E+00
+14.27500E-03,-4.49318523E+00
+14.30000E-03,-4.50655167E+00
+14.32500E-03,-4.52870073E+00
+14.35000E-03,-4.57235603E+00
+14.37500E-03,-4.58684065E+00
+14.40000E-03,-4.60652715E+00
+14.42500E-03,-4.64956742E+00
+14.45000E-03,-4.66636332E+00
+14.47500E-03,-4.68499464E+00
+14.50000E-03,-4.72729346E+00
+14.52500E-03,-4.74646370E+00
+14.55000E-03,-4.76189132E+00
+14.57500E-03,-4.80490667E+00
+14.60000E-03,-4.82505673E+00
+14.62500E-03,-4.84035869E+00
+14.65000E-03,-4.88401468E+00
+14.67500E-03,-4.90461709E+00
+14.70000E-03,-4.91744394E+00
+14.72500E-03,-4.95667803E+00
+14.75000E-03,-4.98369988E+00
+14.77500E-03,-4.99406448E+00
+14.80000E-03,-5.02867564E+00
+14.82500E-03,-5.06295873E+00
+14.85000E-03,-5.07351159E+00
+14.87500E-03,-5.10675347E+00
+14.90000E-03,-5.14153947E+00
+14.92500E-03,-5.15151389E+00
+14.95000E-03,-5.17564826E+00
+14.97500E-03,-5.21772032E+00
+15.00000E-03,-5.22597356E+00
+15.02500E-03,-5.21529440E+00
+15.05000E-03,-5.17601029E+00
+15.07500E-03,-5.15151364E+00
+15.10000E-03,-5.14178971E+00
+15.12500E-03,-5.11014305E+00
+15.15000E-03,-5.07385017E+00
+15.17500E-03,-5.06413921E+00
+15.20000E-03,-5.03260536E+00
+15.22500E-03,-4.99653836E+00
+15.25000E-03,-4.98539552E+00
+15.27500E-03,-4.96460329E+00
+15.30000E-03,-4.92292006E+00
+15.32500E-03,-4.90681496E+00
+15.35000E-03,-4.89212869E+00
+15.37500E-03,-4.84739195E+00
+15.40000E-03,-4.82819694E+00
+15.42500E-03,-4.81392483E+00
+15.45000E-03,-4.77403786E+00
+15.47500E-03,-4.74931503E+00
+15.50000E-03,-4.73822184E+00
+15.52500E-03,-4.70152536E+00
+15.55000E-03,-4.67011905E+00
+15.57500E-03,-4.66049574E+00
+15.60000E-03,-4.62685187E+00
+15.62500E-03,-4.59217922E+00
+15.65000E-03,-4.58185275E+00
+15.67500E-03,-4.55119857E+00
+15.70000E-03,-4.51354838E+00
+15.72500E-03,-4.50273221E+00
+15.75000E-03,-4.47842234E+00
+15.77500E-03,-4.43803324E+00
+15.80000E-03,-4.42323459E+00
+15.82500E-03,-4.40080928E+00
+15.85000E-03,-4.35931452E+00
+15.87500E-03,-4.34280758E+00
+15.90000E-03,-4.32232941E+00
+15.92500E-03,-4.27949053E+00
+15.95000E-03,-4.26325972E+00
+15.97500E-03,-4.24584725E+00
+16.00000E-03,-4.20323396E+00
+16.02500E-03,-4.18456619E+00
+16.05000E-03,-4.17073421E+00
+16.07500E-03,-4.12892504E+00
+16.10000E-03,-4.10515674E+00
+16.12500E-03,-4.09418896E+00
+16.15000E-03,-4.05624884E+00
+16.17500E-03,-4.02804596E+00
+16.20000E-03,-4.01842294E+00
+16.22500E-03,-3.98774344E+00
+16.25000E-03,-3.94896318E+00
+16.27500E-03,-3.93911415E+00
+16.30000E-03,-3.90783137E+00
+16.32500E-03,-3.87018158E+00
+16.35000E-03,-3.86034524E+00
+16.37500E-03,-3.83872372E+00
+16.40000E-03,-3.79786970E+00
+16.42500E-03,-3.78131245E+00
+16.45000E-03,-3.76667646E+00
+16.47500E-03,-3.72378634E+00
+16.50000E-03,-3.70361167E+00
+16.52500E-03,-3.69009335E+00
+16.55000E-03,-3.65146263E+00
+16.57500E-03,-3.62511895E+00
+16.60000E-03,-3.61261876E+00
+16.62500E-03,-3.57785701E+00
+16.65000E-03,-3.54578472E+00
+16.67500E-03,-3.53513145E+00
+16.70000E-03,-3.50152483E+00
+16.72500E-03,-3.46552074E+00
+16.75000E-03,-3.45656384E+00
+16.77500E-03,-3.42833420E+00
+16.80000E-03,-3.38970422E+00
+16.82500E-03,-3.37675228E+00
+16.85000E-03,-3.35156300E+00
+16.87500E-03,-3.31077196E+00
+16.90000E-03,-3.29704116E+00
+16.92500E-03,-3.27506822E+00
+16.95000E-03,-3.23288232E+00
+16.97500E-03,-3.21807138E+00
+17.00000E-03,-3.20059576E+00
+17.02500E-03,-3.15906319E+00
+17.05000E-03,-3.13983017E+00
+17.07500E-03,-3.12552061E+00
+17.10000E-03,-3.08260568E+00
+17.12500E-03,-3.05989296E+00
+17.15000E-03,-3.04803327E+00
+17.17500E-03,-3.01160068E+00
+17.20000E-03,-2.98231732E+00
+17.22500E-03,-2.97107376E+00
+17.25000E-03,-2.93633670E+00
+17.27500E-03,-2.90337263E+00
+17.30000E-03,-2.89263149E+00
+17.32500E-03,-2.85824641E+00
+17.35000E-03,-2.82299545E+00
+17.37500E-03,-2.81410163E+00
+17.40000E-03,-2.78899998E+00
+17.42500E-03,-2.74744285E+00
+17.45000E-03,-2.73533256E+00
+17.47500E-03,-2.71170112E+00
+17.50000E-03,-2.67226661E+00
+17.52500E-03,-2.65465410E+00
+17.55000E-03,-2.63509331E+00
+17.57500E-03,-2.59495492E+00
+17.60000E-03,-2.57606114E+00
+17.62500E-03,-2.56234179E+00
+17.65000E-03,-2.51678932E+00
+17.67500E-03,-2.49790803E+00
+17.70000E-03,-2.48513116E+00
+17.72500E-03,-2.44710319E+00
+17.75000E-03,-2.41887537E+00
+17.77500E-03,-2.40959122E+00
+17.80000E-03,-2.37572101E+00
+17.82500E-03,-2.34016891E+00
+17.85000E-03,-2.32918931E+00
+17.87500E-03,-2.29242942E+00
+17.90000E-03,-2.25998070E+00
+17.92500E-03,-2.24714127E+00
+17.95000E-03,-2.21327136E+00
+17.97500E-03,-2.17847296E+00
+18.00000E-03,-2.16956633E+00
+18.02500E-03,-2.13779407E+00
+18.05000E-03,-2.10059621E+00
+18.07500E-03,-2.09106127E+00
+18.10000E-03,-2.06580925E+00
+18.12500E-03,-2.02496804E+00
+18.15000E-03,-2.01186529E+00
+18.17500E-03,-1.99607327E+00
+18.20000E-03,-1.95379923E+00
+18.22500E-03,-1.93358630E+00
+18.25000E-03,-1.91749283E+00
+18.27500E-03,-1.87484211E+00
+18.30000E-03,-1.85367444E+00
+18.32500E-03,-1.84070914E+00
+18.35000E-03,-1.80088455E+00
+18.37500E-03,-1.77496841E+00
+18.40000E-03,-1.76363635E+00
+18.42500E-03,-1.72917594E+00
+18.45000E-03,-1.69617414E+00
+18.47500E-03,-1.68637534E+00
+18.50000E-03,-1.65442710E+00
+18.52500E-03,-1.61872429E+00
+18.55000E-03,-1.60557119E+00
+18.57500E-03,-1.57177651E+00
+18.60000E-03,-1.53681470E+00
+18.62500E-03,-1.52685266E+00
+18.65000E-03,-1.49866090E+00
+18.67500E-03,-1.46153802E+00
+18.70000E-03,-1.44867441E+00
+18.72500E-03,-1.43437698E+00
+18.75000E-03,-1.38991755E+00
+18.77500E-03,-1.37048342E+00
+18.80000E-03,-1.35368626E+00
+18.82500E-03,-1.31107319E+00
+18.85000E-03,-1.29068429E+00
+18.87500E-03,-1.27195256E+00
+18.90000E-03,-1.23278153E+00
+18.92500E-03,-1.21123712E+00
+18.95000E-03,-1.19897551E+00
+18.97500E-03,-1.15758008E+00
+19.00000E-03,-1.13175233E+00
+19.02500E-03,-1.12106083E+00
+19.05000E-03,-1.08622360E+00
+19.07500E-03,-1.05358620E+00
+19.10000E-03,-1.04268181E+00
+19.12500E-03,-1.01253017E+00
+19.15000E-03,-975.54582E-03
+19.17500E-03,-965.25739E-03
+19.20000E-03,-942.47954E-03
+19.22500E-03,-900.64599E-03
+19.25000E-03,-884.83009E-03
+19.27500E-03,-857.93235E-03
+19.30000E-03,-816.83990E-03
+19.32500E-03,-804.20205E-03
+19.35000E-03,-780.53278E-03
+19.37500E-03,-740.10592E-03
+19.40000E-03,-725.58379E-03
+19.42500E-03,-708.79935E-03
+19.45000E-03,-666.75154E-03
+19.47500E-03,-646.86530E-03
+19.50000E-03,-632.75671E-03
+19.52500E-03,-589.62843E-03
+19.55000E-03,-568.14684E-03
+19.57500E-03,-558.86258E-03
+19.60000E-03,-522.99492E-03
+19.62500E-03,-491.04847E-03
+19.65000E-03,-481.03601E-03
+19.67500E-03,-448.71110E-03
+19.70000E-03,-412.30472E-03
+19.72500E-03,-401.12413E-03
+19.75000E-03,-372.20360E-03
+19.77500E-03,-333.41018E-03
+19.80000E-03,-322.26741E-03
+19.82500E-03,-299.16343E-03
+19.85000E-03,-257.51760E-03
+19.87500E-03,-244.37786E-03
+19.90000E-03,-230.70883E-03
+19.92500E-03,-189.08822E-03
+19.95000E-03,-166.01110E-03
+19.97500E-03,-153.19664E-03
+20.00000E-03,-117.61792E-03
+20.02500E-03,-87.27963E-03
+20.05000E-03,-77.89535E-03
+20.07500E-03,-46.81369E-03
+20.10000E-03,-10.16901E-03
+20.12500E-03,-282.38E-06
+20.15000E-03,+23.52509E-03
+20.17500E-03,+62.50729E-03
+20.20000E-03,+77.48150E-03
+20.22500E-03,+92.53235E-03
+20.25000E-03,+135.39709E-03
+20.27500E-03,+156.53922E-03
+20.30000E-03,+168.93949E-03
+20.32500E-03,+211.60340E-03
+20.35000E-03,+234.94367E-03
+20.37500E-03,+243.81327E-03
+20.40000E-03,+275.51012E-03
+20.42500E-03,+311.27582E-03
+20.45000E-03,+323.47404E-03
+20.47500E-03,+354.31652E-03
+20.50000E-03,+391.55217E-03
+20.52500E-03,+403.34830E-03
+20.55000E-03,+431.48981E-03
+20.57500E-03,+470.55967E-03
+20.60000E-03,+482.45617E-03
+20.62500E-03,+505.18342E-03
+20.65000E-03,+547.58253E-03
+20.67500E-03,+561.22515E-03
+20.70000E-03,+578.04736E-03
+20.72500E-03,+619.86918E-03
+20.75000E-03,+638.78811E-03
+20.77500E-03,+653.07238E-03
+20.80000E-03,+693.24872E-03
+20.82500E-03,+718.58699E-03
+20.85000E-03,+734.83110E-03
+20.87500E-03,+776.22593E-03
+20.90000E-03,+799.20257E-03
+20.92500E-03,+809.91890E-03
+20.95000E-03,+848.08558E-03
+20.97500E-03,+877.23024E-03
+21.00000E-03,+887.40612E-03
+21.02500E-03,+919.56782E-03
+21.05000E-03,+955.18251E-03
+21.07500E-03,+965.24521E-03
+21.10000E-03,+990.98724E-03
+21.12500E-03,+1.02980626E+00
+21.15000E-03,+1.04459195E+00
+21.17500E-03,+1.06960583E+00
+21.20000E-03,+1.11063505E+00
+21.22500E-03,+1.12403925E+00
+21.25000E-03,+1.14682916E+00
+21.27500E-03,+1.18823584E+00
+21.30000E-03,+1.20341122E+00
+21.32500E-03,+1.21873825E+00
+21.35000E-03,+1.25716840E+00
+21.37500E-03,+1.28212971E+00
+21.40000E-03,+1.29424115E+00
+21.42500E-03,+1.33730691E+00
+21.45000E-03,+1.36072260E+00
+21.47500E-03,+1.37057213E+00
+21.50000E-03,+1.40417823E+00
+21.52500E-03,+1.43863739E+00
+21.55000E-03,+1.44856187E+00
+21.57500E-03,+1.47949245E+00
+21.60000E-03,+1.51812256E+00
+21.62500E-03,+1.52817235E+00
+21.65000E-03,+1.55641503E+00
+21.67500E-03,+1.59484352E+00
+21.70000E-03,+1.60748135E+00
+21.72500E-03,+1.62799708E+00
+21.75000E-03,+1.66969295E+00
+21.77500E-03,+1.68635070E+00
+21.80000E-03,+1.70381381E+00
+21.82500E-03,+1.74459274E+00
+21.85000E-03,+1.76411463E+00
+21.87500E-03,+1.77716837E+00
+21.90000E-03,+1.81927896E+00
+21.92500E-03,+1.84356172E+00
+21.95000E-03,+1.85957985E+00
+21.97500E-03,+1.90230631E+00
+22.00000E-03,+1.92446642E+00
+22.02500E-03,+1.93449202E+00
+22.05000E-03,+1.97332419E+00
+22.07500E-03,+2.00313473E+00
+22.10000E-03,+2.01410228E+00
+22.12500E-03,+2.04902760E+00
+22.15000E-03,+2.08297134E+00
+22.17500E-03,+2.09344894E+00
+22.20000E-03,+2.12587433E+00
+22.22500E-03,+2.16108721E+00
+22.25000E-03,+2.17126265E+00
+22.27500E-03,+2.19912807E+00
+22.30000E-03,+2.23891384E+00
+22.32500E-03,+2.25089833E+00
+22.35000E-03,+2.27167846E+00
+22.37500E-03,+2.31454235E+00
+22.40000E-03,+2.32868756E+00
+22.42500E-03,+2.34705487E+00
+22.45000E-03,+2.38610058E+00
+22.47500E-03,+2.40795885E+00
+22.50000E-03,+2.42007017E+00
+22.52500E-03,+2.46224398E+00
+22.55000E-03,+2.48679047E+00
+22.57500E-03,+2.49777081E+00
+22.60000E-03,+2.53666579E+00
+22.62500E-03,+2.56504424E+00
+22.65000E-03,+2.57504435E+00
+22.67500E-03,+2.60165316E+00
+22.70000E-03,+2.64171575E+00
+22.72500E-03,+2.65214219E+00
+22.75000E-03,+2.67497000E+00
+22.77500E-03,+2.71490663E+00
+22.80000E-03,+2.73182816E+00
+22.82500E-03,+2.75346217E+00
+22.85000E-03,+2.79334896E+00
+22.87500E-03,+2.81171535E+00
+22.90000E-03,+2.82685409E+00
+22.92500E-03,+2.87015834E+00
+22.95000E-03,+2.88986832E+00
+22.97500E-03,+2.90228071E+00
+23.00000E-03,+2.94073604E+00
+23.02500E-03,+2.96815981E+00
+23.05000E-03,+2.97532047E+00
+23.07500E-03,+3.00010812E+00
+23.10000E-03,+3.04136378E+00
+23.12500E-03,+3.05480547E+00
+23.15000E-03,+3.07685410E+00
+23.17500E-03,+3.11814792E+00
+23.20000E-03,+3.13307195E+00
+23.22500E-03,+3.15111267E+00
+23.25000E-03,+3.19287161E+00
+23.27500E-03,+3.21289603E+00
+23.30000E-03,+3.22950459E+00
+23.32500E-03,+3.27113839E+00
+23.35000E-03,+3.29225533E+00
+23.37500E-03,+3.30757007E+00
+23.40000E-03,+3.35096210E+00
+23.42500E-03,+3.37190353E+00
+23.45000E-03,+3.38326057E+00
+23.47500E-03,+3.42199255E+00
+23.50000E-03,+3.45028289E+00
+23.52500E-03,+3.46008200E+00
+23.55000E-03,+3.49219360E+00
+23.57500E-03,+3.52797156E+00
+23.60000E-03,+3.53868745E+00
+23.62500E-03,+3.56642753E+00
+23.65000E-03,+3.60544654E+00
+23.67500E-03,+3.61694122E+00
+23.70000E-03,+3.63749477E+00
+23.72500E-03,+3.67628878E+00
+23.75000E-03,+3.69488099E+00
+23.77500E-03,+3.71141407E+00
+23.80000E-03,+3.75107574E+00
+23.82500E-03,+3.77342348E+00
+23.85000E-03,+3.78029560E+00
+23.87500E-03,+3.80895232E+00
+23.90000E-03,+3.84555972E+00
+23.92500E-03,+3.85915227E+00
+23.95000E-03,+3.88189168E+00
+23.97500E-03,+3.92450475E+00
+24.00000E-03,+3.93822258E+00
+24.02500E-03,+3.95763338E+00
+24.05000E-03,+3.99851210E+00
+24.07500E-03,+4.01604914E+00
+24.10000E-03,+4.03045937E+00
+24.12500E-03,+4.06831140E+00
+24.15000E-03,+4.09474295E+00
+24.17500E-03,+4.10538381E+00
+24.20000E-03,+4.14342496E+00
+24.22500E-03,+4.17337353E+00
+24.25000E-03,+4.18175262E+00
+24.27500E-03,+4.20956783E+00
+24.30000E-03,+4.24736877E+00
+24.32500E-03,+4.25934067E+00
+24.35000E-03,+4.27610053E+00
+24.37500E-03,+4.31956772E+00
+24.40000E-03,+4.33779541E+00
+24.42500E-03,+4.35096185E+00
+24.45000E-03,+4.39151488E+00
+24.47500E-03,+4.41623758E+00
+24.50000E-03,+4.42804728E+00
+24.52500E-03,+4.46630135E+00
+24.55000E-03,+4.49593634E+00
+24.57500E-03,+4.50609962E+00
+24.60000E-03,+4.54141445E+00
+24.62500E-03,+4.57383843E+00
+24.65000E-03,+4.58336081E+00
+24.67500E-03,+4.60852528E+00
+24.70000E-03,+4.64907747E+00
+24.72500E-03,+4.66215466E+00
+24.75000E-03,+4.68219316E+00
+24.77500E-03,+4.72312250E+00
+24.80000E-03,+4.74040851E+00
+24.82500E-03,+4.75274596E+00
+24.85000E-03,+4.79293510E+00
+24.87500E-03,+4.81787082E+00
+24.90000E-03,+4.82792138E+00
+24.92500E-03,+4.86208033E+00
+24.95000E-03,+4.89456711E+00
+24.97500E-03,+4.90726808E+00
