195,11323525	0,00221386
195,31639657	0,00186462
195,51957416	0,00204437
195,72276801	0,00184255
195,92597813	0,00196082
196,12920451	0,00165323
196,33244714	0,00189672
196,53570602	0,00192745
196,73898116	0,00182486
196,94227254	0,00160161
197,14558017	0,00198772
197,34890404	0,00165469
197,55224415	0,00188056
197,75560049	0,00153761
197,95897307	0,00153207
198,16236188	0,00140866
198,36576692	0,00166450
198,56918819	0,00162857
198,77262568	0,00179519
198,97607939	0,00164356
199,17954931	0,00210752
199,38303545	0,00187577
199,58653781	0,00186266
199,79005637	0,00174187
199,99359114	0,00202440
200,19714211	0,00192324
200,40070928	0,00193888
200,60429266	0,00167219
200,80789222	0,00179517
201,01150798	0,00181659
201,21513993	0,00179558
201,41878807	0,00181770
201,62245239	0,00187819
201,82613289	0,00159278
202,02982958	0,00160169
202,23354243	0,00131895
202,43727147	0,00165517
202,64101667	0,00148761
202,84477804	0,00164394
203,04855557	0,00157259
203,25234927	0,00165101
203,45615913	0,00185595
203,65998514	0,00173707
203,86382731	0,00165476
204,06768563	0,00182895
204,27156010	0,00181422
204,47545071	0,00189461
204,67935747	0,00172283
204,88328037	0,00194233
205,08721940	0,00177901
205,29117457	0,00189012
205,49514588	0,00165167
205,69913331	0,00190689
205,90313687	0,00206734
206,10715655	0,00192807
206,31119235	0,00165591
206,51524427	0,00157495
206,71931231	0,00126252
206,92339646	0,00149292
207,12749672	0,00148303
207,33161309	0,00161574
207,53574556	0,00146900
207,73989413	0,00182072
207,94405880	0,00160151
208,14823957	0,00182421
208,35243644	0,00162954
208,55664939	0,00197551
208,76087843	0,00159651
208,96512356	0,00191770
209,16938477	0,00175393
209,37366205	0,00202214
209,57795542	0,00170359
209,78226486	0,00195749
209,98659037	0,00175525
210,19093195	0,00183253
210,39528960	0,00162479
210,59966331	0,00197325
210,80405308	0,00140431
211,00845890	0,00161412
211,21288079	0,00149515
211,41731872	0,00145444
211,62177271	0,00134060
211,82624274	0,00170522
212,03072881	0,00151124
212,23523093	0,00187884
212,43974908	0,00151172
212,64428327	0,00176428
212,84883350	0,00149012
213,05339975	0,00199808
213,25798203	0,00163310
213,46258034	0,00203787
213,66719466	0,00183838
213,87182501	0,00196013
214,07647137	0,00173616
214,28113375	0,00174165
214,48581214	0,00161605
214,69050653	0,00172142
214,89521693	0,00176252
215,09994334	0,00166010
215,30468574	0,00153094
215,50944414	0,00161262
215,71421854	0,00136327
215,91900892	0,00159195
216,12381530	0,00186050
216,32863766	0,00165800
216,53347601	0,00177024
216,73833033	0,00177811
216,94320064	0,00160071
217,14808691	0,00184877
217,35298916	0,00165997
217,55790739	0,00200225
217,76284157	0,00161280
217,96779172	0,00213269
218,17275784	0,00178793
218,37773991	0,00175239
218,58273794	0,00168629
218,78775192	0,00172096
218,99278185	0,00173091
219,19782772	0,00191010
219,40288955	0,00160747
219,60796731	0,00149116
219,81306102	0,00148549
220,01817066	0,00160768
220,22329623	0,00185807
220,42843774	0,00175242
220,63359517	0,00169255
220,83876853	0,00192921
221,04395781	0,00153209
221,24916301	0,00193728
221,45438413	0,00172683
221,65962117	0,00161882
221,86487411	0,00163938
222,07014297	0,00203393
222,27542773	0,00185997
222,48072839	0,00184831
222,68604496	0,00184262
222,89137742	0,00188251
223,09672578	0,00160530
223,30209003	0,00188260
223,50747017	0,00151879
223,71286619	0,00172162
223,91827811	0,00152664
224,12370590	0,00162670
224,32914957	0,00152237
224,53460912	0,00172460
224,74008454	0,00139227
224,94557583	0,00185858
225,15108299	0,00160335
225,35660601	0,00180398
225,56214490	0,00174313
225,76769964	0,00187258
225,97327024	0,00187030
226,17885670	0,00174737
226,38445901	0,00195666
226,59007716	0,00186516
226,79571116	0,00171978
227,00136101	0,00198700
227,20702669	0,00181769
227,41270821	0,00185361
227,61840557	0,00163571
227,82411876	0,00176531
228,02984777	0,00145483
228,23559262	0,00165696
228,44135328	0,00154962
228,64712977	0,00167392
228,85292208	0,00145837
229,05873020	0,00166547
229,26455413	0,00156928
229,47039387	0,00167603
229,67624943	0,00156025
229,88212078	0,00190139
230,08800794	0,00183848
230,29391089	0,00176655
230,49982964	0,00170439
230,70576419	0,00195081
230,91171452	0,00190130
231,11768065	0,00186259
231,32366255	0,00187347
231,52966024	0,00181347
231,73567371	0,00159212
231,94170296	0,00166972
232,14774798	0,00148677
232,35380877	0,00165758
232,55988533	0,00155221
232,76597766	0,00179746
232,97208575	0,00153923
233,17820960	0,00168082
233,38434920	0,00169580
233,59050457	0,00178459
233,79667568	0,00172260
234,00286254	0,00188034
234,20906515	0,00181352
234,41528350	0,00186967
234,62151760	0,00194948
234,82776743	0,00218693
235,03403300	0,00202325
235,24031430	0,00187844
235,44661133	0,00179173
235,65292409	0,00210540
235,85925257	0,00168373
236,06559677	0,00175039
236,27195669	0,00173700
236,47833233	0,00171002
236,68472368	0,00156530
236,89113075	0,00172925
237,09755352	0,00176182
237,30399199	0,00167035
237,51044617	0,00138070
237,71691605	0,00178057
237,92340162	0,00165752
238,12990289	0,00187671
238,33641985	0,00174204
238,54295250	0,00174952
238,74950084	0,00205106
238,95606486	0,00187505
239,16264455	0,00177999
239,36923993	0,00190794
239,57585098	0,00182523
239,78247770	0,00208245
239,98912010	0,00201418
240,19577815	0,00176601
240,40245188	0,00173177
240,60914126	0,00169740
240,81584630	0,00172111
241,02256700	0,00185578
241,22930335	0,00180039
241,43605535	0,00196569
241,64282300	0,00184356
241,84960629	0,00188964
242,05640523	0,00195860
242,26321980	0,00190523
242,47005001	0,00178661
242,67689585	0,00188667
242,88375733	0,00185698
243,09063443	0,00222237
243,29752715	0,00196382
243,50443550	0,00204397
243,71135947	0,00212536
243,91829906	0,00205097
244,12525426	0,00221226
244,33222507	0,00200480
244,53921149	0,00182885
244,74621352	0,00184678
244,95323115	0,00166284
245,16026438	0,00186848
245,36731321	0,00190567
245,57437763	0,00197125
245,78145765	0,00168553
245,98855325	0,00201428
246,19566445	0,00184424
246,40279122	0,00200124
246,60993358	0,00179897
246,81709151	0,00189044
247,02426503	0,00178299
247,23145411	0,00185277
247,43865876	0,00185391
247,64587899	0,00206699
247,85311477	0,00223570
248,06036612	0,00214041
248,26763303	0,00204028
248,47491549	0,00203926
248,68221351	0,00172806
248,88952708	0,00173328
249,09685620	0,00172588
249,30420086	0,00212163
249,51156106	0,00193222
249,71893681	0,00232069
249,92632809	0,00179243
250,13373490	0,00217352
250,34115725	0,00187257
250,54859513	0,00207045
250,75604853	0,00177800
250,96351746	0,00184369
251,17100190	0,00184374
251,37850187	0,00196067
251,58601735	0,00192210
251,79354834	0,00213249
252,00109484	0,00213155
252,20865685	0,00222004
252,41623436	0,00188151
252,62382738	0,00204550
252,83143589	0,00174492
253,03905990	0,00186974
253,24669940	0,00164529
253,45435439	0,00198171
253,66202487	0,00170865
253,86971083	0,00232753
254,07741228	0,00181622
254,28512920	0,00205522
254,49286161	0,00196321
254,70060948	0,00188958
254,90837283	0,00168865
255,11615164	0,00200814
255,32394592	0,00189560
255,53175567	0,00202140
255,73958087	0,00171034
255,94742153	0,00216162
256,15527765	0,00184972
256,36314921	0,00210870
256,57103623	0,00177627
256,77893869	0,00204649
256,98685660	0,00183825
257,19478994	0,00188385
257,40273873	0,00177517
257,61070294	0,00198637
257,81868260	0,00181325
258,02667768	0,00230997
258,23468819	0,00210076
258,44271412	0,00214835
258,65075547	0,00207884
258,85881225	0,00219307
259,06688444	0,00192288
259,27497204	0,00198665
259,48307505	0,00185219
259,69119347	0,00197795
259,89932729	0,00176333
260,10747652	0,00212836
260,31564115	0,00207354
260,52382117	0,00207811
260,73201659	0,00208478
260,94022740	0,00213919
261,14845359	0,00193943
261,35669518	0,00207762
261,56495214	0,00188649
261,77322449	0,00193831
261,98151221	0,00199984
262,18981531	0,00218763
262,39813378	0,00205766
262,60646761	0,00229235
262,81481682	0,00198322
263,02318139	0,00203672
263,23156132	0,00187891
263,43995660	0,00217664
263,64836725	0,00180800
263,85679324	0,00199986
264,06523459	0,00189164
264,27369128	0,00225288
264,48216331	0,00213186
264,69065069	0,00205470
264,89915341	0,00217988
265,10767146	0,00203302
265,31620485	0,00205645
265,52475357	0,00168944
265,73331761	0,00181597
265,94189698	0,00197793
266,15049167	0,00192614
266,35910168	0,00204644
266,56772701	0,00196099
266,77636765	0,00203462
266,98502361	0,00202335
267,19369487	0,00212262
267,40238144	0,00204883
267,61108331	0,00209832
267,81980048	0,00191422
268,02853295	0,00187548
268,23728071	0,00214893
268,44604376	0,00215818
268,65482211	0,00196238
268,86361574	0,00225763
269,07242465	0,00200818
269,28124885	0,00226178
269,49008832	0,00197361
269,69894307	0,00219928
269,90781310	0,00179804
270,11669839	0,00200321
270,32559895	0,00190329
270,53451477	0,00206596
270,74344586	0,00204849
270,95239220	0,00223757
271,16135380	0,00198113
271,37033065	0,00205660
271,57932276	0,00192605
271,78833011	0,00206171
271,99735271	0,00194635
272,20639055	0,00228529
272,41544363	0,00205515
272,62451195	0,00211046
272,83359550	0,00213550
273,04269428	0,00226017
273,25180829	0,00219985
273,46093753	0,00215470
273,67008199	0,00222699
273,87924167	0,00201726
274,08841656	0,00184920
274,29760668	0,00204614
274,50681200	0,00198678
274,71603253	0,00209428
274,92526828	0,00208822
275,13451922	0,00202398
275,34378537	0,00196232
275,55306671	0,00207338
275,76236325	0,00185169
275,97167498	0,00187082
276,18100190	0,00195892
276,39034401	0,00210111
276,59970131	0,00190390
276,80907378	0,00232592
277,01846144	0,00198243
277,22786427	0,00225688
277,43728228	0,00205103
277,64671545	0,00246876
277,85616380	0,00212014
278,06562731	0,00209800
278,27510598	0,00217434
278,48459981	0,00223584
278,69410880	0,00183740
278,90363294	0,00215947
279,11317223	0,00207531
279,32272668	0,00201776
279,53229627	0,00183089
279,74188100	0,00213520
279,95148087	0,00187818
280,16109588	0,00216894
280,37072603	0,00182593
280,58037131	0,00209523
280,79003171	0,00215252
280,99970725	0,00212564
281,20939790	0,00212657
281,41910368	0,00214625
281,62882458	0,00227138
281,83856059	0,00234961
282,04831172	0,00218245
282,25807796	0,00224226
282,46785930	0,00233161
282,67765575	0,00209392
282,88746730	0,00203581
283,09729395	0,00230000
283,30713570	0,00205337
283,51699254	0,00222871
283,72686447	0,00212249
283,93675149	0,00218726
284,14665359	0,00182546
284,35657078	0,00208148
284,56650304	0,00208665
284,77645039	0,00220218
284,98641281	0,00219196
285,19639030	0,00219571
285,40638286	0,00212654
285,61639048	0,00215592
285,82641317	0,00197925
286,03645092	0,00216422
286,24650372	0,00217467
286,45657159	0,00233819
286,66665450	0,00210505
286,87675247	0,00248447
287,08686548	0,00192296
287,29699353	0,00232561
287,50713663	0,00213977
287,71729476	0,00232937
287,92746793	0,00212703
288,13765614	0,00217638
288,34785937	0,00207492
288,55807763	0,00212814
288,76831092	0,00215707
288,97855923	0,00191908
289,18882255	0,00204837
289,39910090	0,00212887
289,60939426	0,00214135
289,81970263	0,00205829
290,03002600	0,00199781
290,24036439	0,00228441
290,45071777	0,00217573
290,66108616	0,00229815
290,87146954	0,00213543
291,08186792	0,00243319
291,29228129	0,00210659
291,50270965	0,00217291
291,71315299	0,00214017
291,92361132	0,00215699
292,13408463	0,00224415
292,34457291	0,00223291
292,55507618	0,00188765
292,76559441	0,00216793
292,97612761	0,00190854
293,18667578	0,00220386
293,39723892	0,00204510
293,60781702	0,00225570
293,81841007	0,00243462
294,02901808	0,00217375
294,23964105	0,00208734
294,45027896	0,00222391
294,66093183	0,00222327
294,87159963	0,00213025
295,08228238	0,00211422
295,29298007	0,00231564
295,50369270	0,00210920
295,71442026	0,00221136
295,92516275	0,00225587
296,13592017	0,00229280
296,34669251	0,00213067
296,55747978	0,00225258
296,76828197	0,00186210
296,97909908	0,00224947
297,18993110	0,00177402
297,40077803	0,00223831
297,61163987	0,00213559
297,82251662	0,00228042
298,03340827	0,00221990
298,24431482	0,00220372
298,45523627	0,00206146
298,66617261	0,00227880
298,87712385	0,00217420
299,08808998	0,00240560
299,29907100	0,00218134
299,51006689	0,00229337
299,72107768	0,00218991
299,93210333	0,00218693
300,14314387	0,00212945
300,35419928	0,00226550
300,56526956	0,00214488
300,77635471	0,00237271
300,98745472	0,00197755
301,19856959	0,00215313
301,40969933	0,00218534
301,62084392	0,00208433
301,83200336	0,00230791
302,04317766	0,00218181
302,25436681	0,00248379
302,46557080	0,00249739
302,67678963	0,00225110
302,88802330	0,00220646
303,09927182	0,00209713
303,31053516	0,00251322
303,52181334	0,00207238
303,73310635	0,00236989
303,94441418	0,00204986
304,15573684	0,00229680
304,36707432	0,00211023
304,57842661	0,00218750
304,78979373	0,00216700
305,00117565	0,00229747
305,21257239	0,00221139
305,42398393	0,00234407
305,63541028	0,00218203
305,84685142	0,00224010
306,05830737	0,00219265
306,26977811	0,00222274
306,48126365	0,00228185
306,69276398	0,00260807
306,90427909	0,00227189
307,11580900	0,00248547
307,32735368	0,00189807
307,53891314	0,00238305
307,75048738	0,00210318
307,96207640	0,00235198
308,17368018	0,00213252
308,38529873	0,00249956
308,59693205	0,00229960
308,80858014	0,00226726
309,02024298	0,00217240
309,23192058	0,00240807
309,44361294	0,00194433
309,65532005	0,00218981
309,86704190	0,00224103
310,07877851	0,00238358
310,29052985	0,00225908
310,50229594	0,00239591
310,71407677	0,00225354
310,92587233	0,00252902
311,13768263	0,00254031
311,34950765	0,00254856
311,56134741	0,00205627
311,77320189	0,00235257
311,98507108	0,00233574
312,19695500	0,00230462
312,40885364	0,00218029
312,62076699	0,00230339
312,83269505	0,00215614
313,04463781	0,00220014
313,25659529	0,00221492
313,46856746	0,00245857
313,68055434	0,00231304
313,89255591	0,00258576
314,10457217	0,00223935
314,31660313	0,00253689
314,52864878	0,00243554
314,74070911	0,00236316
314,95278413	0,00244147
315,16487382	0,00250648
315,37697820	0,00247391
315,58909725	0,00251773
315,80123097	0,00219826
316,01337936	0,00245891
316,22554241	0,00245903
316,43772014	0,00239461
316,64991252	0,00211511
316,86211956	0,00226665
317,07434126	0,00207795
317,28657761	0,00235484
317,49882861	0,00220339
317,71109425	0,00243292
317,92337455	0,00231580
318,13566948	0,00249805
318,34797905	0,00250863
318,56030326	0,00238992
318,77264211	0,00228393
318,98499558	0,00237614
319,19736368	0,00224986
319,40974641	0,00251343
319,62214376	0,00217649
319,83455573	0,00225882
320,04698232	0,00231268
320,25942352	0,00239446
320,47187933	0,00226184
320,68434976	0,00240616
320,89683479	0,00238683
321,10933442	0,00220481
321,32184865	0,00213983
321,53437748	0,00244268
321,74692091	0,00247676
321,95947892	0,00243546
322,17205153	0,00232538
322,38463873	0,00261122
322,59724051	0,00239709
322,80985687	0,00246135
323,02248780	0,00247521
323,23513332	0,00246570
323,44779341	0,00225730
323,66046806	0,00263905
323,87315729	0,00253525
324,08586108	0,00257187
324,29857943	0,00215021
324,51131234	0,00238458
324,72405981	0,00217956
324,93682183	0,00253797
325,14959840	0,00223862
325,36238953	0,00251484
325,57519519	0,00238565
325,78801540	0,00251535
326,00085015	0,00239480
326,21369944	0,00275653
326,42656326	0,00245059
326,63944161	0,00257041
326,85233450	0,00252766
327,06524190	0,00262470
327,27816384	0,00239994
327,49110029	0,00266396
327,70405126	0,00273777
327,91701674	0,00264104
328,12999674	0,00257274
328,34299125	0,00261101
328,55600027	0,00244024
328,76902378	0,00241260
328,98206181	0,00221363
329,19511432	0,00259970
329,40818134	0,00243291
329,62126285	0,00261416
329,83435885	0,00230110
330,04746933	0,00275044
330,26059431	0,00267477
330,47373376	0,00266064
330,68688769	0,00259295
330,90005610	0,00286993
331,11323899	0,00249197
331,32643634	0,00282537
331,53964816	0,00235630
331,75287445	0,00253005
331,96611521	0,00273543
332,17937042	0,00259355
332,39264009	0,00254167
332,60592421	0,00261361
332,81922279	0,00239195
333,03253581	0,00255533
333,24586328	0,00244697
333,45920520	0,00258263
333,67256156	0,00246758
333,88593235	0,00268198
334,09931758	0,00229782
334,31271724	0,00253425
334,52613133	0,00273403
334,73955985	0,00285220
334,95300280	0,00267903
335,16646016	0,00283919
335,37993194	0,00281194
335,59341814	0,00280202
335,80691876	0,00265073
336,02043378	0,00285641
336,23396321	0,00288419
336,44750705	0,00273294
336,66106529	0,00289448
336,87463793	0,00287845
337,08822496	0,00265338
337,30182639	0,00294642
337,51544221	0,00262349
337,72907242	0,00274643
337,94271702	0,00274829
338,15637599	0,00263415
338,37004935	0,00274017
338,58373709	0,00311978
338,79743920	0,00291409
339,01115568	0,00298501
339,22488653	0,00297686
339,43863175	0,00306231
339,65239133	0,00292776
339,86616528	0,00316724
340,07995358	0,00286823
340,29375623	0,00291127
340,50757324	0,00310700
340,72140460	0,00309890
340,93525031	0,00307508
341,14911036	0,00312392
341,36298475	0,00285137
341,57687348	0,00296823
341,79077655	0,00283662
342,00469395	0,00294582
342,21862569	0,00294692
342,43257175	0,00303755
342,64653213	0,00295360
342,86050684	0,00304104
343,07449587	0,00305303
343,28849921	0,00312523
343,50251687	0,00314845
343,71654884	0,00316652
343,93059512	0,00324846
344,14465570	0,00344345
344,35873059	0,00308830
344,57281978	0,00341755
344,78692326	0,00331991
345,00104104	0,00369908
345,21517311	0,00316778
345,42931948	0,00340817
345,64348012	0,00324915
345,85765506	0,00337645
346,07184427	0,00342502
346,28604776	0,00360912
346,50026553	0,00318529
346,71449757	0,00340036
346,92874388	0,00319321
347,14300446	0,00345862
347,35727930	0,00345525
347,57156840	0,00361125
347,78587177	0,00328272
348,00018939	0,00353507
348,21452126	0,00337978
348,42886738	0,00345679
348,64322775	0,00355545
348,85760237	0,00357030
349,07199123	0,00354292
349,28639433	0,00397647
349,50081167	0,00361918
349,71524324	0,00383922
349,92968904	0,00343239
350,14414907	0,00392328
350,35862333	0,00368830
350,57311181	0,00388921
350,78761451	0,00366217
351,00213143	0,00384635
351,21666256	0,00365771
351,43120791	0,00368472
351,64576746	0,00376888
351,86034123	0,00406590
352,07492919	0,00413383
352,28953136	0,00395498
352,50414773	0,00384608
352,71877829	0,00382409
352,93342304	0,00391398
353,14808199	0,00408525
353,36275512	0,00395985
353,57744244	0,00424081
353,79214393	0,00417119
354,00685961	0,00411085
354,22158947	0,00399286
354,43633349	0,00409645
354,65109169	0,00396220
354,86586406	0,00423047
355,08065059	0,00414991
355,29545129	0,00416008
355,51026614	0,00421936
355,72509516	0,00425409
355,93993832	0,00405515
356,15479564	0,00442026
356,36966711	0,00425858
356,58455272	0,00457508
356,79945248	0,00445051
357,01436638	0,00461393
357,22929441	0,00443644
357,44423658	0,00446276
357,65919289	0,00459613
357,87416332	0,00466840
358,08914788	0,00467799
358,30414656	0,00458368
358,51915937	0,00462793
358,73418629	0,00469580
358,94922733	0,00468705
359,16428248	0,00457225
359,37935175	0,00470899
359,59443512	0,00472476
359,80953259	0,00473245
360,02464417	0,00466868
360,23976984	0,00488448
360,45490962	0,00487907
360,67006348	0,00487482
360,88523144	0,00510539
361,10041349	0,00507300
361,31560962	0,00502405
361,53081983	0,00506255
361,74604413	0,00498395
361,96128250	0,00486234
362,17653495	0,00515674
362,39180147	0,00516288
362,60708205	0,00508361
362,82237671	0,00507661
363,03768542	0,00533699
363,25300820	0,00505527
363,46834504	0,00523514
363,68369593	0,00527082
363,89906087	0,00514290
364,11443986	0,00507323
364,32983290	0,00506755
364,54523999	0,00504931
364,76066112	0,00550428
364,97609628	0,00544995
365,19154548	0,00551833
365,40700871	0,00566269
365,62248598	0,00550976
365,83797727	0,00563361
366,05348259	0,00583244
366,26900193	0,00578234
366,48453528	0,00568827
366,70008266	0,00559235
366,91564405	0,00574315
367,13121945	0,00570898
367,34680886	0,00582939
367,56241227	0,00593720
367,77802969	0,00594745
367,99366111	0,00585336
368,20930652	0,00599526
368,42496593	0,00605884
368,64063933	0,00627288
368,85632672	0,00591142
369,07202810	0,00621432
369,28774346	0,00607853
369,50347280	0,00639822
369,71921612	0,00625698
369,93497342	0,00653732
370,15074468	0,00627762
370,36652992	0,00672062
370,58232913	0,00636611
370,79814229	0,00668905
371,01396942	0,00658141
371,22981051	0,00662997
371,44566556	0,00676237
371,66153456	0,00698149
371,87741751	0,00678293
372,09331440	0,00669564
372,30922525	0,00654512
372,52515003	0,00696592
372,74108875	0,00691922
372,95704142	0,00723479
373,17300801	0,00721333
373,38898854	0,00743998
373,60498299	0,00733107
373,82099137	0,00752116
374,03701367	0,00772695
374,25304990	0,00776294
374,46910004	0,00774539
374,68516410	0,00787272
374,90124206	0,00789115
375,11733394	0,00815287
375,33343972	0,00806015
375,54955941	0,00819290
375,76569300	0,00798110
375,98184049	0,00837048
376,19800187	0,00840868
376,41417714	0,00884552
376,63036631	0,00761350
376,84656936	0,01004193
377,06278630	0,00879007
377,27901712	0,00901175
377,49526181	0,00907481
377,71152039	0,00927088
377,92779284	0,00897836
378,14407915	0,00946657
378,36037934	0,00927938
378,57669339	0,00956107
378,79302130	0,00968519
379,00936308	0,00976051
379,22571871	0,00978075
379,44208819	0,00985021
379,65847152	0,00973636
379,87486871	0,00999702
380,09127974	0,01011194
380,30770461	0,01047531
380,52414333	0,01051365
380,74059588	0,01057469
380,95706226	0,01081326
381,17354248	0,01099319
381,39003653	0,01085344
381,60654440	0,01115269
381,82306610	0,01107498
382,03960162	0,01121483
382,25615096	0,01127825
382,47271411	0,01159219
382,68929108	0,01136272
382,90588185	0,01165639
383,12248644	0,01171070
383,33910483	0,01204454
383,55573702	0,01198280
383,77238300	0,01196021
383,98904279	0,01201370
384,20571637	0,01217886
384,42240374	0,01236828
384,63910490	0,01238691
384,85581984	0,01275056
385,07254856	0,01258207
385,28929107	0,01274991
385,50604735	0,01301340
385,72281741	0,01280606
385,93960124	0,01319993
386,15639883	0,01315461
386,37321020	0,01332364
386,59003532	0,01332881
386,80687421	0,01363737
387,02372686	0,01364586
387,24059326	0,01391204
387,45747341	0,01347897
387,67436731	0,01376879
387,89127496	0,01388003
388,10819635	0,01407353
388,32513148	0,01404150
388,54208035	0,01464672
388,75904296	0,01432160
388,97601930	0,01441879
389,19300937	0,01472348
389,41001317	0,01480825
389,62703070	0,01512249
389,84406194	0,01531776
390,06110690	0,01532545
390,27816559	0,01567115
390,49523798	0,01577070
390,71232408	0,01582014
390,92942390	0,01618096
391,14653742	0,01622450
391,36366464	0,01638655
391,58080556	0,01661153
391,79796018	0,01667781
392,01512849	0,01700536
392,23231050	0,01696514
392,44950619	0,01755831
392,66671557	0,01755916
392,88393863	0,01769189
393,10117538	0,01791352
393,31842580	0,01837742
393,53568990	0,01854235
393,75296766	0,01882922
393,97025910	0,01864806
394,18756421	0,01946911
394,40488298	0,01925149
394,62221541	0,01991299
394,83956150	0,01997778
395,05692125	0,01996546
395,27429464	0,02021026
395,49168169	0,02041260
395,70908239	0,02027211
395,92649673	0,02062099
396,14392471	0,02068661
396,36136634	0,02091007
396,57882160	0,02100662
396,79629049	0,02124264
397,01377301	0,02143397
397,23126917	0,02169405
397,44877895	0,02169197
397,66630235	0,02214680
397,88383937	0,02216449
398,10139001	0,02223303
398,31895426	0,02265838
398,53653212	0,02286488
398,75412360	0,02291645
398,97172868	0,02320543
399,18934736	0,02307847
399,40697964	0,02339186
399,62462553	0,02351289
399,84228500	0,02365122
400,05995807	0,02352516
400,27764473	0,02397950
400,49534498	0,02406231
400,71305881	0,02414933
400,93078622	0,02420080
401,14852721	0,02472058
401,36628178	0,02525008
401,58404992	0,02504304
401,80183163	0,02487009
402,01962691	0,02516013
402,23743575	0,02547117
402,45525816	0,02600050
402,67309412	0,02602895
402,89094365	0,02655219
403,10880672	0,02673552
403,32668335	0,02659533
403,54457352	0,02695099
403,76247725	0,02715659
403,98039451	0,02733157
404,19832531	0,02723388
404,41626965	0,02740073
404,63422753	0,02720058
404,85219894	0,02783320
405,07018388	0,02798173
405,28818234	0,02847564
405,50619433	0,02904366
405,72421983	0,02896408
405,94225886	0,02920746
406,16031140	0,02938944
406,37837746	0,02936013
406,59645702	0,02969860
406,81455009	0,02999158
407,03265667	0,03073676
407,25077674	0,03052435
407,46891032	0,03085445
407,68705739	0,03113542
407,90521796	0,03117724
408,12339201	0,03129249
408,34157956	0,03145196
408,55978059	0,03153215
408,77799510	0,03174982
408,99622309	0,03140167
409,21446456	0,03206532
409,43271950	0,03201868
409,65098791	0,03235288
409,86926979	0,03262700
410,08756514	0,03271053
410,30587395	0,03277048
410,52419622	0,03313328
410,74253195	0,03329479
410,96088113	0,03358372
411,17924377	0,03355952
411,39761985	0,03408130
411,61600938	0,03416374
411,83441235	0,03422264
412,05282877	0,03447263
412,27125862	0,03468449
412,48970191	0,03485497
412,70815864	0,03497181
412,92662879	0,03487561
413,14511237	0,03531233
413,36360937	0,03536725
413,58211980	0,03557284
413,80064364	0,03613943
414,01918090	0,03654202
414,23773157	0,03627303
414,45629566	0,03686873
414,67487315	0,03700994
414,89346405	0,03727827
415,11206835	0,03737300
415,33068605	0,03774941
415,54931715	0,03798916
415,76796164	0,03830559
415,98661952	0,03852821
416,20529079	0,03865428
416,42397545	0,03913501
416,64267349	0,03950504
416,86138491	0,03978815
417,08010971	0,03972530
417,29884788	0,03981632
417,51759943	0,04007080
417,73636434	0,04044802
417,95514262	0,04106198
418,17393427	0,04111487
418,39273927	0,04183629
418,61155764	0,04201937
418,83038936	0,04264262
419,04923443	0,04280693
419,26809286	0,04323159
419,48696463	0,04331549
419,70584974	0,04370496
419,92474820	0,04411410
420,14365999	0,04466827
420,36258513	0,04468195
420,58152359	0,04521310
420,80047539	0,04509263
421,01944051	0,04581177
421,23841897	0,04591947
421,45741074	0,04593882
421,67641583	0,04572136
421,89543424	0,04566106
422,11446596	0,04575494
422,33351100	0,04613932
422,55256934	0,04660741
422,77164099	0,04721192
422,99072595	0,04673138
423,20982420	0,04693854
423,42893575	0,04734018
423,64806060	0,04773904
423,86719874	0,04811380
424,08635017	0,04817876
424,30551489	0,04740773
424,52469289	0,04716404
424,74388417	0,04605247
424,96308873	0,04514702
425,18230656	0,04324117
425,40153767	0,04267735
425,62078205	0,04157175
425,84003969	0,04173136
426,05931060	0,04199346
426,27859477	0,04311556
426,49789221	0,04384080
426,71720289	0,04489156
426,93652684	0,04520418
427,15586403	0,04612815
427,37521447	0,04647436
427,59457816	0,04721588
427,81395509	0,04748108
428,03334525	0,04762639
428,25274866	0,04856836
428,47216530	0,04881365
428,69159517	0,04891818
428,91103827	0,04907769
429,13049460	0,04954288
429,34996415	0,05025721
429,56944692	0,05056785
429,78894291	0,05142317
430,00845212	0,05158837
430,22797453	0,05264005
430,44751016	0,05292261
430,66705899	0,05359649
430,88662103	0,05432130
431,10619627	0,05453127
431,32578471	0,05526229
431,54538634	0,05600155
431,76500117	0,05640451
431,98462918	0,05732891
432,20427039	0,05718781
432,42392478	0,05759911
432,64359235	0,05785908
432,86327310	0,05837768
433,08296702	0,05862008
433,30267413	0,05865076
433,52239440	0,05951806
433,74212784	0,06004955
433,96187444	0,06073622
434,18163421	0,06123528
434,40140714	0,06143888
434,62119323	0,06212505
434,84099247	0,06247561
435,06080486	0,06306505
435,28063040	0,06288784
435,50046909	0,06346062
435,72032092	0,06352001
435,94018589	0,06436027
436,16006400	0,06476428
436,37995525	0,06579376
436,59985962	0,06553096
436,81977713	0,06634142
437,03970777	0,06687903
437,25965152	0,06690703
437,47960840	0,06727778
437,69957840	0,06791405
437,91956152	0,06808498
438,13955775	0,06859684
438,35956709	0,06881513
438,57958953	0,06934767
438,79962508	0,06955240
439,01967374	0,07009360
439,23973549	0,07022010
439,45981034	0,07061155
439,67989828	0,07042970
439,89999932	0,07088640
440,12011344	0,07120675
440,34024065	0,07179800
440,56038094	0,07204821
440,78053431	0,07257451
441,00070076	0,07309656
441,22088029	0,07339070
441,44107288	0,07382509
441,66127855	0,07382027
441,88149728	0,07449116
442,10172907	0,07480724
442,32197393	0,07513176
442,54223184	0,07541919
442,76250281	0,07569803
442,98278684	0,07620859
443,20308391	0,07649982
443,42339403	0,07651092
443,64371719	0,07682239
443,86405340	0,07719598
444,08440264	0,07763523
444,30476492	0,07761623
444,52514023	0,07811054
444,74552858	0,07858493
444,96592995	0,07882838
445,18634435	0,07931883
445,40677177	0,08003263
445,62721220	0,08044091
445,84766566	0,08074381
446,06813213	0,08131211
446,28861161	0,08182712
446,50910410	0,08249313
446,72960960	0,08235215
446,95012809	0,08212487
447,17065959	0,08171000
447,39120409	0,08181954
447,61176158	0,08196604
447,83233206	0,08166442
448,05291554	0,08166132
448,27351199	0,08246940
448,49412144	0,08302781
448,71474386	0,08381595
448,93537926	0,08453714
449,15602764	0,08517861
449,37668899	0,08559815
449,59736331	0,08621167
449,81805060	0,08714269
450,03875085	0,08745198
450,25946406	0,08749002
450,48019024	0,08866565
450,70092936	0,08878401
450,92168145	0,08960722
451,14244648	0,08943496
451,36322446	0,09038929
451,58401539	0,09025477
451,80481925	0,09135894
452,02563606	0,09163468
452,24646581	0,09257194
452,46730849	0,09234108
452,68816410	0,09273366
452,90903264	0,09340874
453,12991410	0,09354068
453,35080849	0,09426422
453,57171580	0,09447947
453,79263603	0,09477126
454,01356917	0,09590304
454,23451522	0,09642270
454,45547419	0,09667029
454,67644606	0,09721940
454,89743083	0,09807699
455,11842850	0,09798553
455,33943908	0,09895945
455,56046255	0,09890163
455,78149891	0,09869289
456,00254816	0,09887974
456,22361030	0,09953556
456,44468532	0,09958913
456,66577323	0,10032696
456,88687401	0,10049163
457,10798767	0,10067150
457,32911421	0,10071105
457,55025361	0,10128522
457,77140589	0,10135286
457,99257103	0,10190798
458,21374903	0,10215422
458,43493989	0,10301799
458,65614361	0,10379993
458,87736018	0,10457683
459,09858960	0,10553282
459,31983188	0,10593034
459,54108700	0,10635258
459,76235496	0,10648552
459,98363576	0,10737074
460,20492940	0,10773615
460,42623588	0,10912982
460,64755518	0,10935009
460,86888732	0,11048610
461,09023229	0,11145264
461,31159007	0,11198532
461,53296068	0,11228159
461,75434411	0,11353874
461,97574036	0,11401412
462,19714941	0,11449248
462,41857128	0,11494592
462,64000595	0,11598097
462,86145343	0,11665493
463,08291371	0,11709984
463,30438679	0,11814049
463,52587267	0,11890925
463,74737134	0,11980908
463,96888280	0,12016565
464,19040705	0,12117011
464,41194409	0,12153807
464,63349391	0,12225249
464,85505650	0,12294076
465,07663188	0,12365177
465,29822003	0,12486509
465,51982095	0,12594793
465,74143464	0,12703357
465,96306109	0,12854644
466,18470031	0,12891194
466,40635229	0,13038868
466,62801703	0,13111119
466,84969452	0,13133210
467,07138477	0,13270409
467,29308777	0,13314335
467,51480351	0,13464161
467,73653199	0,13556103
467,95827322	0,13628799
468,18002719	0,13727051
468,40179389	0,13792059
468,62357332	0,13904106
468,84536549	0,13927840
469,06717038	0,14033285
469,28898800	0,14091617
469,51081834	0,14191202
469,73266140	0,14245945
469,95451718	0,14346761
470,17638567	0,14415244
470,39826687	0,14446331
470,62016078	0,14464245
470,84206739	0,14548590
471,06398671	0,14563630
471,28591873	0,14650547
471,50786344	0,14638230
471,72982085	0,14745138
471,95179095	0,14828208
472,17377374	0,14868571
472,39576922	0,15018703
472,61777738	0,15068175
472,83979822	0,15120188
473,06183174	0,15167167
473,28387793	0,15251700
473,50593680	0,15324108
473,72800834	0,15347573
473,95009254	0,15382397
474,17218941	0,15437947
474,39429894	0,15552528
474,61642113	0,15619972
474,83855597	0,15705151
475,06070347	0,15793535
475,28286361	0,15804432
475,50503641	0,15891381
475,72722185	0,15878767
475,94941993	0,15925938
476,17163066	0,15990421
476,39385401	0,16091986
476,61609001	0,16152401
476,83833863	0,16249051
477,06059988	0,16343916
477,28287376	0,16485640
477,50516026	0,16495137
477,72745938	0,16580273
477,94977112	0,16592042
478,17209547	0,16672799
478,39443244	0,16776413
478,61678201	0,16806744
478,83914420	0,16929096
479,06151898	0,17004460
479,28390636	0,17106267
479,50630635	0,17154932
479,72871893	0,17228320
479,95114410	0,17317306
480,17358186	0,17366899
480,39603221	0,17446352
480,61849514	0,17574923
480,84097066	0,17623426
481,06345875	0,17735081
481,28595942	0,17885443
481,50847266	0,17929874
481,73099847	0,18074987
481,95353686	0,18070691
482,17608780	0,18103656
482,39865131	0,18191806
482,62122738	0,18255870
482,84381600	0,18413508
483,06641718	0,18454573
483,28903091	0,18512920
483,51165719	0,18585897
483,73429602	0,18704720
483,95694738	0,18816949
484,17961129	0,18957668
484,40228774	0,19027515
484,62497672	0,19134320
484,84767823	0,19251367
485,07039227	0,19276743
485,29311884	0,19355986
485,51585793	0,19453604
485,73860955	0,19497456
485,96137368	0,19657267
486,18415033	0,19726147
486,40693949	0,19800340
486,62974115	0,19848862
486,85255533	0,19979547
487,07538201	0,20084381
487,29822120	0,20256505
487,52107288	0,20315775
487,74393706	0,20528359
487,96681373	0,20655251
488,18970289	0,20790667
488,41260454	0,20817577
488,63551868	0,20912384
488,85844530	0,21036892
489,08138439	0,21171633
489,30433597	0,21182657
489,52730002	0,21283262
489,75027654	0,21411261
489,97326553	0,21571871
490,19626698	0,21702064
490,41928090	0,21863257
490,64230728	0,21987250
490,86534611	0,22078619
491,08839741	0,22148018
491,31146115	0,22288740
491,53453734	0,22379813
491,75762598	0,22473629
491,98072707	0,22615895
492,20384059	0,22715203
492,42696655	0,22701469
492,65010495	0,22826297
492,87325578	0,22855258
493,09641904	0,22890759
493,31959473	0,22941322
493,54278285	0,23006143
493,76598338	0,23070513
493,98919634	0,23161928
494,21242171	0,23236498
494,43565949	0,23433566
494,65890969	0,23398380
494,88217229	0,23587577
495,10544730	0,23636794
495,32873471	0,23765847
495,55203452	0,23845658
495,77534673	0,23943026
495,99867133	0,24005586
496,22200833	0,24064465
496,44535771	0,24137967
496,66871948	0,24186429
496,89209363	0,24284082
497,11548016	0,24391883
497,33887907	0,24498919
497,56229036	0,24521953
497,78571402	0,24601295
498,00915004	0,24798559
498,23259844	0,24971533
498,45605920	0,25072852
498,67953231	0,25162197
498,90301779	0,25363150
499,12651563	0,25408720
499,35002581	0,25567878
499,57354835	0,25724392
499,79708323	0,25892821
500,02063046	0,26110735
500,24419003	0,26126520
500,46776194	0,26215807
500,69134619	0,26391343
500,91494277	0,26523271
501,13855168	0,26645820
501,36217292	0,26720179
501,58580649	0,26764482
501,80945238	0,26975107
502,03311058	0,27099584
502,25678111	0,27130253
502,48046395	0,27318744
502,70415910	0,27483443
502,92786656	0,27583907
503,15158632	0,27711377
503,37531839	0,27833298
503,59906276	0,27959567
503,82281943	0,28144279
504,04658840	0,28242209
504,27036965	0,28317611
504,49416320	0,28452061
504,71796903	0,28664818
504,94178715	0,28653680
505,16561754	0,28849131
505,38946022	0,29014706
505,61331517	0,29130029
505,83718240	0,29239827
506,06106189	0,29455036
506,28495366	0,29553235
506,50885768	0,29720281
506,73277397	0,29706415
506,95670252	0,29902925
507,18064333	0,30083475
507,40459639	0,30247087
507,62856170	0,30354596
507,85253926	0,30467635
508,07652907	0,30475914
508,30053111	0,30525238
508,52454540	0,30696861
508,74857193	0,30773159
508,97261069	0,30936874
509,19666168	0,31107194
509,42072490	0,31239458
509,64480035	0,31227107
509,86888802	0,31267117
510,09298791	0,31293449
510,31710002	0,31205215
510,54122434	0,31341930
510,76536088	0,31432090
510,98950963	0,31435242
511,21367058	0,31528334
511,43784374	0,31563331
511,66202910	0,31565952
511,88622666	0,31709501
512,11043641	0,31764815
512,33465836	0,31869859
512,55889250	0,31907281
512,78313882	0,31944429
513,00739733	0,31953562
513,23166803	0,32072878
513,45595090	0,32027100
513,68024595	0,32061630
513,90455317	0,31958403
514,12887257	0,31978224
514,35320413	0,31870433
514,57754786	0,31902292
514,80190375	0,31798589
515,02627180	0,31874987
515,25065201	0,31929549
515,47504437	0,32050940
515,69944889	0,32048345
515,92386555	0,32169418
516,14829436	0,32233968
516,37273532	0,32249938
516,59718842	0,32315903
516,82165365	0,32402501
517,04613102	0,32362153
517,27062052	0,32431464
517,49512215	0,32526266
517,71963591	0,32588925
517,94416180	0,32569374
518,16869980	0,32730462
518,39324992	0,32737979
518,61781216	0,32805923
518,84238652	0,32849353
519,06697298	0,32899852
519,29157155	0,32971722
519,51618223	0,32960809
519,74080501	0,32973686
519,96543989	0,33078674
520,19008686	0,33146788
520,41474593	0,33202481
520,63941710	0,33204457
520,86410034	0,33259514
521,08879568	0,33360210
521,31350310	0,33389596
521,53822260	0,33483758
521,76295417	0,33486881
521,98769783	0,33693528
522,21245355	0,33911490
522,43722134	0,33986392
522,66200120	0,34217366
522,88679312	0,34360310
523,11159711	0,34450789
523,33641315	0,34582564
523,56124125	0,34630257
523,78608140	0,34752750
524,01093360	0,34937490
524,23579785	0,35058013
524,46067414	0,35252852
524,68556247	0,35444839
524,91046284	0,35497015
525,13537525	0,35533110
525,36029970	0,35619574
525,58523617	0,35735922
525,81018467	0,35765683
526,03514520	0,35987360
526,26011775	0,36018589
526,48510232	0,36213572
526,71009890	0,36411544
526,93510750	0,36593792
527,16012811	0,36749732
527,38516073	0,36925882
527,61020536	0,36916041
527,83526199	0,37079009
528,06033062	0,37186332
528,28541125	0,37341065
528,51050387	0,37448413
528,73560848	0,37560201
528,96072509	0,37522185
529,18585368	0,37643558
529,41099425	0,37670156
529,63614681	0,37869254
529,86131134	0,37957983
530,08648785	0,38159740
530,31167633	0,38275113
530,53687678	0,38431937
530,76208920	0,38580069
530,98731359	0,38740824
531,21254994	0,38748313
531,43779824	0,38881770
531,66305850	0,39053834
531,88833072	0,39181452
532,11361488	0,39303239
532,33891100	0,39458778
532,56421906	0,39524801
532,78953906	0,39631960
533,01487100	0,39743217
533,24021488	0,39911911
533,46557070	0,39909048
533,69093844	0,40079256
533,91631811	0,40143877
534,14170971	0,40294837
534,36711324	0,40215673
534,59252868	0,40344155
534,81795604	0,40345486
535,04339532	0,40538281
535,26884651	0,40472071
535,49430961	0,40460572
535,71978461	0,40491769
535,94527152	0,40594375
536,17077033	0,40669443
536,39628104	0,40897528
536,62180365	0,40899442
536,84733815	0,41022585
537,07288453	0,41128141
537,29844281	0,41389076
537,52401297	0,41313844
537,74959501	0,41501625
537,97518893	0,41572719
538,20079473	0,41757570
538,42641240	0,41606364
538,65204195	0,41756519
538,87768336	0,41855983
539,10333663	0,42032343
539,32900177	0,42083601
539,55467877	0,42215223
539,78036763	0,42288503
540,00606834	0,42436314
540,23178090	0,42444776
540,45750531	0,42632817
540,68324157	0,42806768
540,90898967	0,43023484
541,13474961	0,43185816
541,36052139	0,43281014
541,58630501	0,43440977
541,81210045	0,43716889
542,03790773	0,43713229
542,26372683	0,43962119
542,48955776	0,43945449
542,71540051	0,44086525
542,94125508	0,44229400
543,16712146	0,44344069
543,39299966	0,44348504
543,61888967	0,44407468
543,84479148	0,44476961
544,07070510	0,44684681
544,29663052	0,44713014
544,52256774	0,44805628
544,74851676	0,44814085
544,97447757	0,44879403
545,20045018	0,44837293
545,42643457	0,45098522
545,65243074	0,45277443
545,87843870	0,45497937
546,10445844	0,45621505
546,33048996	0,45647619
546,55653325	0,45722034
546,78258831	0,45856587
547,00865515	0,45956651
547,23473375	0,46248047
547,46082411	0,46410356
547,68692623	0,46462443
547,91304011	0,46611114
548,13916575	0,46814238
548,36530314	0,46948983
548,59145227	0,47213621
548,81761316	0,47235026
549,04378579	0,47294824
549,26997016	0,47414087
549,49616627	0,47719218
549,72237412	0,47727456
549,94859370	0,47999429
550,17482501	0,48102511
550,40106804	0,48346391
550,62732281	0,48383200
550,85358929	0,48483929
551,07986750	0,48477245
551,30615742	0,48630619
551,53245905	0,48605887
551,75877240	0,48842991
551,98509745	0,48877619
552,21143421	0,49014299
552,43778268	0,49189445
552,66414284	0,49337149
552,89051470	0,49578601
553,11689826	0,49946274
553,34329350	0,50143434
553,56970044	0,50348299
553,79611906	0,50429907
554,02254937	0,50778795
554,24899136	0,51028438
554,47544502	0,51093943
554,70191036	0,51134970
554,92838738	0,51344636
555,15487606	0,51391266
555,38137641	0,51676462
555,60788843	0,51810232
555,83441211	0,52188619
556,06094744	0,52222328
556,28749443	0,52514290
556,51405308	0,52694970
556,74062337	0,52882137
556,96720532	0,53021219
557,19379891	0,53126971
557,42040414	0,53193846
557,64702101	0,53346304
557,87364952	0,53403281
558,10028966	0,53585040
558,32694143	0,53528759
558,55360483	0,53727992
558,78027986	0,53895686
559,00696651	0,54014882
559,23366478	0,54118519
559,46037467	0,54381112
559,68709617	0,54513576
559,91382929	0,54531209
560,14057401	0,54618559
560,36733035	0,54803885
560,59409828	0,54788951
560,82087782	0,54722772
561,04766895	0,54719535
561,27447168	0,54733674
561,50128600	0,54648526
561,72811192	0,54690920
561,95494942	0,54665899
562,18179850	0,54776155
562,40865917	0,54821428
562,63553141	0,54868801
562,86241523	0,54980924
563,08931063	0,55213259
563,31621759	0,55453792
563,54313613	0,55690371
563,77006623	0,55860467
563,99700789	0,56114026
564,22396111	0,56240109
564,45092589	0,56527050
564,67790222	0,56662863
564,90489010	0,56827664
565,13188953	0,56927032
565,35890051	0,57096447
565,58592303	0,57103824
565,81295710	0,57315744
566,04000269	0,57437291
566,26705983	0,57786699
566,49412850	0,57806316
566,72120869	0,58095415
566,94830041	0,58247944
567,17540366	0,58350711
567,40251843	0,58420344
567,62964472	0,58653709
567,85678252	0,58668126
568,08393183	0,58994210
568,31109266	0,59081452
568,53826499	0,59179217
568,76544883	0,59249638
568,99264416	0,59382967
569,21985100	0,59334253
569,44706934	0,59490651
569,67429916	0,59630103
569,90154048	0,59756223
570,12879329	0,60024337
570,35605758	0,60452836
570,58333336	0,60716350
570,81062061	0,61111550
571,03791934	0,61314599
571,26522955	0,61577344
571,49255123	0,61784338
571,71988437	0,62099702
571,94722899	0,62221312
572,17458506	0,62584676
572,40195260	0,62727013
572,62933159	0,62966533
572,85672204	0,62968444
573,08412394	0,63184705
573,31153729	0,63147524
573,53896209	0,63603969
573,76639833	0,63681819
573,99384602	0,63918760
574,22130514	0,63921637
574,44877570	0,64048352
574,67625769	0,64040775
574,90375111	0,64276815
575,13125596	0,64118771
575,35877223	0,64389893
575,58629992	0,64485851
575,81383904	0,64965331
576,04138957	0,65176286
576,26895151	0,65390752
576,49652487	0,65557688
576,72410963	0,65520532
576,95170580	0,65672020
577,17931337	0,65669227
577,40693234	0,65952554
577,63456271	0,65999982
577,86220448	0,66126970
578,08985763	0,65991667
578,31752218	0,66431770
578,54519811	0,66538617
578,77288542	0,66649426
579,00058411	0,66526257
579,22829419	0,66568459
579,45601563	0,66515043
579,68374845	0,66469866
579,91149264	0,66542128
580,13924820	0,66563108
580,36701512	0,66567358
580,59479340	0,66891077
580,82258304	0,66942964
581,05038404	0,67096229
581,27819639	0,67143533
581,50602009	0,67302952
581,73385514	0,67413704
581,96170153	0,67701005
582,18955926	0,67535676
582,41742834	0,67821619
582,64530875	0,68034941
582,87320049	0,68086675
583,10110357	0,67986350
583,32901797	0,68192572
583,55694370	0,68186055
583,78488075	0,68237923
584,01282913	0,68178388
584,24078882	0,68360256
584,46875982	0,68460801
584,69674214	0,68812972
584,92473576	0,68931571
585,15274069	0,69112417
585,38075693	0,69272579
585,60878446	0,69379543
585,83682330	0,69401627
586,06487343	0,69635254
586,29293485	0,69526745
586,52100756	0,69553858
586,74909156	0,69538789
586,97718684	0,69710376
587,20529340	0,69563310
587,43341125	0,69847612
587,66154037	0,69654157
587,88968076	0,69486032
588,11783242	0,69331759
588,34599535	0,69496435
588,57416955	0,69396280
588,80235501	0,69606926
589,03055172	0,69348586
589,25875970	0,69276056
589,48697893	0,69122005
589,71520940	0,69176773
589,94345113	0,68886865
590,17170411	0,68993431
590,39996832	0,68878104
590,62824378	0,69118141
590,85653047	0,69018642
591,08482840	0,69157790
591,31313756	0,69102703
591,54145795	0,69273766
591,76978957	0,69050894
591,99813241	0,69448988
592,22648647	0,69525157
592,45485175	0,69781786
592,68322824	0,69850553
592,91161595	0,69938007
593,14001487	0,69885493
593,36842499	0,70087851
593,59684632	0,70076427
593,82527885	0,70252825
594,05372258	0,70219798
594,28217750	0,70478963
594,51064362	0,70494111
594,73912093	0,70719539
594,96760943	0,70720948
595,19610911	0,70828037
595,42461997	0,70637144
595,65314202	0,70817703
595,88167524	0,70772523
596,11021963	0,70806217
596,33877520	0,70735147
596,56734194	0,70956211
596,79591984	0,71054251
597,02450890	0,71332000
597,25310913	0,71359452
597,48172051	0,71788444
597,71034304	0,71955816
597,93897673	0,72025281
598,16762157	0,71989777
598,39627755	0,72162062
598,62494468	0,72039937
598,85362295	0,72133169
599,08231236	0,72242791
599,31101290	0,72597050
599,53972458	0,72444617
599,76844739	0,72747380
599,99718132	0,72912216
600,22592638	0,73156892
600,45468256	0,73228409
600,68344985	0,73537758
600,91222827	0,73474177
601,14101780	0,73554095
601,36981844	0,73598551
601,59863018	0,73819796
601,82745304	0,73826151
602,05628699	0,74180262
602,28513204	0,74155031
602,51398820	0,74433209
602,74285544	0,74415312
602,97173378	0,74625928
603,20062320	0,74632123
603,42952372	0,75154680
603,65843531	0,75178099
603,88735799	0,75409319
604,11629174	0,75569857
604,34523657	0,75829491
604,57419247	0,75569218
604,80315944	0,75709045
605,03213747	0,75577781
605,26112657	0,75747767
605,49012674	0,75679608
605,71913796	0,75879782
605,94816023	0,75942010
606,17719356	0,76341091
606,40623794	0,76377556
606,63529336	0,76772499
606,86435983	0,76704844
607,09343735	0,77068072
607,32252590	0,77091334
607,55162549	0,77428890
607,78073611	0,77422905
608,00985776	0,77841341
608,23899044	0,78078592
608,46813415	0,78555665
608,69728888	0,78530613
608,92645462	0,78903027
609,15563139	0,78899118
609,38481917	0,79227177
609,61401796	0,79164747
609,84322776	0,79452663
610,07244857	0,79280493
610,30168038	0,79477211
610,53092319	0,79283227
610,76017699	0,79367435
610,98944180	0,79319037
611,21871759	0,79587733
611,44800438	0,79442556
611,67730215	0,79470132
611,90661090	0,79114669
612,13593064	0,79193797
612,36526136	0,78823396
612,59460305	0,78931551
612,82395571	0,78768450
613,05331935	0,78828971
613,28269395	0,79128014
613,51207952	0,79471227
613,74147604	0,79397252
613,97088353	0,79955690
614,20030198	0,79862139
614,42973138	0,80312930
614,65917172	0,80296758
614,88862302	0,80625285
615,11808527	0,80624727
615,34755845	0,80723970
615,57704258	0,80545865
615,80653764	0,80752612
616,03604364	0,80590154
616,26556057	0,80845363
616,49508842	0,80724374
616,72462721	0,81000682
616,95417692	0,80787111
617,18373754	0,81021302
617,41330909	0,80841368
617,64289155	0,81103897
617,87248493	0,80961744
618,10208921	0,81000944
618,33170440	0,80765191
618,56133049	0,80868632
618,79096749	0,80664861
619,02061539	0,80996756
619,25027418	0,80861357
619,47994386	0,80964529
619,70962443	0,80858895
619,93931590	0,80922387
620,16901824	0,81019037
620,39873147	0,81188543
620,62845558	0,80892047
620,85819056	0,81243642
621,08793642	0,81296509
621,31769315	0,81541619
621,54746075	0,81443934
621,77723921	0,81617615
622,00702854	0,81494258
622,23682873	0,81534749
622,46663977	0,81576497
622,69646167	0,82024224
622,92629442	0,81965319
623,15613802	0,82369544
623,38599246	0,82252436
623,61585775	0,82494956
623,84573388	0,82377399
624,07562085	0,82408145
624,30551865	0,82000893
624,53542729	0,81992908
624,76534676	0,81867264
624,99527705	0,82071788
625,22521817	0,81938012
625,45517010	0,82075294
625,68513286	0,81643210
625,91510644	0,81923544
626,14509082	0,81841950
626,37508602	0,81918139
626,60509202	0,81755136
626,83510883	0,82090865
627,06513645	0,82047189
627,29517486	0,82400530
627,52522407	0,82449556
627,75528407	0,82751621
627,98535486	0,82640818
628,21543644	0,82892662
628,44552881	0,82660424
628,67563196	0,83079884
628,90574589	0,83031984
629,13587060	0,83433838
629,36600608	0,83473353
629,59615234	0,83711382
629,82630936	0,83749706
630,05647715	0,84069262
630,28665571	0,83913552
630,51684502	0,84214885
630,74704510	0,83910392
630,97725593	0,84159257
631,20747751	0,84136655
631,43770984	0,84288944
631,66795292	0,84104547
631,89820674	0,84211542
632,12847131	0,83857098
632,35874661	0,83890177
632,58903265	0,83786618
632,81932942	0,84092209
633,04963693	0,84030832
633,27995516	0,84161844
633,51028411	0,84086103
633,74062379	0,84408044
633,97097419	0,84657867
634,20133531	0,84778419
634,43170714	0,85074869
634,66208968	0,85084102
634,89248293	0,85470049
635,12288688	0,85368739
635,35330154	0,85611934
635,58372690	0,85725342
635,81416296	0,86252995
636,04460971	0,86543179
636,27506715	0,87022081
636,50553528	0,87072995
636,73601410	0,87426881
636,96650361	0,87183389
637,19700379	0,87289388
637,42751465	0,86880877
637,65803619	0,86829175
637,88856840	0,86450452
638,11911128	0,86332899
638,34966483	0,85807465
638,58022904	0,85781894
638,81080392	0,85121336
639,04138945	0,85107694
639,27198564	0,84606938
639,50259248	0,84661688
639,73320998	0,85009322
639,96383812	0,84574764
640,19447691	0,84079168
640,42512633	0,82646208
640,65578640	0,83330988
640,88645711	0,83417989
641,11713845	0,82624971
641,34783042	0,82498621
641,57853302	0,82415156
641,80924625	0,83284061
642,03997010	0,82747908
642,27070457	0,82474779
642,50144966	0,82563693
642,73220536	0,83365615
642,96297168	0,81876301
643,19374860	0,81910084
643,42453613	0,81775606
643,65533427	0,82033588
643,88614300	0,80944048
644,11696234	0,81683930
644,34779227	0,82529672
644,57863279	0,82436877
644,80948390	0,81368291
645,04034561	0,80671569
645,27121789	0,79706152
645,50210076	0,78318822
645,73299421	0,75829625
645,96389823	0,75906368
646,19481282	0,76707531
646,42573799	0,78607382
646,65667373	0,79513446
646,88762003	0,80238154
647,11857689	0,80716528
647,34954432	0,81295643
647,58052230	0,80706563
647,81151083	0,81054838
648,04250992	0,80483100
648,27351955	0,80600401
648,50453973	0,80346123
648,73557046	0,81052449
648,96661172	0,79315166
649,19766353	0,80064693
649,42872586	0,79651101
649,65979873	0,80566424
649,89088213	0,80792615
650,12197606	0,81453283
650,35308051	0,81807482
650,58419548	0,82644976
650,81532097	0,81043049
651,04645698	0,81374306
651,27760350	0,79368746
651,50876053	0,78702817
651,73992807	0,78091684
651,97110611	0,78398934
652,20229465	0,79798858
652,43349370	0,79714157
652,66470324	0,79438844
652,89592327	0,80072238
653,12715379	0,80057012
653,35839481	0,79596584
653,58964630	0,79226242
653,82090829	0,80023821
654,05218075	0,79159931
654,28346368	0,79370141
654,51475710	0,79591431
654,74606098	0,80016192
654,97737534	0,79816812
655,20870015	0,80005947
655,44003544	0,79102153
655,67138118	0,79420264
655,90273738	0,79476869
656,13410404	0,79283383
656,36548115	0,79417235
656,59686871	0,78833701
656,82826671	0,78834335
657,05967516	0,79246044
657,29109405	0,78921331
657,52252338	0,78988358
657,75396315	0,78821649
657,98541335	0,80157499
658,21687398	0,78814096
658,44834504	0,79264490
658,67982652	0,79422437
658,91131842	0,79246915
659,14282075	0,79738723
659,37433349	0,79319295
659,60585664	0,79776893
659,83739020	0,79100502
660,06893418	0,79235810
660,30048856	0,78883518
660,53205334	0,79232925
660,76362852	0,79661414
660,99521410	0,79371021
661,22681007	0,79700420
661,45841644	0,79165657
661,69003320	0,79881415
661,92166034	0,78652946
662,15329786	0,80013726
662,38494577	0,80368525
662,61660405	0,79557420
662,84827271	0,79322819
663,07995174	0,79202460
663,31164114	0,79736112
663,54334091	0,79643482
663,77505104	0,79795939
664,00677154	0,80589269
664,23850239	0,79428872
664,47024360	0,79089850
664,70199516	0,78873034
664,93375707	0,79924711
665,16552933	0,78680453
665,39731194	0,81927799
665,62910489	0,81852241
665,86090818	0,82130766
666,09272180	0,82017220
666,32454576	0,82177692
666,55638005	0,82084218
666,78822466	0,82358678
667,02007961	0,82207150
667,25194487	0,82399186
667,48382046	0,82459410
667,71570636	0,82909747
667,94760258	0,83059791
668,17950911	0,83716107
668,41142595	0,83725972
668,64335310	0,84258297
668,87529055	0,84246377
669,10723830	0,84725568
669,33919635	0,84903416
669,57116470	0,85469137
669,80314333	0,85683972
670,03513226	0,85922174
670,26713147	0,85715924
670,49914097	0,86042350
670,73116075	0,86087591
670,96319081	0,86432202
671,19523115	0,86343711
671,42728176	0,86637518
671,65934264	0,86490042
671,89141378	0,86767031
672,12349520	0,86461748
672,35558687	0,86596744
672,58768881	0,86331919
672,81980100	0,86560448
673,05192344	0,86356727
673,28405614	0,86822547
673,51619909	0,86595017
673,74835228	0,87036396
673,98051571	0,87048140
674,21268939	0,87455777
674,44487330	0,87130422
674,67706745	0,87354546
674,90927183	0,87051228
675,14148643	0,87427018
675,37371127	0,87485587
675,60594633	0,88040199
675,83819161	0,87960745
676,07044711	0,88357066
676,30271282	0,88191132
676,53498875	0,88473511
676,76727488	0,88222093
676,99957123	0,88332916
677,23187778	0,88023816
677,46419453	0,88422358
677,69652148	0,88124058
677,92885862	0,88373625
678,16120596	0,88177714
678,39356349	0,88355412
678,62593121	0,88179803
678,85830911	0,88162752
679,09069720	0,87960700
679,32309546	0,88234687
679,55550390	0,87964307
679,78792252	0,87944164
680,02035131	0,87806983
680,25279027	0,88030777
680,48523939	0,87826701
680,71769867	0,88339359
680,95016812	0,88087929
681,18264772	0,88425540
681,41513748	0,88296439
681,64763739	0,88541177
681,88014746	0,88357611
682,11266766	0,88636050
682,34519801	0,88437764
682,57773851	0,88726930
682,81028914	0,88547104
683,04284990	0,88576877
683,27542080	0,88372287
683,50800183	0,88432893
683,74059299	0,88287106
683,97319427	0,88300930
684,20580568	0,88068007
684,43842720	0,88225595
684,67105884	0,87899823
684,90370059	0,88068473
685,13635245	0,87931465
685,36901443	0,88144328
685,60168650	0,87920056
685,83436868	0,88143618
686,06706096	0,87740979
686,29976334	0,87949420
686,53247581	0,87914174
686,76519837	0,88107369
686,99793102	0,87898771
687,23067376	0,87983012
687,46342658	0,87839734
687,69618948	0,88096040
687,92896246	0,87970346
688,16174552	0,88127085
688,39453865	0,87938347
688,62734184	0,88095853
688,86015510	0,88009458
689,09297843	0,88293003
689,32581182	0,87940987
689,55865527	0,88021964
689,79150877	0,87783218
690,02437233	0,87889085
690,25724593	0,87485185
690,49012959	0,87573399
690,72302328	0,87458786
690,95592702	0,87531651
691,18884080	0,87373723
691,42176462	0,87507552
691,65469847	0,87225877
691,88764235	0,87547046
692,12059626	0,87567610
692,35356020	0,87954245
692,58653415	0,87846934
692,81951813	0,87894584
693,05251213	0,87641035
693,28551613	0,87460470
693,51853016	0,87538474
693,75155418	0,87441856
693,98458822	0,87900605
694,21763226	0,87623951
694,45068630	0,87754077
694,68375034	0,87493756
694,91682437	0,87838785
695,14990840	0,87617694
695,38300241	0,87936597
695,61610642	0,87869204
695,84922040	0,88020616
696,08234437	0,87768553
696,31547832	0,87852964
696,54862224	0,87855680
696,78177614	0,88151015
697,01494000	0,87900296
697,24811384	0,88057887
697,48129763	0,87601422
697,71449139	0,87804534
697,94769511	0,87552665
698,18090879	0,87824454
698,41413242	0,87515282
698,64736600	0,87748833
698,88060953	0,87364490
699,11386301	0,87341970
699,34712643	0,87016752
699,58039979	0,87145415
699,81368308	0,87089872
700,04697631	0,87133429
700,28027948	0,86732332
700,51359257	0,86911293
700,74691559	0,86698691
700,98024853	0,86823098
701,21359139	0,86650790
701,44694417	0,86727905
701,68030687	0,86502286
701,91367948	0,86694862
702,14706199	0,86452043
702,38045442	0,86684840
702,61385675	0,86459241
702,84726898	0,86594240
703,08069111	0,86640744
703,31412313	0,86891013
703,54756505	0,86789373
703,78101686	0,87247955
704,01447856	0,87140838
704,24795014	0,87161308
704,48143161	0,86809079
704,71492295	0,87098975
704,94842417	0,86766046
705,18193527	0,87091565
705,41545623	0,86925348
705,64898707	0,87248844
705,88252777	0,87160829
706,11607833	0,87421429
706,34963876	0,87334986
706,58320904	0,87662669
706,81678917	0,87534547
707,05037916	0,87918631
707,28397900	0,87898106
707,51758868	0,88292592
707,75120821	0,88137433
707,98483758	0,88407680
708,21847678	0,88175869
708,45212582	0,88378822
708,68578470	0,88162616
708,91945340	0,88493334
709,15313193	0,88466183
709,38682029	0,88747324
709,62051847	0,88448495
709,85422646	0,88623507
710,08794428	0,88492180
710,32167190	0,88695948
710,55540934	0,88383682
710,78915658	0,88435880
711,02291363	0,87949471
711,25668049	0,88022222
711,49045714	0,87645981
711,72424359	0,87834176
711,95803983	0,87664853
712,19184586	0,88054961
712,42566169	0,87770815
712,65948729	0,88140894
712,89332269	0,87887801
713,12716786	0,88100870
713,36102281	0,87959290
713,59488753	0,88182294
713,82876203	0,88132363
714,06264629	0,88282316
714,29654033	0,87949937
714,53044412	0,88128408
714,76435768	0,87805763
714,99828100	0,87946696
715,23221407	0,87657652
715,46615689	0,87699315
715,70010946	0,87246486
715,93407179	0,87512938
716,16804385	0,87108702
716,40202566	0,87326277
716,63601721	0,87060519
716,87001849	0,86982291
717,10402951	0,86506299
717,33805025	0,86697914
717,57208073	0,86457399
717,80612093	0,86718939
718,04017085	0,86394853
718,27423049	0,86531882
718,50829985	0,86122651
718,74237893	0,86292821
718,97646771	0,86042027
719,21056621	0,86381837
719,44467441	0,86212505
719,67879231	0,86190009
719,91291991	0,86044575
720,14705722	0,86454756
720,38120421	0,86154722
720,61536090	0,86526563
720,84952728	0,86283309
721,08370334	0,86564192
721,31788909	0,86387207
721,55208452	0,86810243
721,78628963	0,86742300
722,02050442	0,86902444
722,25472887	0,86565756
722,48896300	0,86656795
722,72320679	0,86399571
722,95746025	0,86547916
723,19172337	0,86239506
723,42599615	0,86261652
723,66027859	0,85886493
723,89457068	0,85905706
724,12887242	0,85622202
724,36318381	0,85753470
724,59750485	0,85389198
724,83183552	0,85366794
725,06617584	0,85081775
725,30052580	0,84973884
725,53488538	0,84741943
725,76925461	0,84981777
726,00363345	0,84713874
726,23802193	0,85065005
726,47242003	0,84895744
726,70682775	0,85091602
726,94124508	0,84840698
727,17567204	0,85228426
727,41010860	0,84848758
727,64455478	0,84994083
727,87901056	0,84818623
728,11347594	0,84897227
728,34795093	0,84765418
728,58243551	0,84952926
728,81692969	0,84793190
729,05143347	0,85044188
729,28594683	0,84742654
729,52046978	0,84892960
729,75500232	0,84777876
729,98954444	0,84993012
730,22409613	0,84837945
730,45865741	0,84791505
730,69322825	0,84497629
730,92780867	0,84626952
731,16239866	0,84228615
731,39699821	0,84320797
731,63160733	0,83792562
731,86622600	0,83821327
732,10085424	0,83586611
732,33549202	0,83515621
732,57013936	0,83146442
732,80479625	0,83176679
733,03946268	0,82907618
733,27413866	0,82923018
733,50882418	0,82703246
733,74351924	0,82771984
733,97822383	0,82524012
734,21293795	0,82576271
734,44766160	0,82252110
734,68239478	0,82364895
734,91713749	0,82145018
735,15188971	0,82453806
735,38665146	0,82264607
735,62142272	0,82273433
735,85620349	0,82012208
736,09099378	0,82357221
736,32579357	0,82371253
736,56060287	0,82554419
736,79542166	0,82403712
737,03024996	0,82589875
737,26508776	0,82460910
737,49993505	0,82801091
737,73479183	0,82681568
737,96965809	0,83098628
738,20453385	0,82830496
738,43941908	0,82912534
738,67431380	0,82683242
738,90921800	0,82763047
739,14413166	0,82264275
739,37905481	0,82484182
739,61398742	0,82294521
739,84892949	0,82532529
740,08388103	0,82264092
740,31884203	0,82283203
740,55381249	0,82054841
740,78879240	0,82405035
741,02378177	0,82194197
741,25878059	0,82387585
741,49378885	0,82054109
741,72880656	0,82162721
741,96383371	0,81928372
742,19887029	0,82263451
742,43391632	0,82074451
742,66897178	0,82387913
742,90403666	0,82134276
743,13911098	0,82299336
743,37419472	0,81865588
743,60928788	0,81954662
743,84439047	0,81588470
744,07950246	0,81553989
744,31462388	0,81233216
744,54975470	0,81383438
744,78489493	0,80936391
745,02004457	0,81142362
745,25520362	0,80765420
745,49037206	0,80939319
745,72554990	0,80693645
745,96073713	0,80605247
746,19593376	0,80269418
746,43113977	0,80447817
746,66635517	0,80224506
746,90157996	0,80638505
747,13681413	0,80254608
747,37205767	0,80336639
747,60731059	0,80139000
747,84257288	0,80184622
748,07784455	0,79811725
748,31312558	0,79775231
748,54841597	0,79658887
748,78371573	0,79867612
749,01902484	0,79578106
749,25434331	0,79726355
749,48967114	0,79478894
749,72500831	0,79521001
749,96035483	0,79272886
750,19571070	0,79343608
750,43107591	0,78993904
750,66645046	0,79080988
750,90183435	0,78829194
751,13722757	0,78900758
751,37263012	0,78681498
751,60804200	0,78875926
751,84346321	0,78730869
752,07889374	0,78908439
752,31433359	0,78648996
752,54978276	0,78733086
752,78524124	0,78561688
753,02070904	0,78731298
753,25618614	0,78539082
753,49167255	0,78106207
753,72716827	0,78190867
753,96267328	0,77920971
754,19818760	0,78036919
754,43371121	0,77776834
754,66924411	0,77765065
754,90478630	0,77357689
755,14033778	0,77546058
755,37589855	0,77057794
755,61146859	0,77072766
755,84704792	0,76874561
756,08263652	0,77033061
756,31823440	0,76718736
756,55384154	0,77043014
756,78945795	0,76811631
757,02508363	0,77242871
757,26071858	0,77051437
757,49636278	0,77162448
757,73201624	0,76934476
757,96767895	0,77029831
758,20335091	0,76745847
758,43903213	0,76958766
758,67472258	0,76514272
758,91042229	0,76505495
759,14613123	0,76037475
759,38184941	0,76120462
759,61757682	0,75677122
759,85331347	0,75723013
760,08905935	0,75279818
760,32481445	0,75368749
760,56057878	0,75016247
760,79635233	0,75058400
761,03213510	0,74680872
761,26792708	0,74842821
761,50372827	0,74469032
761,73953868	0,74488682
761,97535829	0,74155230
762,21118711	0,74273898
762,44702513	0,74112801
762,68287235	0,74249126
762,91872877	0,74059999
763,15459438	0,74135560
763,39046918	0,73901586
763,62635316	0,74203492
763,86224634	0,74083845
764,09814869	0,74254457
764,33406023	0,73940327
764,56998094	0,74216659
764,80591083	0,73812607
765,04184989	0,73914813
765,27779812	0,73712993
765,51375551	0,73798587
765,74972207	0,73489178
765,98569779	0,73599085
766,22168266	0,73340360
766,45767670	0,73198655
766,69367988	0,72880560
766,92969221	0,72887458
767,16571369	0,72595542
767,40174432	0,72767005
767,63778408	0,72428675
767,87383298	0,72430649
768,10989102	0,72235462
768,34595820	0,72137287
768,58203450	0,72035972
768,81811993	0,72036623
769,05421449	0,71751958
769,29031816	0,71793822
769,52643096	0,71466316
769,76255287	0,71622762
769,99868390	0,71387028
770,23482404	0,71419597
770,47097328	0,71160989
770,70713163	0,71264206
770,94329909	0,70965022
771,17947564	0,71195885
771,41566130	0,70964033
771,65185604	0,71081961
771,88805988	0,70837762
772,12427281	0,70960784
772,36049482	0,70748089
772,59672592	0,70914549
772,83296609	0,70574835
773,06921535	0,70603933
773,30547368	0,70349076
773,54174108	0,70196775
773,77801755	0,70136170
774,01430309	0,70340154
774,25059770	0,70074453
774,48690136	0,70144286
774,72321409	0,69840946
774,95953587	0,70078513
775,19586670	0,69729725
775,43220658	0,69820538
775,66855551	0,69471387
775,90491349	0,69395823
776,14128051	0,69046300
776,37765657	0,69213484
776,61404166	0,68860740
776,85043579	0,69019550
777,08683895	0,68852699
777,32325113	0,68944293
777,55967235	0,68785701
777,79610258	0,68846553
778,03254184	0,68467467
778,26899011	0,68709605
778,50544740	0,68274785
778,74191370	0,68498894
778,97838901	0,68274748
779,21487333	0,68384851
779,45136664	0,68234202
779,68786896	0,68448304
779,92438028	0,68143694
780,16090060	0,68224755
780,39742990	0,67925440
780,63396820	0,68015310
780,87051548	0,67753808
781,10707175	0,67751665
781,34363700	0,67536124
781,58021122	0,67351310
781,81679443	0,66920483
782,05338660	0,66930854
782,28998775	0,66548768
782,52659787	0,66598398
782,76321695	0,66237961
782,99984499	0,66085190
783,23648199	0,65838242
783,47312795	0,66058816
783,70978286	0,65689529
783,94644673	0,65365175
784,18311954	0,65097378
784,41980130	0,64978853
784,65649200	0,64876707
784,89319164	0,64920738
785,12990022	0,64614236
785,36661773	0,64502321
785,60334418	0,63915081
785,84007955	0,64187044
786,07682385	0,64108880
786,31357708	0,64305008
786,55033923	0,63939842
786,78711029	0,63977880
787,02389027	0,63955074
787,26067916	0,64162938
787,49747696	0,64068878
787,73428367	0,64315398
787,97109929	0,64278978
788,20792380	0,64674844
788,44475722	0,64295329
788,68159953	0,64519413
788,91845073	0,64205507
789,15531083	0,64393728
789,39217981	0,64320295
789,62905768	0,64459510
789,86594443	0,64245259
790,10284006	0,64370768
790,33974456	0,64202932
790,57665795	0,64450382
790,81358020	0,64276805
791,05051132	0,64519261
791,28745131	0,64349076
791,52440016	0,64460361
791,76135787	0,64212892
791,99832443	0,64435126
792,23529986	0,64349702
792,47228413	0,64649184
792,70927726	0,64327926
792,94627923	0,64466388
793,18329004	0,64282240
793,42030970	0,64517250
793,65733819	0,64103233
793,89437552	0,64319077
794,13142168	0,64135687
794,36847667	0,64290805
794,60554049	0,63926591
794,84261314	0,63994496
795,07969460	0,63791234
795,31678489	0,63927206
795,55388399	0,63781350
795,79099191	0,63861330
796,02810863	0,63601219
796,26523417	0,63653825
796,50236851	0,63395073
796,73951165	0,63438018
796,97666359	0,63119001
797,21382433	0,63318164
797,45099386	0,63178948
797,68817218	0,63356499
797,92535930	0,63122368
798,16255519	0,63251488
798,39975988	0,63203707
798,63697334	0,63288204
798,87419558	0,63232014
799,11142660	0,63362330
799,34866638	0,63149348
799,58591494	0,63313514
799,82317226	0,63043079
800,06043835	0,63131019
800,29771320	0,63049376
800,53499681	0,63178630
800,77228917	0,62967092
801,00959029	0,63298006
801,24690015	0,63074511
801,48421877	0,63242100
801,72154612	0,63107072
801,95888222	0,63211042
802,19622706	0,62859131
802,43358064	0,63116866
802,67094295	0,62922523
802,90831399	0,62976389
803,14569376	0,62892747
803,38308225	0,62920568
803,62047947	0,62693346
803,85788540	0,62764147
804,09530006	0,62421474
804,33272342	0,62476197
804,57015550	0,62339649
804,80759629	0,62306507
805,04504579	0,62067549
805,28250398	0,62246298
805,51997088	0,62020310
805,75744648	0,62093436
805,99493077	0,61914646
806,23242375	0,62140869
806,46992543	0,61862281
806,70743579	0,62124686
806,94495483	0,62125771
807,18248256	0,62422042
807,42001896	0,62344885
807,65756404	0,62632751
807,89511779	0,62541550
808,13268022	0,62660885
808,37025131	0,62523826
808,60783106	0,62735633
808,84541948	0,62487393
809,08301656	0,62671370
809,32062229	0,62621050
809,55823668	0,62724923
809,79585972	0,62307067
810,03349140	0,62425759
810,27113174	0,62265397
810,50878071	0,62603960
810,74643833	0,62375442
810,98410458	0,62478306
811,22177946	0,62200981
811,45946298	0,62495078
811,69715513	0,62365229
811,93485590	0,62534704
812,17256530	0,62431752
812,41028332	0,62544450
812,64800995	0,62317291
812,88574521	0,62367550
813,12348907	0,62224446
813,36124154	0,62194911
813,59900262	0,62135873
813,83677231	0,61817275
814,07455059	0,61893457
814,31233748	0,61720590
814,55013296	0,61889994
814,78793703	0,61708219
815,02574969	0,61778109
815,26357095	0,61349588
815,50140078	0,61493384
815,73923920	0,61300597
815,97708620	0,61392401
816,21494177	0,61031384
816,45280592	0,61175423
816,69067864	0,60934412
816,92855993	0,61127850
817,16644978	0,60846952
817,40434820	0,60926987
817,64225518	0,60597331
817,88017071	0,60603764
818,11809480	0,60221139
818,35602744	0,60185643
818,59396863	0,59968039
818,83191837	0,59930839
819,06987665	0,59568312
819,30784347	0,59642905
819,54581883	0,59321716
819,78380272	0,59443580
820,02179515	0,59197395
820,25979610	0,59421357
820,49780559	0,59052312
820,73582359	0,59196275
820,97385012	0,58966152
821,21188517	0,59142800
821,44992874	0,58877711
821,68798081	0,59037847
821,92604140	0,58872429
822,16411050	0,58987952
822,40218810	0,58642129
822,64027420	0,58756989
822,87836880	0,58489871
823,11647190	0,58587995
823,35458350	0,58274931
823,59270358	0,58275046
823,83083216	0,58014551
824,06896922	0,58132606
824,30711476	0,57785351
824,54526878	0,57893913
824,78343128	0,57628063
825,02160225	0,57661686
825,25978170	0,57280354
825,49796962	0,57237900
825,73616600	0,56867244
825,97437084	0,56972376
826,21258415	0,56746567
826,45080592	0,56743864
826,68903614	0,56451875
826,92727481	0,56485988
827,16552193	0,55990507
827,40377750	0,55994969
827,64204152	0,55765519
827,88031398	0,55849438
828,11859487	0,55679364
828,35688420	0,55706015
828,59518197	0,55436432
828,83348816	0,55404432
829,07180279	0,55077128
829,31012584	0,55209720
829,54845731	0,54815497
829,78679720	0,54733092
830,02514551	0,54551203
830,26350223	0,54493144
830,50186736	0,54086960
830,74024090	0,54064819
830,97862285	0,53639905
831,21701320	0,53633164
831,45541195	0,53194477
831,69381910	0,53024712
831,93223465	0,52714035
832,17065858	0,52633111
832,40909091	0,52342360
832,64753162	0,52274020
832,88598072	0,52141566
833,12443819	0,52176077
833,36290405	0,51822608
833,60137828	0,51829508
833,83986088	0,51585848
834,07835186	0,51550887
834,31685120	0,51407997
834,55535890	0,51521901
834,79387497	0,51292289
835,03239940	0,51569622
835,27093218	0,51359952
835,50947331	0,51491234
835,74802280	0,51252213
835,98658064	0,51341166
836,22514682	0,51088841
836,46372134	0,51117742
836,70230420	0,50991070
836,94089540	0,51073026
837,17949494	0,51000023
837,41810280	0,51218851
837,65671900	0,50997314
837,89534352	0,51095640
838,13397636	0,50909534
838,37261752	0,51100419
838,61126701	0,50861938
838,84992480	0,50928910
839,08859091	0,50835116
839,32726533	0,50735067
839,56594805	0,50650017
839,80463908	0,50615943
840,04333841	0,50494818
840,28204604	0,50587669
840,52076197	0,50431068
840,75948618	0,50578663
840,99821869	0,50300178
841,23695949	0,50371807
841,47570857	0,50085273
841,71446593	0,50076741
841,95323157	0,49917300
842,19200548	0,49879009
842,43078768	0,49708614
842,66957814	0,49731426
842,90837687	0,49530802
843,14718386	0,49591264
843,38599912	0,49416131
843,62482264	0,49214840
843,86365441	0,49014116
844,10249444	0,49020211
844,34134272	0,48864580
844,58019925	0,48860082
844,81906403	0,48529998
845,05793705	0,48501806
845,29681831	0,48372119
845,53570781	0,48356591
845,77460554	0,48185564
846,01351150	0,48228626
846,25242570	0,47882231
846,49134812	0,47976523
846,73027877	0,47742974
846,96921763	0,47949935
847,20816472	0,47635451
847,44712002	0,47796138
847,68608354	0,47750202
847,92505526	0,47890715
848,16403519	0,47765100
848,40302333	0,47820986
848,64201967	0,47601448
848,88102421	0,47716832
849,12003694	0,47580986
849,35905787	0,47740293
849,59808699	0,47512961
849,83712430	0,47699496
850,07616979	0,47492065
850,31522347	0,47574290
850,55428533	0,47603876
850,79335536	0,47641699
851,03243357	0,47610707
851,27151995	0,47599888
851,51061450	0,47724103
851,74971721	0,47858871
851,98882809	0,47778636
852,22794713	0,48005732
852,46707433	0,47967622
852,70620968	0,47938525
852,94535319	0,47873123
853,18450484	0,47912191
853,42366464	0,47735576
853,66283259	0,47795696
853,90200868	0,47660048
854,14119290	0,47736824
854,38038527	0,47553264
854,61958576	0,47590386
854,85879439	0,47440831
855,09801114	0,47563938
855,33723602	0,47400488
855,57646902	0,47464002
855,81571014	0,47416648
856,05495938	0,47423018
856,29421673	0,47201541
856,53348219	0,47242240
856,77275576	0,47146679
857,01203743	0,47089407
857,25132721	0,47099952
857,49062509	0,47087059
857,72993107	0,47006451
857,96924514	0,47114091
858,20856730	0,46868472
858,44789755	0,46831056
858,68723589	0,46637579
858,92658231	0,46683598
859,16593682	0,46522468
859,40529940	0,46732153
859,64467005	0,46573353
859,88404878	0,46538238
860,12343558	0,46516529
860,36283045	0,46544284
860,60223338	0,46369128
860,84164437	0,46429903
861,08106342	0,46363188
861,32049052	0,46485559
861,55992568	0,46414426
861,79936889	0,46395288
862,03882015	0,46171866
862,27827945	0,46127362
862,51774680	0,45966186
862,75722218	0,45979947
862,99670561	0,45749057
863,23619706	0,45704280
863,47569655	0,45414869
863,71520406	0,45306887
863,95471961	0,45108016
864,19424317	0,45146769
864,43377475	0,44881334
864,67331436	0,44804852
864,91286197	0,44620210
865,15241760	0,44480260
865,39198124	0,44403321
865,63155288	0,44424029
865,87113253	0,44257941
866,11072018	0,44322478
866,35031583	0,44235008
866,58991947	0,44119475
866,82953111	0,44055132
867,06915073	0,44058131
867,30877835	0,43800759
867,54841394	0,43921759
867,78805752	0,43555902
868,02770908	0,43674763
868,26736861	0,43499832
868,50703612	0,43546322
868,74671160	0,43450655
868,98639504	0,43391281
869,22608646	0,43269347
869,46578583	0,43339158
869,70549316	0,43259499
869,94520845	0,43289224
870,18493170	0,43219715
870,42466289	0,43203666
870,66440204	0,43063030
870,90414913	0,43050043
871,14390416	0,42951612
871,38366713	0,42855254
871,62343805	0,42742488
871,86321689	0,42795402
872,10300367	0,42650864
872,34279838	0,42596362
872,58260101	0,42375893
872,82241157	0,42326280
873,06223005	0,42213102
873,30205645	0,42178321
873,54189076	0,41935849
873,78173299	0,41985025
874,02158312	0,41805530
874,26144117	0,41785991
874,50130711	0,41659737
874,74118096	0,41609749
874,98106271	0,41355656
875,22095236	0,41248386
875,46084990	0,41174512
875,70075533	0,41028738
875,94066864	0,40968098
876,18058985	0,40856445
876,42051893	0,40844290
876,66045590	0,40684182
876,90040074	0,40623416
877,14035346	0,40489456
877,38031404	0,40375576
877,62028250	0,40276582
877,86025882	0,40146514
878,10024301	0,40041862
878,34023506	0,39930100
878,58023496	0,39863086
878,82024272	0,39777626
879,06025833	0,39639399
879,30028179	0,39627488
879,54031310	0,39535368
879,78035225	0,39634104
880,02039924	0,39499709
880,26045408	0,39463866
880,50051674	0,39464215
880,74058724	0,39473946
880,98066557	0,39471014
881,22075173	0,39519280
881,46084571	0,39298607
881,70094752	0,39372125
881,94105714	0,39308117
882,18117458	0,39321859
882,42129983	0,39211362
882,66143290	0,39247678
882,90157377	0,39157130
883,14172245	0,39076887
883,38187893	0,38891319
883,62204321	0,38824167
883,86221529	0,38660301
884,10239516	0,38549918
884,34258282	0,38364014
884,58277828	0,38387056
884,82298152	0,38154589
885,06319254	0,38138012
885,30341134	0,37998947
885,54363792	0,38007141
885,78387228	0,37791507
886,02411441	0,37816416
886,26436430	0,37753387
886,50462197	0,37694449
886,74488740	0,37576487
886,98516059	0,37494598
887,22544154	0,37277825
887,46573024	0,37239784
887,70602670	0,37108248
887,94633091	0,37080752
888,18664286	0,36997581
888,42696256	0,36957744
888,66729000	0,36817855
888,90762518	0,36889350
889,14796810	0,36861007
889,38831875	0,36921551
889,62867714	0,36800238
889,86904325	0,36942810
890,10941709	0,36731866
890,34979865	0,36762107
890,59018792	0,36675806
890,83058492	0,36580909
891,07098963	0,36550246
891,31140206	0,36616292
891,55182219	0,36458008
891,79225003	0,36450265
892,03268557	0,36324270
892,27312881	0,36322979
892,51357975	0,36213573
892,75403839	0,36276427
892,99450472	0,36244412
893,23497873	0,36394813
893,47546044	0,36295439
893,71594983	0,36306583
893,95644690	0,36230723
894,19695165	0,36199608
894,43746407	0,36254037
894,67798417	0,36217001
894,91851194	0,36246009
895,15904738	0,36077721
895,39959048	0,36104179
895,64014124	0,36085575
895,88069967	0,35958092
896,12126575	0,35948484
896,36183948	0,35935251
896,60242086	0,35839498
896,84300990	0,35683384
897,08360658	0,35648153
897,32421090	0,35519924
897,56482286	0,35379684
897,80544246	0,35329164
898,04606969	0,35285661
898,28670456	0,35121719
898,52734705	0,35225460
898,76799718	0,35165901
899,00865492	0,35090094
899,24932029	0,35048041
899,48999327	0,35124959
899,73067387	0,35117170
899,97136208	0,35098753
900,21205790	0,34989264
900,45276133	0,34993738
900,69347237	0,34902210
900,93419100	0,34981795
901,17491723	0,34860938
901,41565106	0,34938403
901,65639249	0,34914702
901,89714150	0,34956378
902,13789810	0,34843700
902,37866229	0,34797768
902,61943406	0,34803284
902,86021341	0,34727475
903,10100033	0,34508157
903,34179483	0,34420354
903,58259690	0,34221817
903,82340654	0,34186672
904,06422374	0,34157188
904,30504851	0,34094705
904,54588084	0,34087922
904,78672072	0,33984943
905,02756816	0,33838515
905,26842316	0,33847933
905,50928570	0,33696082
905,75015579	0,33667571
905,99103342	0,33522854
906,23191859	0,33548132
906,47281130	0,33413570
906,71371155	0,33263820
906,95461933	0,33160191
907,19553464	0,33031621
907,43645747	0,32872981
907,67738783	0,32798007
907,91832572	0,32711965
908,15927112	0,32594288
908,40022403	0,32498425
908,64118447	0,32522712
908,88215241	0,32366168
909,12312786	0,32402595
909,36411081	0,32198040
909,60510127	0,32332037
909,84609923	0,32246703
910,08710468	0,32302823
910,32811763	0,32257252
910,56913807	0,32281170
910,81016600	0,32153882
911,05120141	0,32172551
911,29224431	0,31920184
911,53329468	0,31910772
911,77435254	0,31789339
912,01541787	0,31696569
912,25649067	0,31584930
912,49757094	0,31506376
912,73865868	0,31481833
912,97975388	0,31423315
913,22085655	0,31327147
913,46196667	0,31206893
913,70308424	0,31137395
913,94420927	0,31011148
914,18534175	0,30908259
914,42648168	0,30896100
914,66762905	0,30850052
914,90878387	0,30738524
915,14994612	0,30663965
915,39111581	0,30676521
915,63229293	0,30577288
915,87347748	0,30631327
916,11466946	0,30522779
916,35586887	0,30536406
916,59707570	0,30455968
916,83828995	0,30568042
917,07951162	0,30356170
917,32074070	0,30451372
917,56197719	0,30271604
917,80322109	0,30205304
918,04447240	0,30133857
918,28573111	0,30065661
918,52699722	0,29981541
918,76827072	0,29995323
919,00955163	0,29891476
919,25083992	0,29903033
919,49213561	0,29830758
919,73343868	0,29776349
919,97474913	0,29729532
920,21606697	0,29606467
920,45739219	0,29507477
920,69872478	0,29479919
920,94006474	0,29359161
921,18141208	0,29261734
921,42276678	0,29157019
921,66412884	0,29080117
921,90549827	0,28955879
922,14687506	0,28795393
922,38825920	0,28683804
922,62965070	0,28593914
922,87104955	0,28512076
923,11245575	0,28432633
923,35386929	0,28339483
923,59529017	0,28223456
923,83671840	0,28177090
924,07815396	0,27965555
924,31959686	0,27853420
924,56104708	0,27708015
924,80250464	0,27572916
925,04396952	0,27375476
925,28544173	0,27257464
925,52692126	0,27123509
925,76840810	0,27018871
926,00990226	0,26875014
926,25140373	0,26844527
926,49291252	0,26676783
926,73442861	0,26596590
926,97595200	0,26449822
927,21748269	0,26315847
927,45902068	0,26169556
927,70056597	0,26051469
927,94211856	0,26011924
928,18367843	0,25831238
928,42524559	0,25738076
928,66682003	0,25562966
928,90840176	0,25526408
929,14999076	0,25411977
929,39158705	0,25256943
929,63319060	0,25163205
929,87480143	0,25029101
930,11641952	0,24963669
930,35804489	0,24746250
930,59967751	0,24662859
930,84131739	0,24462801
931,08296453	0,24402461
931,32461893	0,24185955
931,56628058	0,23951152
931,80794947	0,23849587
932,04962562	0,23654327
932,29130900	0,23477015
932,53299963	0,23367531
932,77469750	0,23165678
933,01640260	0,23017581
933,25811493	0,22826465
933,49983449	0,22665064
933,74156128	0,22520175
933,98329529	0,22362769
934,22503653	0,22105077
934,46678498	0,22017836
934,70854065	0,21742194
934,95030353	0,21624352
935,19207363	0,21350775
935,43385093	0,21028559
935,67563544	0,20826325
935,91742714	0,20588314
936,15922605	0,20411032
936,40103216	0,20058543
936,64284545	0,19583668
936,88466594	0,19377215
937,12649362	0,19199175
937,36832848	0,18924767
937,61017053	0,18709886
937,85201976	0,18578126
938,09387616	0,18303651
938,33573974	0,18092418
938,57761049	0,17884875
938,81948841	0,17733660
939,06137350	0,17503000
939,30326575	0,17258737
939,54516516	0,17142010
939,78707172	0,16919264
940,02898545	0,16783278
940,27090632	0,16599590
940,51283435	0,16434315
940,75476952	0,16300724
940,99671184	0,16130506
941,23866130	0,15995088
941,48061790	0,15831835
941,72258163	0,15615079
941,96455250	0,15532070
942,20653050	0,15458304
942,44851563	0,15297429
942,69050788	0,15199504
942,93250725	0,15103903
943,17451374	0,15009041
943,41652735	0,14925168
943,65854808	0,14851888
943,90057591	0,14778576
944,14261086	0,14703699
944,38465291	0,14647780
944,62670206	0,14616454
944,86875831	0,14528705
945,11082166	0,14471229
945,35289211	0,14438702
945,59496964	0,14371733
945,83705427	0,14272474
946,07914598	0,14225690
946,32124478	0,14155188
946,56335066	0,14127591
946,80546361	0,14028605
947,04758364	0,13994173
947,28971075	0,13970748
947,53184492	0,13947209
947,77398616	0,13926287
948,01613447	0,13852061
948,25828984	0,13790368
948,50045226	0,13741467
948,74262174	0,13705215
948,98479828	0,13621864
949,22698187	0,13651776
949,46917250	0,13598472
949,71137018	0,13509097
949,95357490	0,13547910
950,19578666	0,13458599
950,43800546	0,13377184
950,68023130	0,13392711
950,92246416	0,13312318
951,16470405	0,13257849
951,40695097	0,13153937
951,64920491	0,13156615
951,89146588	0,13010616
952,13373386	0,12991993
952,37600885	0,12964904
952,61829086	0,12910612
952,86057988	0,12821664
953,10287590	0,12820166
953,34517893	0,12689105
953,58748895	0,12682378
953,82980598	0,12680214
954,07213000	0,12574217
954,31446102	0,12541100
954,55679902	0,12508422
954,79914401	0,12453976
955,04149599	0,12402513
955,28385495	0,12405434
955,52622089	0,12322087
955,76859380	0,12245113
956,01097369	0,12214945
956,25336055	0,12102037
956,49575437	0,12028650
956,73815517	0,11915720
956,98056292	0,11886449
957,22297764	0,11852950
957,46539931	0,11785847
957,70782793	0,11794896
957,95026351	0,11758543
958,19270603	0,11681608
958,43515551	0,11640433
958,67761192	0,11628596
958,92007528	0,11587447
959,16254557	0,11589691
959,40502280	0,11519283
959,64750696	0,11433085
959,88999805	0,11393092
960,13249607	0,11303010
960,37500101	0,11275332
960,61751287	0,11276242
960,86003165	0,11241867
961,10255735	0,11144705
961,34508996	0,11085977
961,58762948	0,11056245
961,83017590	0,11020664
962,07272923	0,10993579
962,31528947	0,10959838
962,55785660	0,11017656
962,80043063	0,10948712
963,04301155	0,10901975
963,28559937	0,10939506
963,52819407	0,10857333
963,77079566	0,10867849
964,01340413	0,10792767
964,25601948	0,10806864
964,49864170	0,10773449
964,74127081	0,10723652
964,98390678	0,10659492
965,22654962	0,10629064
965,46919933	0,10535939
965,71185590	0,10513109
965,95451933	0,10408128
966,19718962	0,10382567
966,43986677	0,10349493
966,68255077	0,10336684
966,92524161	0,10244619
967,16793931	0,10292326
967,41064385	0,10274718
967,65335523	0,10209718
967,89607344	0,10175195
968,13879850	0,10200334
968,38153039	0,10164706
968,62426910	0,10144367
968,86701465	0,10102096
969,10976702	0,10107802
969,35252621	0,10060868
969,59529222	0,10059218
969,83806505	0,10037305
970,08084469	0,10013921
970,32363114	0,09952267
970,56642441	0,09909651
970,80922447	0,09916516
971,05203134	0,09872548
971,29484501	0,09830721
971,53766548	0,09861059
971,78049274	0,09852214
972,02332679	0,09815855
972,26616763	0,09831792
972,50901526	0,09839279
972,75186967	0,09836548
972,99473087	0,09813771
973,23759884	0,09805056
973,48047358	0,09728055
973,72335510	0,09704671
973,96624339	0,09697820
974,20913844	0,09674596
974,45204026	0,09629331
974,69494884	0,09606989
974,93786418	0,09588447
975,18078628	0,09451405
975,42371513	0,09458335
975,66665073	0,09415645
975,90959307	0,09384277
976,15254217	0,09294954
976,39549800	0,09276552
976,63846057	0,09285755
976,88142988	0,09257843
977,12440593	0,09226936
977,36738870	0,09207635
977,61037821	0,09185864
977,85337444	0,09150946
978,09637739	0,09108317
978,33938706	0,09099763
978,58240345	0,09047485
978,82542655	0,09050058
979,06845637	0,09010781
979,31149290	0,08969747
979,55453613	0,08951623
979,79758606	0,08881534
980,04064270	0,08847768
980,28370603	0,08809077
980,52677606	0,08750689
980,76985279	0,08707880
981,01293620	0,08714709
981,25602630	0,08638972
981,49912308	0,08620754
981,74222655	0,08607394
981,98533669	0,08624261
982,22845351	0,08636855
982,47157701	0,08574827
982,71470717	0,08611840
982,95784400	0,08558765
983,20098750	0,08545555
983,44413766	0,08518466
983,68729448	0,08521845
983,93045795	0,08437613
984,17362808	0,08463268
984,41680486	0,08383749
984,65998829	0,08369868
984,90317837	0,08326336
985,14637509	0,08333511
985,38957845	0,08287484
985,63278844	0,08295379
985,87600507	0,08264853
986,11922834	0,08243835
986,36245823	0,08247312
986,60569475	0,08223842
986,84893789	0,08188554
987,09218765	0,08200716
987,33544404	0,08117334
987,57870703	0,08172274
987,82197664	0,08101072
988,06525286	0,08100866
988,30853569	0,08053803
988,55182512	0,08077814
988,79512116	0,08051458
989,03842379	0,08019019
989,28173302	0,08012442
989,52504884	0,07988536
989,76837125	0,07939516
990,01170025	0,07946721
990,25503584	0,07931837
990,49837801	0,07905091
990,74172676	0,07919564
990,98508208	0,07917701
991,22844398	0,07830292
991,47181245	0,07827047
991,71518749	0,07806795
991,95856909	0,07784771
992,20195726	0,07748698
992,44535199	0,07733956
992,68875328	0,07732118
992,93216112	0,07711333
993,17557551	0,07672169
993,41899646	0,07682702
993,66242394	0,07637571
993,90585798	0,07605033
994,14929855	0,07584291
994,39274567	0,07609114
994,63619931	0,07557108
994,87965949	0,07425399
995,12312621	0,07454919
995,36659944	0,07420165
995,61007921	0,07342216
995,85356549	0,07347454
996,09705830	0,07291474
996,34055762	0,07286464
996,58406345	0,07262463
996,82757580	0,07259883
997,07109465	0,07261392
997,31462001	0,07216000
997,55815187	0,07219896
997,80169023	0,07197657
998,04523509	0,07156722
998,28878644	0,07131399
998,53234428	0,07116952
998,77590862	0,07078555
999,01947943	0,07111400
999,26305674	0,06898785
999,50664052	0,07091103
999,75023078	0,06920436
999,99382751	0,06921699
1000,23743072	0,06896145
1000,48104040	0,06901079
1000,72465654	0,06835203
1000,96827915	0,06796840
1001,21190822	0,06751638
1001,45554374	0,06758527
1001,69918573	0,06765974
1001,94283416	0,06722813
1002,18648905	0,06714990
1002,43015038	0,06691767
1002,67381816	0,06643955
1002,91749238	0,06645246
1003,16117304	0,06612126
1003,40486014	0,06621084
1003,64855366	0,06584736
1003,89225363	0,06595534
1004,13596001	0,06528989
1004,37967283	0,06567782
1004,62339206	0,06490291
1004,86711772	0,06504221
1005,11084980	0,06436565
1005,35458828	0,06450572
1005,59833318	0,06432485
1005,84208449	0,06400115
1006,08584221	0,06420362
1006,32960633	0,06407831
1006,57337685	0,06394947
1006,81715376	0,06399613
1007,06093707	0,06349248
1007,30472678	0,06319310
1007,54852287	0,06304600
1007,79232535	0,06297064
1008,03613422	0,06256041
1008,27994947	0,06278859
1008,52377109	0,06237108
1008,76759909	0,06228272
1009,01143347	0,06189692
1009,25527421	0,06197733
1009,49912132	0,06181246
1009,74297480	0,06131753
1009,98683464	0,06126785
1010,23070084	0,06109313
1010,47457339	0,06109349
1010,71845230	0,06092865
1010,96233756	0,06059118
1011,20622917	0,06056372
1011,45012712	0,06033968
1011,69403142	0,06047103
1011,93794205	0,05984024
1012,18185903	0,05993740
1012,42578233	0,05950982
1012,66971197	0,05920469
1012,91364794	0,05904052
1013,15759024	0,05876888
1013,40153886	0,05872028
1013,64549380	0,05860861
1013,88945506	0,05843396
1014,13342263	0,05796807
1014,37739651	0,05766521
1014,62137671	0,05760696
1014,86536321	0,05688821
1015,10935602	0,05686089
1015,35335512	0,05648192
1015,59736053	0,05662193
1015,84137223	0,05585467
1016,08539023	0,05588797
1016,32941452	0,05544190
1016,57344509	0,05533439
1016,81748195	0,05518025
1017,06152509	0,05501249
1017,30557451	0,05462930
1017,54963021	0,05463933
1017,79369218	0,05442346
1018,03776042	0,05413995
1018,28183493	0,05361094
1018,52591571	0,05320743
1018,77000275	0,05279155
1019,01409605	0,05281566
1019,25819560	0,05230420
1019,50230141	0,05195528
1019,74641348	0,05166124
1019,99053179	0,05160728
1020,23465635	0,05122018
1020,47878715	0,03045578
1020,72292420	0,00250157
1020,96706748	0,00164690
1021,21121699	0,00112113
1021,45537274	0,00116704
1021,69953472	0,00096730
1021,94370293	0,00084187
