Column1;Column2
196,7344394;0,00147545
196,9382936;0,00149291
197,1421647;0,0019025
197,3460525;0,00201538
197,549957;0,00195482
197,7538784;0,00194888
197,9578165;0,00198396
198,1617713;0,0021038
198,3657429;0,00227647
198,5697313;0,00258134
198,7737364;0,00282655
198,9777582;0,00273111
199,1817968;0,00303674
199,3858521;0,00256486
199,5899242;0,00290382
199,794013;0,00215735
199,9981185;0,0020922
200,2022408;0,00176303
200,4063797;0,00130763
200,6105354;0,00175866
200,8147079;0,0010073
201,018897;0,00122457
201,2231029;0,00179322
201,4273255;0,00144739
201,6315647;0,00187436
201,8358207;0,00188295
202,0400934;0,00173325
202,2443828;0,00196583
202,448689;0,00219066
202,6530118;0,00228045
202,8573512;0,00150839
203,0617074;0,00251053
203,2660803;0,0022123
203,4704699;0,00245725
203,6748761;0,00219217
203,879299;0,00261267
204,0837387;0,00221022
204,2881949;0,00210588
204,4926679;0,00148471
204,6971575;0,00154314
204,9016638;0,00147633
205,1061868;0,00136619
205,3107264;0,00146667
205,5152827;0,00181065
205,7198556;0,0020979
205,9244452;0,00176065
206,1290515;0,0026967
206,3336744;0,00223316
206,5383139;0,00184555
206,7429701;0,00177412
206,9476429;0,00244022
207,1523324;0,00256371
207,3570385;0,00289081
207,5617612;0,00243483
207,7665006;0,00268431
207,9712566;0,00317174
208,1760292;0,00249043
208,3808185;0,00244998
208,5856243;0,00185787
208,7904468;0,00172438
208,9952859;0,00150154
209,2001416;0,00050267
209,4050139;0,00173407
209,6099029;0,00103771
209,8148084;0,00169707
210,0197305;0,00163507
210,2246693;0,00206686
210,4296246;0,00223294
210,6345965;0,0015308
210,839585;0,00267461
211,0445901;0,00218777
211,2496118;0,00201016
211,4546501;0,00272689
211,6597049;0,00254967
211,8647764;0,00346486
212,0698644;0,00242829
212,2749689;0,00284673
212,4800901;0,00229513
212,6852278;0,00203244
212,8903821;0,00186588
213,0955529;0,0015358
213,3007403;0,00107342
213,5059442;0,00131551
213,7111648;0,00114121
213,9164018;0,00143493
214,1216554;0,00171781
214,3269256;0,0023433
214,5322123;0,00186987
214,7375155;0,00267583
214,9428353;0,00165157
215,1481716;0,00204662
215,3535244;0,00214796
215,5588938;0,00209679
215,7642797;0,00229227
215,9696821;0,00294744
216,1751011;0,00311413
216,3805365;0,00263065
216,5859885;0,00245714
216,791457;0,00215474
216,996942;0,00191901
217,2024435;0,00178436
217,4079615;0,00182795
217,6134961;0,00108313
217,8190471;0,00123408
218,0246146;0,00175618
218,2301986;0,00235502
218,4357991;0,00216547
218,6414161;0,00225681
218,8470496;0,00183833
219,0526996;0,0025576
219,258366;0,0017265
219,464049;0,00288374
219,6697484;0,00227679
219,8754643;0,00250259
220,0811966;0,00273376
220,2869455;0,00247823
220,4927107;0,00237011
220,6984925;0,00258874
220,9042907;0,00232737
221,1101054;0,0023296
221,3159365;0,00113952
221,5217841;0,00138861
221,7276481;0,001072
221,9335286;0,00108589
222,1394255;0,00183601
222,3453389;0,00179653
222,5512687;0,00214391
222,7572149;0,0018647
222,9631776;0,00197057
223,1691567;0,00174431
223,3751522;0,00208569
223,5811642;0,00240681
223,7871926;0,00247526
223,9932374;0,00249406
224,1992986;0,00239319
224,4053763;0,00300605
224,6114703;0,00323864
224,8175808;0,00269763
225,0237077;0,00283005
225,2298509;0,00179156
225,4360106;0,00185253
225,6421867;0,00206184
225,8483792;0,00153078
226,054588;0,00085098
226,2608133;0,00184805
226,4670549;0,00173351
226,673313;0,00194711
226,8795874;0,00205395
227,0858782;0,0020889
227,2921854;0,00237644
227,4985089;0,00190573
227,7048489;0,00197068
227,9112052;0,00209245
228,1175778;0,00267532
228,3239668;0,00275715
228,5303722;0,00284323
228,736794;0,00340172
228,9432321;0,0032012
229,1496866;0,00252714
229,3561574;0,00136148
229,5626445;0,00159124
229,7691481;0,00143438
229,9756679;0,00140033
230,1822041;0,00105508
230,3887566;0,00210239
230,5953255;0,00170049
230,8019107;0,001576
231,0085123;0,00210986
231,2151301;0,00205037
231,4217643;0,00239864
231,6284148;0,00168787
231,8350816;0,002445
232,0417648;0,0028126
232,2484643;0,00253644
232,45518;0,00335286
232,6619121;0,00233177
232,8686605;0,00332317
233,0754252;0,00286101
233,2822062;0,00203305
233,4890035;0,00179573
233,6958171;0,00143951
233,902647;0,00165153
234,1094931;0,00117778
234,3163556;0,00106521
234,5232343;0,00158037
234,7301294;0,00213712
234,9370407;0,00229269
235,1439683;0,00203059
235,3509121;0,00238351
235,5578723;0,00253864
235,7648487;0,00286755
235,9718413;0,00311377
236,1788503;0,00251001
236,3858755;0,00294823
236,5929169;0,00301395
236,7999746;0,0029473
237,0070486;0,00329785
237,2141388;0,00263239
237,4212453;0,00262122
237,628368;0,00166895
237,8355069;0,00179246
238,0426621;0,00115233
238,2498335;0,00156918
238,4570212;0,00136169
238,6642251;0,00142477
238,8714452;0,00211
239,0786816;0,002044
239,2859342;0,00197336
239,4932029;0,00246047
239,700488;0,00269324
239,9077892;0,00255496
240,1151066;0,00301241
240,3224403;0,00230856
240,5297902;0,00351842
240,7371562;0,00299669
240,9445385;0,00286666
241,151937;0,00267376
241,3593517;0,00238229
241,5667825;0,00212342
241,7742296;0,00211008
241,9816928;0,00116425
242,1891723;0,00163587
242,3966679;0,00103182
242,6041797;0,00154614
242,8117077;0,00138626
243,0192518;0,00172493
243,2268122;0,00188114
243,4343887;0,00203503
243,6419813;0,00211697
243,8495902;0,0022991
244,0572152;0,00238562
244,2648563;0,00262625
244,4725136;0,00325234
244,6801871;0,0025197
244,8878767;0,00330328
245,0955825;0,00324607
245,3033044;0,00285568
245,5110425;0,00300413
245,7187967;0,00235803
245,9265671;0,00227872
246,1343535;0,00143895
246,3421562;0,00130169
246,5499749;0,00164965
246,7578098;0,00134487
246,9656608;0,0022555
247,1735279;0,00183947
247,3814112;0,00224126
247,5893105;0,00234864
247,797226;0,002184
248,0051576;0,00222004
248,2131053;0,00236885
248,4210691;0,00250102
248,629049;0,0025664
248,837045;0,00319689
249,0450571;0,00300209
249,2530854;0,00265097
249,4611297;0,00240363
249,6691901;0,00199152
249,8772665;0,00212407
250,0853591;0,00191821
250,2934678;0,00131426
250,5015925;0,00129484
250,7097333;0,00142716
250,9178902;0,00158919
251,1260632;0,00142108
251,3342522;0,00202455
251,5424573;0,00160151
251,7506785;0,00242949
251,9589157;0,00266319
252,167169;0,00262783
252,3754383;0,0026075
252,5837237;0,00291977
252,7920252;0,00318674
253,0003427;0,0032864
253,2086762;0,00327016
253,4170258;0,00260084
253,6253914;0,00290791
253,8337731;0,00236156
254,0421708;0,00210982
254,2505845;0,00155813
254,4590143;0,00150425
254,6674601;0,00117257
254,8759219;0,00155818
255,0843997;0,00113439
255,2928936;0,00166029
255,5014035;0,0020335
255,7099294;0,00238908
255,9184713;0,00287128
256,1270292;0,00223638
256,3356031;0,00336231
256,544193;0,00285732
256,7527989;0,00282428
256,9614208;0,00215332
257,1700588;0,00336464
257,3787127;0,00320982
257,5873826;0,00306378
257,7960685;0,00301865
258,0047703;0,00218291
258,2134882;0,00217501
258,422222;0,00252354
258,6309718;0,00189816
258,8397376;0,00177897
259,0485194;0,00097395
259,2573171;0,00161327
259,4661308;0,00143853
259,6749604;0,00195691
259,883806;0,002294
260,0926676;0,00203604
260,3015452;0,00287297
260,5104386;0,00306937
260,7193481;0,00266597
260,9282735;0,00297809
261,1372148;0,0036303
261,346172;0,00364323
261,5551453;0,00337419
261,7641344;0,0032611
261,9731395;0,00258703
262,1821605;0,00181983
262,3911974;0,00154506
262,6002503;0,00187081
262,8093191;0,00158292
263,0184038;0,00147324
263,2275044;0,00161692
263,436621;0,00176628
263,6457535;0,00155779
263,8549018;0,00236629
264,0640661;0,00249854
264,2732463;0,00242816
264,4824424;0,00269775
264,6916544;0,00278415
264,9008822;0,002768
265,110126;0,00327924
265,3193857;0,00288068
265,5286613;0,00354183
265,7379527;0,00300844
265,94726;0,00346472
266,1565833;0,00281079
266,3659223;0,00242557
266,5752773;0,00193122
266,7846482;0,00164155
266,9940349;0,00121034
267,2034374;0,00132504
267,4128559;0,00160095
267,6222902;0,00167363
267,8317404;0,0018746
268,0412064;0,00164902
268,2506883;0,00262436
268,460186;0,00267471
268,6696996;0,00265947
268,879229;0,00242976
269,0887743;0,00328876
269,2983354;0,00324796
269,5079124;0,00356794
269,7175051;0,00353427
269,9271138;0,00342505
270,1367382;0,00359873
270,3463785;0,00284406
270,5560346;0,00255615
270,7657065;0,00188301
270,9753943;0,00099082
271,1850979;0,00172321
271,3948172;0,00158195
271,6045524;0,0015151
271,8143034;0,00157064
272,0240702;0,00205814
272,2338529;0,00230546
272,4436513;0,00263208
272,6534655;0,00196316
272,8632955;0,00279912
273,0731413;0,00288155
273,2830029;0,00255668
273,4928803;0,0033169
273,7027735;0,00367272
273,9126824;0,0031093
274,1226072;0,00266601
274,3325477;0,00326849
274,542504;0,0026789
274,752476;0,00256878
274,9624639;0,00269658
275,1724675;0,00183366
275,3824868;0,00179888
275,5925219;0,00202157
275,8025728;0,00178887
276,0126395;0,00194269
276,2227218;0,00198081
276,43282;0,00215256
276,6429339;0,00206868
276,8530635;0,00279692
277,0632089;0,00317231
277,27337;0,00307933
277,4835469;0,00329831
277,6937395;0,00378041
277,9039478;0,00296679
278,1141719;0,00335167
278,3244116;0,00294597
278,5346672;0,00390903
278,7449384;0,0032407
278,9552253;0,00186166
279,165528;0,00280875
279,3758464;0,00179534
279,5861805;0,0019427
279,7965303;0,0012976
280,0068958;0,00162236
280,217277;0,00149977
280,4276739;0,00175016
280,6380865;0,00152273
280,8485148;0,00262791
281,0589588;0,00237459
281,2694185;0,00300594
281,4798939;0,00309047
281,6903849;0,00310786
281,9008917;0,00363114
282,1114141;0,00275262
282,3219522;0,00326688
282,5325059;0,00311718
282,7430754;0,00301881
282,9536605;0,00288419
283,1642613;0,00260385
283,3748777;0,00181278
283,5855098;0,0017982
283,7961576;0,00164904
284,006821;0,00140941
284,2175;0,00160538
284,4281948;0,00144095
284,6389051;0,00165321
284,8496311;0,00217624
285,0603728;0,00182166
285,2711301;0,00203271
285,481903;0,00282563
285,6926916;0,00288112
285,9034958;0,00327767
286,1143156;0,00286267
286,325151;0,00316932
286,5360021;0,00370917
286,7468688;0,00288237
286,9577511;0,00340896
287,168649;0,00255382
287,3795626;0,0020719
287,5904917;0,00183823
287,8014365;0,001658
288,0123968;0,0013542
288,2233728;0,00174676
288,4343644;0,0018265
288,6453715;0,00176846
288,8563943;0,00181074
289,0674326;0,00180092
289,2784866;0,00240917
289,4895561;0,00262864
289,7006412;0,00254938
289,9117419;0,00279731
290,1228582;0,00297832
290,33399;0,00278062
290,5451374;0,00313671
290,7563004;0,00300947
290,967479;0,00280548
291,1786731;0,00306609
291,3898827;0,00250621
291,601108;0,00268833
291,8123488;0,00242226
292,0236051;0,00177473
292,234877;0,00149544
292,4461645;0,00207272
292,6574675;0,00154961
292,868786;0,00156581
293,0801201;0,00161919
293,2914697;0,00226209
293,5028349;0,00201498
293,7142156;0,00204809
293,9256118;0,00335213
294,1370236;0,00313245
294,3484508;0,00294974
294,5598936;0,00273054
294,771352;0,00360733
294,9828258;0,00299164
295,1943151;0,00295525
295,40582;0,00285208
295,6173404;0,00287988
295,8288762;0,00279995
296,0404276;0,00166795
296,2519945;0,00147231
296,4635769;0,00127629
296,6751748;0,00140469
296,8867881;0,00196958
297,098417;0,00148035
297,3100613;0,00131148
297,5217212;0,00216115
297,7333965;0,00235271
297,9450873;0,00260464
298,1567936;0,00312972
298,3685153;0,00264301
298,5802525;0,0030433
298,7920052;0,00296739
299,0037734;0,00349514
299,215557;0,00330725
299,4273561;0,00363702
299,6391706;0,00290411
299,8510006;0,0021089
300,0628461;0,00220244
300,274707;0,00216726
300,4865833;0,00200745
300,6984751;0,00193966
300,9103824;0,00103185
301,122305;0,0016255
301,3342432;0,00200989
301,5461967;0,00219875
301,7581657;0,00185378
301,9701501;0,0024034
302,18215;0,00267405
302,3941652;0,00355536
302,6061959;0,00284447
302,818242;0,00364883
303,0303035;0,00304548
303,2423805;0,00283392
303,4544728;0,00367659
303,6665806;0,00276697
303,8787037;0,0029057
304,0908423;0,00289425
304,3029962;0,00260024
304,5151656;0,0021813
304,7273504;0,00226896
304,9395505;0,00199022
305,151766;0,00190336
305,363997;0,00205929
305,5762433;0,00180629
305,788505;0,00162793
306,000782;0,00241256
306,2130745;0,00276581
306,4253823;0,00304265
306,6377055;0,00336687
306,850044;0,00297925
307,062398;0,00316618
307,2747673;0,00320815
307,4871519;0,002987
307,6995519;0,00326861
307,9119673;0,00307975
308,124398;0,00250314
308,336844;0,00203777
308,5493055;0,00158752
308,7617822;0,00219533
308,9742743;0,00229816
309,1867817;0,00199546
309,3993045;0,00186838
309,6118426;0,00203868
309,8243961;0,00209844
310,0369648;0,00185736
310,2495489;0,0020848
310,4621483;0,0029707
310,6747631;0,0029277
310,8873931;0,00321875
311,1000385;0,00343632
311,3126992;0,00329121
311,5253752;0,00329808
311,7380665;0,00300994
311,9507731;0,00329981
312,163495;0,00315672
312,3762322;0,00302988
312,5889847;0,00205995
312,8017525;0,00226602
313,0145356;0,00209947
313,2273339;0,00231324
313,4401476;0,00203121
313,6529765;0,00167675
313,8658208;0,00176314
314,0786803;0,00220597
314,291555;0,00226524
314,5044451;0,00306101
314,7173504;0,00261472
314,930271;0,00315395
315,1432069;0,00313184
315,356158;0,00369393
315,5691243;0,00260609
315,782106;0,00335022
315,9951029;0,00314209
316,208115;0,00348833
316,4211424;0,00299715
316,634185;0,00295593
316,8472429;0,00220589
317,060316;0,00232653
317,2734044;0,00194967
317,486508;0,00173241
317,6996268;0,00150883
317,9127608;0,00213557
318,1259101;0,00219085
318,3390746;0,00239226
318,5522544;0,002989
318,7654493;0,00261297
318,9786595;0,00323567
319,1918848;0,00307534
319,4051254;0,00369666
319,6183812;0,00295418
319,8316522;0,00361552
320,0449385;0,00293454
320,2582399;0,0032505
320,4715565;0,00375782
320,6848883;0,00314369
320,8982353;0,00299332
321,1115975;0,00219468
321,3249748;0,00204869
321,5383674;0,00206697
321,7517751;0,00211962
321,9651981;0,00207352
322,1786362;0,0019475
322,3920894;0,00163373
322,6055579;0,00224977
322,8190415;0,00233265
323,0325403;0,00308368
323,2460542;0,00300119
323,4595833;0,00345333
323,6731276;0,00333652
323,886687;0,0032025
324,1002616;0,00349162
324,3138513;0,00326474
324,5274562;0,00262077
324,7410762;0,00316705
324,9547114;0,0031927
325,1683617;0,0028691
325,3820271;0,00263639
325,5957077;0,00236634
325,8094034;0,00252657
326,0231142;0,00218997
326,2368402;0,00213737
326,4505812;0,00174904
326,6643374;0,00232302
326,8781088;0,00194617
327,0918952;0,0022754
327,3056968;0,00220151
327,5195134;0,00320017
327,7333452;0,00349088
327,9471921;0,00368558
328,161054;0,00376172
328,3749311;0,00339245
328,5888233;0,00359339
328,8027306;0,00276672
329,0166529;0,00334109
329,2305904;0,00306077
329,4445429;0,0029365
329,6585105;0,00295372
329,8724932;0,00240845
330,086491;0,00208293
330,3005039;0,00159042
330,5145318;0,00183729
330,7285748;0,00186127
330,9426329;0,0021187
331,156706;0,00252328
331,3707942;0,00280592
331,5848975;0,00283073
331,7990158;0,00338122
332,0131492;0,00366264
332,2272976;0,00387639
332,4414611;0,00358599
332,6556396;0,00382939
332,8698331;0,00350729
333,0840418;0,00323146
333,2982654;0,00324411
333,5125041;0,00261953
333,7267578;0,00294293
333,9410265;0,00249852
334,1553103;0,00245937
334,3696091;0,0020847
334,5839229;0,00206932
334,7982518;0,00182741
335,0125956;0,00256281
335,2269545;0,00240137
335,4413284;0,00264389
335,6557173;0,00368923
335,8701212;0,00288777
336,0845401;0,00401175
336,298974;0,00344176
336,5134229;0,0038093
336,7278868;0,00371319
336,9423657;0,00379428
337,1568596;0,00319329
337,3713685;0,00308718
337,5858923;0,00342808
337,8004312;0,00322303
338,014985;0,00363259
338,2295538;0,00251031
338,4441376;0,00299579
338,6587363;0,00294606
338,8733501;0,0020594
339,0879788;0,00276299
339,3026224;0,00240677
339,517281;0,00279771
339,7319546;0,0026514
339,9466431;0,00246411
340,1613466;0,00318693
340,376065;0,00418378
340,5907984;0,00431013
340,8055468;0,00391465
341,02031;0,00376065
341,2350882;0,00431519
341,4498814;0,00410634
341,6646895;0,0034211
341,8795125;0,0035394
342,0943504;0,00364734
342,3092033;0,00340278
342,5240711;0,00302449
342,7389538;0,00327084
342,9538515;0,00253622
343,168764;0,00257726
343,3836915;0,00201474
343,5986339;0,0030767
343,8135912;0,00324766
344,0285634;0,00285997
344,2435505;0,00337749
344,4585525;0,00396973
344,6735694;0,00417404
344,8886012;0,00439228
345,1036479;0,00418261
345,3187095;0,00368837
345,5337859;0,00347076
345,7488773;0,00355734
345,9639835;0,00354056
346,1791046;0,00378639
346,3942406;0,0038569
346,6093915;0,00370063
346,8245572;0,00343658
347,0397378;0,00307333
347,2549333;0,00271737
347,4701436;0,00331865
347,6853688;0,00300993
347,9006088;0,00337321
348,1158637;0,00334735
348,3311335;0,00365478
348,5464181;0,00388418
348,7617176;0,00394273
348,9770319;0,0044747
349,192361;0,00384897
349,407705;0,0038896
349,6230638;0,00419658
349,8384375;0,00380456
350,053826;0,00343381
350,2692293;0,00439654
350,4846474;0,0043206
350,7000804;0,00416463
350,9155282;0,00334452
351,1309908;0,00324286
351,3464682;0,00344401
351,5619604;0,00271135
351,7774675;0,00324681
351,9929893;0,0034959
352,208526;0,00298648
352,4240774;0,00367211
352,6396437;0,00385832
352,8552247;0,00451479
353,0708206;0,00420772
353,2864312;0,00423311
353,5020567;0,00460044
353,7176969;0,00494559
353,9333519;0,00440207
354,1490217;0,00439286
354,3647062;0,0042873
354,5804055;0,00473408
354,7961197;0,00480778
355,0118485;0,00460078
355,2275922;0,00415221
355,4433506;0,00390954
355,6591238;0,00383523
355,8749117;0,00364907
356,0907144;0,00333064
356,3065318;0,00379949
356,522364;0,0037762
356,738211;0,00379003
356,9540727;0,00448938
357,1699491;0,0048241
357,3858403;0,00529574
357,6017462;0,00538823
357,8176668;0,00505131
358,0336022;0,00493263
358,2495523;0,00518119
358,4655172;0,00536952
358,6814967;0,00508565
358,897491;0,00468135
359,1135001;0,00526831
359,3295238;0,00484625
359,5455622;0,00505843
359,7616154;0,0048042
359,9776832;0,00486093
360,1937658;0,004782
360,4098631;0,00483889
360,6259751;0,00452847
360,8421017;0,00431316
361,0582431;0,00500178
361,2743992;0,0051868
361,4905699;0,00471419
361,7067554;0,00550478
361,9229555;0,00493678
362,1391703;0,00536463
362,3553998;0,0054711
362,571644;0,00499259
362,7879028;0,00493173
363,0041763;0,00440039
363,2204645;0,00504162
363,4367674;0,00563241
363,6530849;0,0051856
363,869417;0,00491198
364,0857639;0,00497226
364,3021254;0,00474502
364,5185015;0,00488934
364,7348923;0,00423903
364,9512978;0,00453761
365,1677179;0,00521825
365,3841526;0,00540431
365,600602;0,00541633
365,817066;0,00533257
366,0335446;0,00587045
366,2500379;0,00560102
366,4665458;0,00625044
366,6830683;0,00535394
366,8996055;0,00559237
367,1161573;0,00566444
367,3327237;0,00558494
367,5493047;0,00553181
367,7659003;0,00543417
367,9825105;0,00526191
368,1991354;0,00566999
368,4157748;0,00526328
368,6324289;0,00512278
368,8490976;0,00444701
369,0657808;0,00413533
369,2824787;0,00478056
369,4991911;0,00539614
369,7159181;0,00530332
369,9326598;0,00606187
370,149416;0,00581608
370,3661867;0,00657395
370,5829721;0,00622165
370,799772;0,00672842
371,0165866;0,00684768
371,2334156;0,00632365
371,4502593;0,00611005
371,6671175;0,00701959
371,8839903;0,00664085
372,1008776;0,00704819
372,3177795;0,00625565
372,534696;0,00549122
372,751627;0,00587665
372,9685726;0,00494137
373,1855327;0,005598
373,4025073;0,0063199
373,6194965;0,00669962
373,8365002;0,00650034
374,0535185;0,00601423
374,2705513;0,00724682
374,4875986;0,00711743
374,7046605;0,00698145
374,9217369;0,0071208
375,1388278;0,00780374
375,3559332;0,00755698
375,5730532;0,00761736
375,7901876;0,00707992
376,0073366;0,00786677
376,2245001;0,0077618
376,4416781;0,00784819
376,6588706;0,00779923
376,8760776;0,00744229
377,0932991;0,0074921
377,3105351;0,00689996
377,5277856;0,00751373
377,7450506;0,00762968
377,96233;0,00767753
378,179624;0,00768664
378,3969324;0,00796036
378,6142553;0,00752649
378,8315927;0,00809291
379,0489446;0,00870286
379,266311;0,00863369
379,4836918;0,00878645
379,7010871;0,00872265
379,9184968;0,0085314
380,135921;0,00946272
380,3533597;0,00860418
380,5708128;0,00861024
380,7882804;0,00903254
381,0057624;0,00876048
381,2232589;0,00831531
381,4407698;0,0082321
381,6582952;0,00824358
381,875835;0,00824472
382,0933893;0,00775321
382,310958;0,00914112
382,5285411;0,00868822
382,7461386;0,00908063
382,9637506;0,00898757
383,181377;0,00964262
383,3990178;0,01009728
383,6166731;0,01027738
383,8343427;0,00990469
384,0520268;0,01078701
384,2697253;0,01013152
384,4874382;0,01005861
384,7051655;0,00901867
384,9229072;0,01046548
385,1406633;0,01019061
385,3584338;0,01006298
385,5762187;0,0096668
385,794018;0,01025147
386,0118317;0,00932886
386,2296598;0,01014651
386,4475022;0,0103965
386,665359;0,01065878
386,8832303;0,01098056
387,1011159;0,01092985
387,3190158;0,01115098
387,5369302;0,01130131
387,7548589;0,01139826
387,972802;0,01157579
388,1907594;0,0119665
388,4087312;0,01236858
388,6267174;0,01215082
388,8447179;0,01198942
389,0627328;0,01197557
389,280762;0,01231204
389,4988055;0,0121842
389,7168635;0,01227918
389,9349357;0,01213487
390,1530223;0,01238412
390,3711232;0,01197715
390,5892385;0,01223833
390,8073681;0,01206828
391,025512;0,01271271
391,2436703;0,01257342
391,4618429;0,01242199
391,6800298;0,01312881
391,898231;0,01418909
392,1164465;0,0139899
392,3346764;0,01402239
392,5529205;0,01450536
392,771179;0,01486116
392,9894518;0,01400105
393,2077388;0,01500341
393,4260402;0,01457729
393,6443559;0,01470029
393,8626858;0,0142975
394,0810301;0,01482161
394,2993887;0,0135788
394,5177615;0,01405424
394,7361486;0,01442023
394,95455;0,01443016
395,1729657;0,0143716
395,3913956;0,01540948
395,6098399;0,01472573
395,8282984;0,01529955
396,0467711;0,01553141
396,2652582;0,01558345
396,4837595;0,01667844
396,702275;0,01617824
396,9208048;0,01660037
397,1393489;0,01632181
397,3579072;0,0165117
397,5764798;0,01604648
397,7950666;0,01637977
398,0136677;0,01617171
398,232283;0,01614179
398,4509125;0,01632338
398,6695563;0,01633217
398,8882143;0,01650404
399,1068865;0,01592807
399,325573;0,01724162
399,5442737;0,01706699
399,7629886;0,0175783
399,9817178;0,0172976
400,2004611;0,01727751
400,4192187;0,0181357
400,6379905;0,01783818
400,8567765;0,01829707
401,0755767;0,01807309
401,2943911;0,01898075
401,5132197;0,01892505
401,7320625;0,01897056
401,9509195;0,01897657
402,1697907;0,01856682
402,3886761;0,01866824
402,6075756;0,01891298
402,8264894;0,01926543
403,0454173;0,0188526
403,2643595;0,01883777
403,4833158;0,0180073
403,7022862;0,01879451
403,9212709;0,01914211
404,1402697;0,01858215
404,3592827;0,01993286
404,5783098;0,02054131
404,7973512;0,02030504
405,0164066;0,02072402
405,2354763;0,02069129
405,45456;0,02166927
405,673658;0,02195007
405,89277;0,0219974
406,1118963;0,02179018
406,3310366;0,02218749
406,5501912;0,0219859
406,7693598;0,02175269
406,9885426;0,02129215
407,2077395;0,02233251
407,4269506;0,02152501
407,6461757;0,02166028
407,865415;0,02270075
408,0846684;0,02298369
408,303936;0,02272536
408,5232176;0,02359669
408,7425134;0,02312177
408,9618233;0,02431846
409,1811473;0,02460192
409,4004854;0,0253882
409,6198376;0,02543665
409,8392039;0,02608895
410,0585843;0,02675142
410,2779788;0,02639141
410,4973873;0,02683867
410,71681;0,02591705
410,9362468;0,02656195
411,1556976;0,02712795
411,3751626;0,02698873
411,5946416;0,02713408
411,8141347;0,02693816
412,0336418;0,02643521
412,2531631;0,02746512
412,4726984;0,0282675
412,6922477;0,02769004
412,9118112;0,02800691
413,1313886;0,02833141
413,3509802;0,02828302
413,5705858;0,02947731
413,7902055;0,02937851
414,0098392;0,03032445
414,2294869;0,03037155
414,4491487;0,03074028
414,6688246;0,03051332
414,8885144;0,03036789
415,1082184;0,0309311
415,3279363;0,03091682
415,5476683;0,03049532
415,7674143;0,02992065
415,9871743;0,02970203
416,2069484;0,02985796
416,4267365;0,02998829
416,6465386;0,03020691
416,8663547;0,031481
417,0861848;0,0306238
417,306029;0,03088559
417,5258871;0,0313463
417,7457593;0,03180495
417,9656454;0,03281933
418,1855456;0,0333099
418,4054598;0,03348829
418,6253879;0,03378321
418,84533;0,03363997
419,0652862;0,0345548
419,2852563;0,03391232
419,5052404;0,03328133
419,7252385;0,03298449
419,9452505;0,03358395
420,1652765;0,03356459
420,3853166;0,03437886
420,6053705;0,03396415
420,8254385;0,03353064
421,0455204;0,0345654
421,2656163;0,0353095
421,4857261;0,03556549
421,7058499;0,03575746
421,9259876;0,03556221
422,1461393;0,03605806
422,366305;0,03634839
422,5864846;0,03677877
422,8066781;0,03703588
423,0268856;0,03730446
423,247107;0,03775026
423,4673423;0,03835487
423,6875916;0,03774843
423,9078548;0,0382827
424,128132;0,0380602
424,348423;0,03773296
424,568728;0,03783919
424,7890469;0,03815946
425,0093798;0,0376045
425,2297265;0,03815155
425,4500872;0,03865841
425,6704617;0,0388337
425,8908502;0,03919993
426,1112526;0,0394712
426,3316688;0,03999997
426,552099;0,04065853
426,7725431;0,04138408
426,993001;0,04214018
427,2134729;0,04250303
427,4339586;0,04245859
427,6544583;0,04364484
427,8749718;0,04273993
428,0954992;0,04294383
428,3160404;0,04353811
428,5365956;0,04292895
428,7571646;0,04267954
428,9777475;0,04343423
429,1983442;0,04370841
429,4189548;0,04339287
429,6395793;0,04405979
429,8602177;0,04479933
430,0808698;0,04497111
430,3015359;0,04542296
430,5222158;0,04569681
430,7429095;0,04679618
430,9636171;0,04589027
431,1843386;0,04704897
431,4050738;0,04799418
431,6258229;0,04778002
431,8465859;0,04909203
432,0673627;0,04945572
432,2881533;0,04885699
432,5089577;0,04900569
432,729776;0,0488524
432,950608;0,04917043
433,1714539;0,05002699
433,3923136;0,04903711
433,6131872;0,04943489
433,8340745;0,05064005
434,0549757;0,0504053
434,2758906;0,05076979
434,4968194;0,05118439
434,7177619;0,05188299
434,9387183;0,05233036
435,1596884;0,05265808
435,3806724;0,05277359
435,6016701;0,05359202
435,8226816;0,0541961
436,0437069;0,05456265
436,264746;0,05456115
436,4857989;0,05483624
436,7068655;0,05485454
436,9279459;0,05505429
437,1490401;0,05457546
437,3701481;0,05441568
437,5912698;0,0546404
437,8124053;0,05519366
438,0335545;0,05651688
438,2547175;0,05535622
438,4758943;0,05563156
438,6970848;0,05659879
438,918289;0,05684719
439,139507;0,05655818
439,3607388;0,05675556
439,5819843;0,05656266
439,8032435;0,05682998
440,0245165;0,0584201
440,2458032;0,05839136
440,4671036;0,05970146
440,6884178;0,05888812
440,9097457;0,059628
441,1310873;0,05944169
441,3524426;0,06023088
441,5738117;0,05987422
441,7951944;0,05972125
442,0165909;0,05963828
442,2380011;0,05912144
442,459425;0,06100564
442,6808626;0,0601015
442,9023139;0,06089707
443,1237789;0,06177693
443,3452576;0,06180812
443,56675;0,06222331
443,788256;0,06203727
444,0097758;0,06181379
444,2313093;0,062848
444,4528564;0,06293232
444,6744172;0,06395312
444,8959917;0,06517122
445,1175799;0,06444508
445,3391818;0,06565369
445,5607973;0,06541472
445,7824265;0,06518655
446,0040693;0,06468537
446,2257258;0,06524767
446,447396;0,06491022
446,6690798;0,06521378
446,8907773;0,06552265
447,1124884;0,06602844
447,3342132;0,0658981
447,5559517;0,06700571
447,7777037;0,06731962
447,9994694;0,06807475
448,2212488;0,06817262
448,4430418;0,06760566
448,6648484;0,06830352
448,8866686;0,06958296
449,1085025;0,07015065
449,33035;0,07120232
449,5522112;0,07183197
449,7740859;0,07221902
449,9959743;0,07217454
450,2178762;0,07212435
450,4397918;0,07204046
450,661721;0,07137944
450,8836638;0,07175396
451,1056202;0,07153396
451,3275902;0,07144816
451,5495738;0,07241705
451,771571;0,07286946
451,9935818;0,07438986
452,2156062;0,07486839
452,4376442;0,07482484
452,6596958;0,07507793
452,8817609;0,07583841
453,1038396;0,07569698
453,3259319;0,07681782
453,5480378;0,07739469
453,7701572;0,0774611
453,9922902;0,07829333
454,2144368;0,07899795
454,436597;0,07880855
454,6587707;0,07866448
454,8809579;0,07926597
455,1031588;0,07961999
455,3253731;0,07900289
455,547601;0,07963944
455,7698425;0,08031646
455,9920975;0,08066851
456,2143661;0,08095137
456,4366482;0,08184132
456,6589438;0,08238837
456,881253;0,08260125
457,1035757;0,08297112
457,3259119;0,08367767
457,5482617;0,08478478
457,770625;0,08561739
457,9930018;0,08610177
458,2153921;0,08644462
458,4377959;0,08813428
458,6602133;0,08721591
458,8826441;0,08830335
459,1050885;0,08784342
459,3275464;0,08758035
459,5500177;0,08824801
459,7725026;0,08680649
459,995001;0,08902627
460,2175129;0,08915462
460,4400382;0,0899734
460,6625771;0,08924492
460,8851294;0,09029212
461,1076952;0,09133019
461,3302745;0,09147192
461,5528673;0,0910781
461,7754736;0,09167967
461,9980933;0,09304286
462,2207265;0,09334181
462,4433732;0,09375725
462,6660333;0,09588828
462,8887069;0,09604985
463,111394;0,09673178
463,3340945;0,09739998
463,5568085;0,0969907
463,7795359;0,09729742
464,0022768;0,09685414
464,2250311;0,09723089
464,4477988;0,09722315
464,67058;0,09856055
464,8933747;0,09980022
465,1161828;0,09906936
465,3390043;0,09943949
465,5618392;0,10028168
465,7846876;0,10028076
466,0075494;0,10125857
466,2304246;0,10162027
466,4533133;0,10160386
466,6762153;0,1027809
466,8991308;0,10272203
467,1220597;0,10334895
467,345002;0,10311986
467,5679577;0,1043066
467,7909268;0,10469039
468,0139093;0,10461433
468,2369052;0,10493341
468,4599145;0,10552384
468,6829372;0,10548661
468,9059733;0,10590651
469,1290228;0,10629071
469,3520856;0,10756665
469,5751619;0,10781654
469,7982515;0,10808823
470,0213545;0,10936955
470,2444709;0,10965098
470,4676006;0,11039661
470,6907438;0,11050838
470,9139003;0,1125634
471,1370701;0,11244616
471,3602533;0,11435849
471,5834499;0,11453905
471,8066598;0,11495289
472,0298831;0,11399712
472,2531197;0,11376181
472,4763697;0,11358721
472,6996331;0,11365246
472,9229097;0,11361105
473,1461998;0,11414338
473,3695031;0,1140771
473,5928198;0,11532984
473,8161498;0,11605179
474,0394932;0,11726918
474,2628498;0,11794443
474,4862198;0,1179161
474,7096032;0,11831568
474,9329998;0,11963279
475,1564098;0,11946695
475,379833;0,12068139
475,6032696;0,12274396
475,8267195;0,12389412
476,0501827;0,12324804
476,2736592;0,12361447
476,497149;0,12386942
476,7206521;0,12358896
476,9441685;0,12320556
477,1676982;0,12351062
477,3912412;0,12349016
477,6147975;0,12282087
477,838367;0,12457846
478,0619498;0,12500825
478,285546;0,1265569
478,5091553;0,12864042
478,732778;0,12849791
478,9564139;0,12940613
479,1800632;0,12895554
479,4037256;0,12924681
479,6274014;0,13010409
479,8510904;0,13112014
480,0747926;0,13275825
480,2985081;0,13431267
480,5222369;0,13431535
480,7459789;0,13655588
480,9697341;0,13521451
481,1935027;0,13610108
481,4172844;0,13592362
481,6410794;0,13544478
481,8648876;0,13632934
482,0887091;0,13691795
482,3125438;0,13737613
482,5363917;0,13982455
482,7602528;0,14010839
482,9841272;0,1407814
483,2080148;0,1409796
483,4319156;0,14151557
483,6558296;0,14135736
483,8797568;0,14357704
484,1036973;0,14382561
484,3276509;0,14517135
484,5516178;0,14632887
484,7755979;0,14866125
484,9995911;0,14888493
485,2235976;0,15014408
485,4476172;0,14955831
485,6716501;0,1498465
485,8956961;0,14982138
486,1197553;0,14945556
486,3438277;0,14976731
486,5679133;0,1515522
486,7920121;0,15167437
487,016124;0,1518945
487,2402491;0,15172294
487,4643874;0,15409844
487,6885388;0,15595037
487,9127035;0,15603524
488,1368812;0,1571362
488,3610722;0,15759769
488,5852763;0,15792492
488,8094935;0,15872074
489,0337239;0,16105419
489,2579675;0,16178688
489,4822242;0,16141722
489,706494;0,16307983
489,930777;0,16177407
490,1550731;0,16301165
490,3793824;0,16181146
490,6037047;0,16263458
490,8280403;0,16330255
491,0523889;0,16412375
491,2767507;0,16424904
491,5011256;0,16676397
491,7255136;0,16648803
491,9499147;0,16759291
492,174329;0,1679005
492,3987563;0,16994398
492,6231968;0,16986995
492,8476504;0,17151792
493,0721171;0,17124326
493,2965968;0,17393909
493,5210897;0,17425291
493,7455957;0,17612141
493,9701148;0,1765542
494,1946469;0,17869996
494,4191922;0,17820972
494,6437505;0,17844792
494,8683219;0,17749249
495,0929064;0,17793416
495,317504;0,17732002
495,5421146;0,17734507
495,7667384;0,17753266
495,9913751;0,17831879
496,216025;0,17960989
496,4406879;0,18043027
496,6653639;0,17979103
496,8900529;0,18256239
497,114755;0,18302864
497,3394702;0,18514592
497,5641984;0,18637317
497,7889396;0,1865673
498,0136939;0,18823309
498,2384613;0,18904712
498,4632417;0,18992502
498,6880351;0,19020134
498,9128415;0,18992687
499,137661;0,19033222
499,3624935;0,18969164
499,5873391;0,18975405
499,8121976;0,19005548
500,0370692;0,19172471
500,2619538;0,19235799
500,4868514;0,19215567
500,7117621;0,19280116
500,9366857;0,19440543
501,1616224;0,19418406
501,386572;0,19651197
501,6115347;0,19784569
501,8365103;0,19946877
502,061499;0,20029756
502,2865007;0,20284547
502,5115153;0,20364137
502,7365429;0,20493798
502,9615836;0,20383367
503,1866372;0,20374695
503,4117038;0,20432413
503,6367833;0,20496049
503,8618759;0,2056369
504,0869814;0,20631176
504,3120999;0,20507881
504,5372314;0,2068324
504,7623758;0,20633135
504,9875332;0,2082111
505,2127035;0,20650817
505,4378868;0,20794462
505,6630831;0,20815867
505,8882923;0,20906834
506,1135145;0,20874147
506,3387496;0,21037613
506,5639976;0,2119444
506,7892586;0,21319085
507,0145326;0,21238195
507,2398194;0,21401756
507,4651193;0,21427107
507,690432;0,21512407
507,9157577;0,21576733
508,1410963;0,21715128
508,3664478;0,21514206
508,5918122;0,21526961
508,8171896;0,21495204
509,0425798;0,21551448
509,267983;0,21512286
509,4933991;0,21736565
509,7188281;0,21585364
509,94427;0,21713043
510,1697248;0,21744442
510,3951925;0,21901108
510,6206731;0,22092614
510,8461666;0,22173426
511,071673;0,222351
511,2971923;0,22429376
511,5227245;0,22342811
511,7482695;0,22243322
511,9738274;0,22309442
512,1993983;0,22547998
512,4249819;0,22595724
512,6505785;0,22761093
512,8761879;0,22652495
513,1018102;0,22832017
513,3274454;0,22854021
513,5530934;0,22889154
513,7787543;0,2278248
514,004428;0,22661721
514,2301146;0,22810893
514,455814;0,23095943
514,6815263;0,23095859
514,9072515;0,23073814
515,1329894;0,23097428
515,3587403;0,23277624
515,5845039;0,23183001
515,8102804;0,23495109
516,0360697;0,23505233
516,2618719;0,23596642
516,4876869;0,23727732
516,7135147;0,23838394
516,9393553;0,238323
517,1652088;0,23998015
517,391075;0,23928307
517,6169541;0,23991623
517,842846;0,2394623
518,0687507;0,24093965
518,2946682;0,24209602
518,5205986;0,24138557
518,7465417;0,2397655
518,9724976;0,24093698
519,1984663;0,24050542
519,4244478;0,24229958
519,6504421;0,24213627
519,8764492;0,24466145
520,102469;0,24663848
520,3285017;0,24941286
520,5545471;0,24747795
520,7806053;0,24871177
521,0066763;0,25121275
521,23276;0,2521246
521,4588566;0,25466993
521,6849659;0,25435414
521,9110879;0,25395608
522,1372227;0,25457482
522,3633703;0,25525221
522,5895306;0,25549381
522,8157037;0,25855975
523,0418895;0,25713138
523,2680881;0,25869124
523,4942994;0,25962335
523,7205235;0,26321177
523,9467603;0,26228254
524,1730098;0,26404022
524,3992721;0,26356012
524,6255471;0,26512676
524,8518349;0,26597146
525,0781353;0,26814051
525,3044485;0,26747212
525,5307744;0,26907321
525,7571131;0,26852793
525,9834644;0,26908912
526,2098285;0,26736745
526,4362052;0,26883678
526,6625947;0,26904421
526,8889969;0,27063566
527,1154118;0,26917685
527,3418394;0,26946455
527,5682796;0,26958038
527,7947326;0,27337074
528,0211983;0,27141074
528,2476766;0,27454019
528,4741677;0,27526194
528,7006714;0,27736332
528,9271878;0,2791541
529,1537169;0,28112559
529,3802587;0,28279985
529,6068131;0,28342279
529,8333802;0,28409267
530,05996;0,28821304
530,2865525;0,28643635
530,5131576;0,28869029
530,7397753;0,28622901
530,9664058;0,28679856
531,1930488;0,28565047
531,4197046;0,28584522
531,6463729;0,2861834
531,873054;0,28819227
532,0997476;0,28730755
532,326454;0,29106641
532,5531729;0,28964492
532,7799045;0,29241325
533,0066487;0,29188478
533,2334056;0,29547633
533,4601751;0,29466972
533,6869572;0,29660514
533,9137519;0,29608362
534,1405592;0,2987401
534,3673792;0,29817148
534,5942118;0,3023694
534,821057;0,30316137
535,0479148;0,30554167
535,2747852;0,30556261
535,5016682;0,30621489
535,7285638;0,30647864
535,9554721;0,30839562
536,1823929;0,30728568
536,4093263;0,30907299
536,6362723;0,30880485
536,8632309;0,31173275
537,090202;0,31236907
537,3171858;0,31243898
537,5441821;0,31274505
537,771191;0,31737608
537,9982125;0,31731107
538,2252466;0,31997849
538,4522932;0,31972181
538,6793524;0,32018386
538,9064242;0,31989771
539,1335085;0,32243007
539,3606054;0,32245774
539,5877148;0,32462902
539,8148368;0,32383189
540,0419714;0,32466803
540,2691185;0,32459017
540,4962781;0,32706006
540,7234503;0,32533052
540,950635;0,3262567
541,1778323;0,32522857
541,4050421;0,32823799
541,6322644;0,32796854
541,8594993;0,33247322
542,0867467;0,33199933
542,3140066;0,33420898
542,541279;0,33490799
542,768564;0,33806366
542,9958614;0,33883802
543,2231714;0,34003613
543,4504939;0,34044989
543,6778289;0,34052723
543,9051764;0,34131244
544,1325364;0,34195389
544,3599089;0,33993652
544,5872939;0,3427777
544,8146915;0,3407681
545,0421015;0,3442155
545,2695239;0,34229559
545,4969589;0,34652385
545,7244064;0,34577578
545,9518663;0,34653533
546,1793388;0,34655305
546,4068237;0,34852883
546,634321;0,3478503
546,8618309;0,35080421
547,0893532;0,35204273
547,316888;0,35346949
547,5444352;0,35506192
547,7719949;0,35968508
547,9995671;0,36052537
548,2271517;0,36262843
548,4547488;0,35963258
548,6823583;0,36025232
548,9099803;0,35753894
549,1376147;0,3620474
549,3652615;0,36338192
549,5929208;0,36635452
549,8205926;0,36585522
550,0482767;0,36773442
550,2759733;0,36846544
550,5036824;0,3710761
550,7314038;0,37219333
550,9591377;0,37342221
551,186884;0,37514784
551,4146427;0,37957343
551,6424138;0,38068864
551,8701974;0,38436205
552,0979933;0,38366857
552,3258017;0,3843134
552,5536225;0,38528792
552,7814556;0,38901265
553,0093012;0,38820058
553,2371592;0,3929165
553,4650295;0,39479545
553,6929123;0,39777496
553,9208074;0,39629493
554,148715;0,39861628
554,3766349;0,39733104
554,6045672;0,40070645
554,8325118;0,40016034
555,0604689;0,40340076
555,2884383;0,40281003
555,5164201;0,40532837
555,7444143;0,4032358
555,9724208;0,40817008
556,2004397;0,40927247
556,4284709;0,41352128
556,6565145;0,41237989
556,8845705;0,41449264
557,1126388;0,41297603
557,3407195;0,41507595
557,5688125;0,4127022
557,7969178;0,41636925
558,0250355;0,41847673
558,2531655;0,42222278
558,4813079;0,42166183
558,7094626;0,42463664
558,9376296;0,42519567
559,165809;0,43122046
559,3940007;0,43125429
559,6222047;0,43316458
559,850421;0,43097672
560,0786497;0,43398797
560,3068906;0,4332029
560,5351439;0,43778833
560,7634095;0,43778574
560,9916874;0,44031989
561,2199776;0,44228313
561,44828;0,44735702
561,6765948;0,44557875
561,9049219;0,44697465
562,1332613;0,44143854
562,361613;0,44290843
562,5899769;0,44028958
562,8183532;0,43971504
563,0467417;0,43821955
563,2751425;0,44116583
563,5035556;0,4420848
563,731981;0,44406996
563,9604186;0,44422894
564,1888685;0,44640354
564,4173307;0,44431698
564,6458051;0,44983302
564,8742918;0,44842426
565,1027907;0,45229236
565,3313019;0,45346016
565,5598254;0,45601834
565,7883611;0,45301833
566,0169091;0,45701265
566,2454693;0,45327143
566,4740417;0,45640999
566,7026264;0,45592782
566,9312234;0,45926743
567,1598325;0,45609625
567,3884539;0,46040221
567,6170875;0,45823956
567,8457334;0,46078987
568,0743915;0,4593301
568,3030618;0,46204027
568,5317443;0,45955478
568,760439;0,46440528
568,989146;0,46094706
569,2178651;0,46486786
569,4465965;0,46675891
569,67534;0,46900844
569,9040958;0,46721084
570,1328638;0,46881006
570,361644;0,46388015
570,5904363;0,46785729
570,8192409;0,46920268
571,0480576;0,4725549
571,2768866;0,4703601
571,5057277;0,47434661
571,734581;0,46999006
571,9634465;0,47400816
572,1923241;0,472587
572,421214;0,47676755
572,650116;0,47436148
572,8790302;0,47939082
573,1079565;0,47637908
573,336895;0,48095415
573,5658457;0,48150293
573,7948085;0,48558445
574,0237834;0,48352691
574,2527706;0,48848307
574,4817699;0,48572071
574,7107813;0,48717598
574,9398048;0,48383792
575,1688406;0,48471587
575,3978884;0,48246051
575,6269484;0,48703469
575,8560205;0,48489526
576,0851048;0,48697677
576,3142011;0,48786004
576,5433097;0,49074691
576,7724303;0,489733
577,001563;0,49455379
577,2307079;0,49101774
577,4598649;0,49163995
577,689034;0,48953659
577,9182152;0,49359407
578,1474085;0,49246036
578,3766139;0,49981247
578,6058314;0,50013012
578,8350611;0,50405468
579,0643028;0,50262808
579,2935566;0,49997423
579,5228225;0,50315712
579,7521005;0,50146555
579,9813906;0,50287087
580,2106927;0,50083033
580,440007;0,50702107
580,6693333;0,50574683
580,8986717;0,51138569
581,1280221;0,51301341
581,3573847;0,5156947
581,5867593;0,509462
581,816146;0,51189349
582,0455447;0,50829019
582,2749555;0,51117732
582,5043783;0,51183723
582,7338132;0,51751854
582,9632602;0,51434273
583,1927192;0,52117535
583,4221902;0,52022544
583,6516733;0,52225544
583,8811685;0,52128093
584,1106756;0,52673513
584,3401948;0,52443597
584,5697261;0,528415
584,7992694;0,52453084
585,0288247;0,52295846
585,258392;0,51809966
585,4879713;0,52287099
585,7175627;0,51935964
585,9471661;0,52310918
586,1767815;0,52364463
586,4064089;0,52646893
586,6360483;0,52270808
586,8656997;0,52924478
587,0953631;0,5263684
587,3250386;0,52988674
587,554726;0,52700668
587,7844254;0,53360326
588,0141368;0,53241646
588,2438603;0,53828936
588,4735956;0,53584714
588,703343;0,53936738
588,9331024;0,53778069
589,1628737;0,54450183
589,392657;0,54210642
589,6224523;0,54438468
589,8522596;0,54354363
590,0820788;0,54463795
590,31191;0,54499478
590,5417532;0,55489882
590,7716083;0,55441738
591,0014754;0,56128034
591,2313545;0,56074805
591,4612454;0,56548139
591,6911484;0,56047646
591,9210633;0,56312076
592,1509901;0,55969204
592,3809289;0,56246828
592,6108796;0,56427998
592,8408423;0,57137213
593,0708169;0,57036627
593,3008034;0,57394388
593,5308018;0,57391031
593,7608122;0,57705399
593,9908345;0,57420622
594,2208688;0,58047483
594,4509149;0,58167069
594,680973;0,58700854
594,9110429;0,58488636
595,1411248;0,58841352
595,3712186;0,58271869
595,6013243;0,58448769
595,8314419;0,5814933
596,0615714;0,58406566
596,2917128;0,5779168
596,5218661;0,58285743
596,7520313;0,57825291
596,9822083;0,57814565
597,2123973;0,57708175
597,4425981;0,58465636
597,6728109;0,5825438
597,9030355;0,5867228
598,133272;0,58471428
598,3635203;0,58754715
598,5937805;0,57999755
598,8240526;0,58699225
599,0543366;0,58257262
599,2846324;0,58406893
599,5149401;0,58446768
599,7452596;0,58931801
599,975591;0,58276233
600,2059343;0,58755711
600,4362894;0,58959506
600,6666563;0,59307766
600,8970351;0,58737841
601,1274257;0,59648009
601,3578282;0,5963113
601,5882425;0,604869
601,8186686;0,60243855
602,0491066;0,60161977
602,2795564;0,59244674
602,510018;0,59611138
602,7404915;0,59221021
602,9709767;0,59833734
603,2014738;0,59460314
603,4319827;0,60257109
603,6625034;0,59987196
603,8930359;0,60373492
604,1235803;0,60090117
604,3541364;0,60519974
604,5847043;0,59915348
604,8152841;0,60582251
605,0458756;0,60489299
605,2764789;0,6097177
605,507094;0,60580568
605,7377209;0,61018461
605,9683596;0,60615662
606,1990101;0,60962828
606,4296723;0,60682736
606,6603464;0,6135812
606,8910322;0,60519061
607,1217297;0,61155653
607,3524391;0,6112611
607,5831602;0,61463677
607,8138931;0,60601485
608,0446377;0,60963635
608,2753941;0,60656874
608,5061623;0,60932253
608,7369422;0,60711726
608,9677338;0,61557005
609,1985373;0,60948175
609,4293524;0,61204801
609,6601793;0,61189844
609,891018;0,61732864
610,1218683;0,61204617
610,3527304;0,61860368
610,5836043;0,61825173
610,8144899;0,62066424
611,0453872;0,61438881
611,2762962;0,61944566
611,5072169;0,61742237
611,7381494;0,61861654
611,9690936;0,61637977
612,2000495;0,62138457
612,4310171;0,61158085
612,6619964;0,61744449
612,8929874;0,61477317
613,1239902;0,62129255
613,3550046;0,61497472
613,5860307;0,617881
613,8170686;0,61476901
614,0481181;0,61494008
614,2791793;0,60627801
614,5102522;0,61145618
614,7413367;0,60801397
614,972433;0,61202024
615,2035409;0,61048258
615,4346606;0,61548861
615,6657919;0,61010814
615,8969348;0,618373
616,1280894;0,61762287
616,3592557;0,62210715
616,5904337;0,61567388
616,8216233;0,62382085
617,0528246;0,62354664
617,2840375;0,62687269
617,5152621;0,62322373
617,7464984;0,62994217
617,9777462;0,62754849
618,2090058;0,63101029
618,440277;0,62640085
618,6715598;0,63090794
618,9028542;0,62776758
619,1341603;0,63274664
619,365478;0,63165061
619,5968074;0,63552677
619,8281483;0,63046864
620,0595009;0,63594988
620,2908651;0,6319975
620,522241;0,63521529
620,7536284;0,63068208
620,9850275;0,6403409
621,2164382;0,63577982
621,4478604;0,63887162
621,6792943;0,63546356
621,9107398;0,64399136
622,1421969;0,64048666
622,3736656;0,64455527
622,6051459;0,64395428
622,8366377;0,65046038
623,0681412;0,64205869
623,2996562;0,64689359
623,5311829;0,64754378
623,7627211;0,65322529
623,9942709;0,64955533
624,2258322;0,65954901
624,4574052;0,65599952
624,6889897;0,65723163
624,9205858;0,65285152
625,1521934;0,66069821
625,3838126;0,65378231
625,6154434;0,65694671
625,8470857;0,65421857
626,0787396;0,66258973
626,310405;0,65725812
626,542082;0,6627607
626,7737705;0,66286258
627,0054706;0,66723439
627,2371822;0,66093316
627,4689053;0,66793791
627,70064;0,66814197
627,9323862;0,67455968
628,164144;0,67116081
628,3959132;0,68064074
628,627694;0,67734762
628,8594864;0,68073921
629,0912902;0,67609534
629,3231056;0,68510578
629,5549324;0,68003808
629,7867708;0,67983748
630,0186207;0,67342456
630,2504821;0,6805409
630,482355;0,67254657
630,7142394;0,67161959
630,9461354;0,6654563
631,1780428;0,6690586
631,4099617;0,65985104
631,641892;0,66223521
631,8738339;0,66061969
632,1057873;0,66164166
632,3377521;0,6544478
632,5697285;0,65841433
632,8017163;0,65676577
633,0337155;0,6611972
633,2657263;0,65286614
633,4977485;0,65963112
633,7297822;0,65634206
633,9618273;0,65930279
634,1938839;0,65351963
634,425952;0,66146588
634,6580315;0,65741011
634,8901225;0,65599792
635,122225;0,64969008
635,3543388;0,65803479
635,5864642;0,65054591
635,8186009;0,65217565
636,0507491;0,64798533
636,2829088;0,6509333
636,5150799;0,64101197
636,7472624;0,64195279
636,9794563;0,63541015
637,2116617;0,63750124
637,4438785;0,63078286
637,6761067;0,63783363
637,9083463;0,63710909
638,1405974;0,64009906
638,3728598;0,64701244
638,6051337;0,64734297
638,837419;0,65124054
639,0697157;0,64561116
639,3020238;0,65260735
639,5343433;0,64732393
639,7666742;0,65040301
639,9990164;0,64917274
640,2313701;0,63721617
640,4637352;0,64650681
640,6961116;0,63975468
640,9284995;0,65526422
641,1608987;0,64498709
641,3933093;0,64956903
641,6257313;0,6405149
641,8581646;0,64897754
642,0906094;0,63822865
642,3230654;0,63022295
642,5555329;0,62040561
642,7880117;0,63140559
643,0205019;0,64573495
643,2530034;0,62693967
643,4855163;0,62645087
643,7180406;0,63534983
643,9505762;0,62535581
644,1831231;0,63426837
644,4156814;0,64132972
644,648251;0,64675935
644,880832;0,65352631
645,1134243;0,66172041
645,3460279;0,66584737
645,5786429;0,66241291
645,8112692;0,66735426
646,0439068;0,67162323
646,2765558;0,67021531
646,5092161;0,67745978
646,7418876;0,66218986
646,9745705;0,66649804
647,2072648;0,65530933
647,4399703;0,6602059
647,6726871;0,66106563
647,9054153;0,65207823
648,1381547;0,64528671
648,3709054;0,65126956
648,6036675;0,64681834
648,8364408;0,644786
649,0692254;0,65268186
649,3020213;0,66476932
649,5348285;0,65521659
649,767647;0,65710476
650,0004768;0,65700042
650,2333178;0,66129453
650,4661701;0,65583902
650,6990337;0,65819927
650,9319086;0,66842654
651,1647947;0,67591385
651,3976921;0,66097286
651,6306007;0,65318876
651,8635206;0,65899886
652,0964518;0,65465832
652,3293942;0,65523467
652,5623479;0,65310505
652,7953128;0,66490852
653,028289;0,66064918
653,2612764;0,66281659
653,4942751;0,65863863
653,7272849;0,67305384
653,9603061;0,67086031
654,1933384;0,67056178
654,426382;0,66536003
654,6594368;0,67897512
654,8925029;0,67256242
655,1255802;0,67445602
655,3586686;0,66926206
655,5917683;0,67947926
655,8248793;0,67588142
656,0580014;0,68261578
656,2911347;0,67853262
656,5242793;0,68760726
656,757435;0,67836276
656,990602;0,6814952
657,2237801;0,67924463
657,4569695;0,68907148
657,69017;0,68007337
657,9233817;0,68065322
658,1566046;0,67531316
658,3898387;0,68359303
658,623084;0,67924818
658,8563405;0,68553943
659,0896081;0,68710701
659,3228869;0,69893462
659,5561769;0,69147985
659,7894781;0,69639216
660,0227904;0,69295547
660,2561139;0,70282688
660,4894485;0,69263319
660,7227943;0,69734165
660,9561513;0,69731236
661,1895194;0,70691592
661,4228986;0,69909596
661,6562891;0,70683402
661,8896906;0,70716386
662,1231033;0,71736481
662,3565272;0,71023718
662,5899621;0,71161617
662,8234082;0,70791788
663,0568655;0,7139334
663,2903339;0,70097075
663,5238134;0,70318898
663,757304;0,69957227
663,9908057;0,71106541
664,2243186;0,70478886
664,4578426;0,71284863
664,6913777;0,70834754
664,9249239;0,71839662
665,1584812;0,71021635
665,3920496;0,71679481
665,6256291;0,71355292
665,8592197;0,72046028
666,0928215;0,71259174
666,3264343;0,71653098
666,5600582;0,71463156
666,7936932;0,72591721
667,0273392;0,71889145
667,2609964;0,72370742
667,4946647;0,72033806
667,728344;0,72840522
667,9620344;0,71947023
668,1957359;0,71961547
668,4294484;0,71477803
668,663172;0,72801765
668,8969067;0,72390855
669,1306524;0,72802654
669,3644092;0,72300527
669,5981771;0,74005599
669,831956;0,73417463
670,065746;0,74092381
670,299547;0,73614996
670,5333591;0,74902435
670,7671822;0,7445001
671,0010163;0,74733732
671,2348615;0,73736137
671,4687177;0,75053827
671,702585;0,74253702
671,9364633;0,74086307
672,1703526;0,73003718
672,4042529;0,73820242
672,6381643;0,73845804
672,8720867;0,74419897
673,1060201;0,74113519
673,3399645;0,75780535
673,5739199;0,75480339
673,8078864;0,75958032
674,0418638;0,7428344
674,2758523;0,75086131
674,5098517;0,74677783
674,7438622;0,74863488
674,9778836;0,7362237
675,2119161;0,74462363
675,4459595;0,74460428
675,6800139;0,75095326
675,9140793;0,74483617
676,1481557;0,75286375
676,3822431;0,74929315
676,6163415;0,75289927
676,8504508;0,73321488
677,0845711;0,73615437
677,3187023;0,73377222
677,5528446;0,73987837
677,7869978;0,72866053
678,0211619;0,73350976
678,2553371;0,73283003
678,4895231;0,74034004
678,7237202;0,73092007
678,9579282;0,7355047
679,1921471;0,73432248
679,426377;0,74658562
679,6606178;0,74060208
679,8948695;0,7469757
680,1291322;0,74362581
680,3634059;0,75429139
680,5976904;0,74356527
680,8319859;0,7480035
681,0662924;0,7408671
681,3006097;0,75385384
681,534938;0,74832285
681,7692772;0,75658313
682,0036273;0,75307309
682,2379883;0,76699212
682,4723602;0,76218916
682,7067431;0,76421917
682,9411368;0,75439825
683,1755415;0,76777664
683,409957;0,76821702
683,6443835;0,76803031
683,8788208;0,75589989
684,113269;0,76569939
684,3477282;0,76597804
684,5821982;0,77158297
684,8166791;0,759371
685,0511709;0,76446615
685,2856735;0,75886165
685,5201871;0,76638512
685,7547115;0,75408716
685,9892468;0,75853841
686,2237929;0,75779927
686,4583499;0,76665397
686,6929178;0,75517381
686,9274966;0,75478152
687,1620862;0,74951249
687,3966866;0,76102903
687,6312979;0,75529231
687,8659201;0,75921093
688,1005531;0,75508014
688,335197;0,77268606
688,5698516;0,76394418
688,8045172;0,76478018
689,0391936;0,75563054
689,2738808;0,77239733
689,5085788;0,77505187
689,7432877;0,78009243
689,9780074;0,76969968
690,2127379;0,78272566
690,4474792;0,78079881
690,6822314;0,78598608
690,9169943;0,7729857
691,1517681;0,77997362
691,3865527;0,7739899
691,6213481;0,77919808
691,8561543;0,76516053
692,0909713;0,77276054
692,3257991;0,77486126
692,5606378;0,79049049
692,7954872;0,78003916
693,0303473;0,78415293
693,2652183;0,78091935
693,5001001;0,79188422
693,7349926;0,78292004
693,969896;0,78862273
694,2048101;0,78146349
694,439735;0,79475325
694,6746706;0,78366894
694,9096171;0,78011378
695,1445743;0,76919329
695,3795422;0,77999402
695,614521;0,76998325
695,8495105;0,77015353
696,0845107;0,75430146
696,3195217;0,76687621
696,5545435;0,76880831
696,789576;0,78035832
697,0246192;0,76776389
697,2596732;0,77441147
697,4947379;0,77211733
697,7298134;0,78303028
697,9648996;0,76953662
698,1999965;0,76528528
698,4351042;0,78248103
698,6702226;0,77721076
698,9053517;0,7807468
699,1404916;0,7724925
699,3756421;0,78537339
699,6108034;0,78125794
699,8459754;0,78632219
700,0811581;0,7754799
700,3163516;0,78584733
700,5515557;0,7831746
700,7867705;0,78447168
701,021996;0,76912178
701,2572323;0,77861611
701,4924792;0,77644018
701,7277368;0,78836086
701,9630051;0,77421014
702,1982841;0,78340056
702,4335738;0,78358472
702,6688742;0,80339188
702,9041852;0,79391349
703,139507;0,7968892
703,3748394;0,78881382
703,6101824;0,80093048
703,8455362;0,7929845
704,0809006;0,79895927
704,3162757;0,79161028
704,5516614;0,80363547
704,7870578;0,80115068
705,0224648;0,80354774
705,2578825;0,78705382
705,4933109;0,79464969
705,7287499;0,79313635
705,9641995;0,80396013
706,1996598;0,7910145
706,4351308;0,79689065
706,6706123;0,79088278
706,9061045;0,80484837
707,1416074;0,79690404
707,3771208;0,80204004
707,6126449;0,79973349
707,8481797;0,81344025
708,083725;0,80805527
708,319281;0,81419133
708,5548475;0,80368248
708,7904247;0,82157306
709,0260125;0,82031183
709,2616109;0,82711033
709,4972199;0,80886614
709,7328395;0,81070865
709,9684698;0,80430366
710,2041106;0,81924979
710,439762;0,80623781
710,675424;0,8101312
710,9110966;0,80940455
711,1467798;0,8306551
711,3824735;0,82230359
711,6181779;0,82024971
711,8538928;0,80824008
712,0896183;0,8179051
712,3253544;0,81334164
712,561101;0,81824725
712,7968582;0,80862326
713,032626;0,81674253
713,2684044;0,81564973
713,5041933;0,82251858
713,7399927;0,81117084
713,9758027;0,81300346
714,2116233;0,80477123
714,4474544;0,81627836
714,6832961;0,80548741
714,9191483;0,8074598
715,1550111;0,79779816
715,3908844;0,81350518
715,6267682;0,81070147
715,8626625;0,81699388
716,0985674;0,80608488
716,3344829;0,81425405
716,5704088;0,80693814
716,8063453;0,81515676
717,0422923;0,79640784
717,2782498;0,79852808
717,5142178;0,79883186
717,7501964;0,81245623
717,9861854;0,8020621
718,222185;0,80423594
718,458195;0,79470815
718,6942156;0,81220634
718,9302467;0,80883607
719,1662882;0,81790062
719,4023403;0,80053433
719,6384028;0,81100371
719,8744758;0,81083991
720,1105594;0,82137194
720,3466534;0,80454892
720,5827579;0,80744917
720,8188728;0,79977522
721,0549983;0,80890806
721,2911342;0,79739463
721,5272806;0,79502169
721,7634374;0,7826814
721,9996047;0,79416989
722,2357825;0,78920177
722,4719707;0,79470392
722,7081694;0,78054018
722,9443786;0,790013
723,1805982;0,79059041
723,4168282;0,80133243
723,6530687;0,78720221
723,8893196;0,79048023
724,125581;0,78077417
724,3618528;0,7929721
724,5981351;0,78474597
724,8344278;0,78589384
725,0707309;0,77534198
725,3070444;0,78751768
725,5433684;0,78792213
725,7797028;0,79570321
726,0160476;0,77582591
726,2524028;0,77412537
726,4887685;0,76511128
726,7251445;0,77632351
726,961531;0,76706214
727,1979279;0,76949907
727,4343351;0,76392354
727,6707528;0,77959047
727,9071809;0,77486337
728,1436193;0,77903303
728,3800682;0,76471426
728,6165275;0,77760277
728,8529971;0,78066014
729,0894771;0,78925779
729,3259675;0,77490343
729,5624683;0,77450726
729,7989795;0,77169939
730,035501;0,7887723
730,2720329;0,78037543
730,5085752;0,7797529
730,7451279;0,76504697
730,9816909;0,77468807
731,2182642;0,77434333
731,454848;0,78023616
731,6914421;0,7675261
731,9280465;0,77262399
732,1646613;0,76975074
732,4012864;0,78550397
732,6379219;0,77748707
732,8745677;0,77435069
733,1112239;0,75914906
733,3478904;0,76900795
733,5845672;0,76123915
733,8212544;0,76191446
734,0579519;0,74542739
734,2946597;0,75212331
734,5313779;0,75354385
734,7681063;0,77156198
735,0048451;0,76270171
735,2415942;0,76331348
735,4783537;0,75428024
735,7151234;0,76979755
735,9519034;0,76717805
736,1886938;0,76837908
736,4254944;0,75305228
736,6623054;0,76054737
736,8991266;0,75884126
737,1359581;0,76785305
737,3728;0,75278793
737,6096521;0,75239112
737,8465145;0,74284594
738,0833872;0,75759726
738,3202702;0,7536367
738,5571634;0,75865614
738,7940669;0,74865412
739,0309807;0,7624123
739,2679048;0,76258347
739,5048392;0,76786454
739,7417838;0,75413659
739,9787386;0,75358396
740,2157038;0,74893724
740,4526791;0,7660241
740,6896648;0,7625976
740,9266607;0,76220287
741,1636668;0,75122588
741,4006832;0,76329327
741,6377098;0,76518424
741,8747467;0,77371304
742,1117938;0,75822271
742,3488512;0,76058521
742,5859188;0,75541061
742,8229966;0,77293029
743,0600846;0,76576666
743,2971829;0,77006674
743,5342914;0,75226312
743,7714101;0,75910598
744,008539;0,75428775
744,2456782;0,7593612
744,4828275;0,74261568
744,7199871;0,74389216
744,9571569;0,74037033
745,1943369;0,75507698
745,431527;0,74674293
745,6687274;0,74823972
745,905938;0,73472008
746,1431588;0,74734574
746,3803897;0,74275668
746,6176309;0,7483354
746,8548822;0,72760528
747,0921437;0,72689894
747,3294154;0,72251707
747,5666973;0,7344908
747,8039894;0,73190201
748,0412916;0,73187895
748,278604;0,71915376
748,5159265;0,73222944
748,7532593;0,73333381
748,9906022;0,74134008
749,2279552;0,72663309
749,4653184;0,72610257
749,7026918;0,72151249
749,9400753;0,73679719
750,1774689;0,73174421
750,4148727;0,73651613
750,6522867;0,71990546
750,8897108;0,72684784
751,127145;0,72564679
751,3645894;0,73977771
751,6020439;0,72350848
751,8395085;0,7200802
752,0769832;0,71283261
752,3144681;0,73043478
752,5519631;0,73011683
752,7894682;0,73345319
753,0269835;0,72068857
753,2645088;0,72702684
753,5020443;0,72533471
753,7395898;0,73365526
753,9771455;0,72005691
754,2147113;0,72042861
754,4522872;0,71382687
754,6898731;0,72546192
754,9274692;0,71982454
755,1650754;0,72129492
755,4026916;0,70827271
755,640318;0,71527089
755,8779544;0,71546155
756,1156009;0,72764449
756,3532575;0,7181734
756,5909242;0,71510141
756,8286009;0,70269786
757,0662877;0,71713217
757,3039846;0,71636152
757,5416915;0,71994396
757,7794086;0,70071215
758,0171356;0,6961911
758,2548728;0,6909313
758,4926199;0,69689935
758,7303772;0,69772028
758,9681445;0,68361993
759,2059218;0,68994356
759,4437092;0,69196652
759,6815066;0,70334957
759,9193141;0,69202619
760,1571316;0,69327478
760,3949591;0,68331575
760,6327967;0,6973192
760,8706443;0,69559187
761,1085019;0,70608288
761,3463695;0,6945811
761,5842472;0,70198093
761,8221349;0,69987486
762,0600326;0,71649459
762,2979403;0,70718817
762,535858;0,70817694
762,7737857;0,7021574
763,0117235;0,71833532
763,2496712;0,72295805
763,487629;0,73570613
763,7255967;0,72090803
763,9635744;0,71938228
764,2015621;0,71316644
764,4395599;0,72753488
764,6775676;0,72428207
764,9155852;0,73049009
765,1536129;0,71407618
765,3916505;0,7209924
765,6296982;0,72135138
765,8677557;0,73526486
766,1058233;0,72671325
766,3439008;0,72542718
766,5819883;0,71311127
766,8200858;0,72313563
767,0581932;0,71959533
767,2963106;0,72710888
767,5344379;0,71194726
767,7725752;0,71528775
768,0107224;0,71089092
768,2488796;0,72672502
768,4870467;0,72229699
768,7252238;0,7239181
768,9634108;0,7120341
769,2016077;0,7222262
769,4398146;0,72527884
769,6780314;0,7403798
769,9162581;0,73074606
770,1544947;0,73077547
770,3927413;0,71847994
770,6309978;0,73362552
770,8692642;0,73473129
771,1075406;0,73844155
771,3458268;0,71969565
771,5841229;0,71431867
771,822429;0,70631142
772,060745;0,72080267
772,2990708;0,71718505
772,5374066;0,71940018
772,7757522;0,70539138
773,0141078;0,71761523
773,2524732;0,72093628
773,4908486;0,73942895
773,7292338;0,73095278
773,9676289;0,73020431
774,2060339;0,72141751
774,4444487;0,73458736
774,6828734;0,73191682
774,921308;0,73865451
775,1597525;0,7236247
775,3982068;0,72359615
775,636671;0,71828525
775,8751451;0,73620984
776,113629;0,73253132
776,3521228;0,73463443
776,5906264;0,71955469
776,8291399;0,72630682
777,0676633;0,72376268
777,3061964;0,73880278
777,5447395;0,72356513
777,7832923;0,71714743
778,021855;0,69781456
778,2604276;0,70598468
778,4990099;0,70790959
778,7376021;0,72139932
778,9762041;0,71136615
779,214816;0,71039674
779,4534377;0,70097651
779,6920691;0,71475248
779,9307104;0,71295675
780,1693616;0,72043628
780,4080225;0,70525732
780,6466932;0,70895813
780,8853738;0,7014679
781,1240641;0,71243298
781,3627643;0,70355463
781,6014742;0,70266001
781,840194;0,68796434
782,0789235;0,69412043
782,3176628;0,68894428
782,5564119;0,69863953
782,7951708;0,68839705
783,0339395;0,68623013
783,2727179;0,67669254
783,5115062;0,683562
783,7503042;0,68501957
783,989112;0,69447469
784,2279295;0,68411908
784,4667568;0,67823526
784,7055939;0,66740018
784,9444407;0,67638272
785,1832973;0,67788973
785,4221637;0,69067222
785,6610398;0,67571579
785,8999256;0,67687468
786,1388212;0,67214843
786,3777265;0,68828059
786,6166416;0,68327177
786,8555664;0,68587608
787,094501;0,66893973
787,3334453;0,67162811
787,5723993;0,67098023
787,8113631;0,68542281
788,0503366;0,68144671
788,2893198;0,68163825
788,5283127;0,66499596
788,7673153;0,67109203
789,0063277;0,66736738
789,2453498;0,67613538
789,4843815;0,65887823
789,723423;0,65281769
789,9624742;0,63295189
790,2015351;0,64032754
790,4406057;0,63955659
790,679686;0,64847254
790,918776;0,63699692
791,1578757;0,63669034
791,396985;0,62764542
791,6361041;0,64256577
791,8752328;0,64283624
792,1143712;0,64739739
792,3535193;0,63214897
792,5926771;0,63574982
792,8318445;0,63243359
793,0710216;0,64599635
793,3102084;0,64542557
793,5494049;0,64958533
793,788611;0,63655645
794,0278267;0,64260161
794,2670522;0,63988808
794,5062872;0,65038165
794,745532;0,64258526
794,9847864;0,64058144
795,2240504;0,62475348
795,463324;0,62934392
795,7026074;0,63019186
795,9419003;0,64580528
796,1812029;0,64243078
796,4205151;0,64234469
796,659837;0,63096076
796,8991684;0,63677526
797,1385095;0,63750458
797,3778602;0,64431325
797,6172206;0,63188348
797,8565905;0,62536494
798,0959701;0,61237902
798,3353593;0,62040131
798,5747581;0,62037619
798,8141665;0,62885264
799,0535845;0,61766386
799,2930121;0,61432479
799,5324493;0,60429233
799,7718961;0,62016134
800,0113525;0,62164176
800,2508185;0,63000218
800,4902941;0,62048124
800,7297792;0,62148087
800,969274;0,61562388
801,2087783;0,62533861
801,4482922;0,62226429
801,6878156;0,62672876
801,9273487;0,61271819
802,1668913;0,61250007
802,4064435;0,60565553
802,6460052;0,61397808
802,8855765;0,60670951
803,1251574;0,60789295
803,3647478;0,59550087
803,6043478;0,60041848
803,8439573;0,59850048
804,0835764;0,61456245
804,323205;0,61231991
804,5628431;0,61513896
804,8024908;0,60168997
805,0421481;0,60478354
805,2818148;0,60095684
805,5214911;0,61119839
805,761177;0,60224184
806,0008723;0,6028075
806,2405772;0,59514244
806,4802916;0,6048676
806,7200155;0,60589398
806,959749;0,61690557
807,1994919;0,61103032
807,4392444;0,61271432
807,6790063;0,60077535
807,9187778;0,60810798
808,1585588;0,60841043
808,3983493;0,61975034
808,6381492;0,61297472
808,8779587;0,61084284
809,1177777;0,59601034
809,3576061;0,60105
809,5974441;0,59798222
809,8372915;0,60609115
810,0771484;0,59854007
810,3170148;0,59916902
810,5568906;0,58656424
810,796776;0,59542249
811,0366708;0,59765558
811,276575;0,60786448
811,5164888;0,60025179
811,756412;0,59963253
811,9963446;0,58760355
812,2362868;0,59233476
812,4762383;0,58986895
812,7161994;0,59801182
812,9561698;0,58752753
813,1961498;0,58637279
813,4361391;0,5759761
813,6761379;0,58552449
813,9161462;0,58591072
814,1561639;0,59347602
814,396191;0,58144758
814,6362275;0,57804267
814,8762735;0,56689643
815,1163289;0,5738817
815,3563937;0,57295921
815,596468;0,5804229
815,8365516;0,57091376
816,0766447;0,57124678
816,3167472;0,56580826
816,5568591;0,57659747
816,7969804;0,57885879
817,0371111;0,58152197
817,2772513;0,56869373
817,5174008;0,56462967
817,7575597;0,5551968
817,997728;0,56497616
818,2379057;0,56323453
818,4780928;0,57018163
818,7182892;0,55768092
818,9584951;0,55035554
819,1987103;0,53955945
819,4389349;0,54624215
819,6791689;0,5523773
819,9194123;0,542416
820,159665;0,54254078
820,3999271;0,53894397
820,6401985;0,549899
820,8804794;0,55268255
821,1207695;0,56195252
821,3610691;0,55423505
821,601378;0,55459519
821,8416962;0,54825474
822,0820238;0,56212948
822,3223607;0,5624926
822,562707;0,57126527
822,8030626;0,55782026
823,0434276;0,55397623
823,2838019;0,54646781
823,5241855;0,55362714
823,7645785;0,55417929
824,0049808;0,5629372
824,2453924;0,55040026
824,4858133;0,54722086
824,7262436;0,53468343
824,9666831;0,53886701
825,207132;0,53790893
825,4475902;0,54510302
825,6880577;0,53368859
825,9285345;0,53263932
826,1690206;0,52511583
826,409516;0,53247497
826,6500208;0,53174989
826,8905348;0,53887141
827,1310581;0,52850963
827,3715906;0,52499054
827,6121325;0,51574992
827,8526837;0,52211603
828,0932441;0,52121729
828,3338138;0,5319646
828,5743928;0,52744906
828,8149811;0,52855904
829,0555787;0,51944081
829,2961855;0,5251254
829,5368016;0,5240507
829,7774269;0,53410618
830,0180615;0,52893007
830,2587054;0,5267895
830,4993585;0,51949638
830,7400209;0,52377384
830,9806925;0,52320398
831,2213734;0,53278772
831,4620635;0,52703809
831,7027628;0,52564642
831,9434714;0,51064964
832,1841893;0,51232209
832,4249163;0,51074815
832,6656526;0,5222724
832,9063982;0,51905216
833,1471529;0,52080644
833,3879169;0,51082068
833,6286901;0,51287217
833,8694725;0,50862146
834,1102641;0,52068157
834,351065;0,51817017
834,591875;0,51926444
834,8326943;0,50620169
835,0735228;0,50711167
835,3143605;0,50689917
835,5552073;0,51425561
835,7960634;0,51079786
836,0369287;0,51381183
836,2778031;0,50484576
836,5186868;0,50504939
836,7595796;0,50293119
837,0004816;0,51638615
837,2413928;0,51968482
837,4823132;0,53112868
837,7232427;0,52647647
837,9641815;0,53045698
838,2051294;0,52580775
838,4460864;0,53319155
838,6870526;0,53307059
838,928028;0,53839187
839,1690126;0,52882069
839,4100063;0,52636292
839,6510092;0,51652153
839,8920212;0,52795015
840,1330423;0,53146953
840,3740726;0,54378023
840,6151121;0,53760421
840,8561607;0,53701349
841,0972184;0,52930368
841,3382853;0,53527119
841,5793613;0,53692542
841,8204464;0,5438364
842,0615407;0,53706059
842,3026441;0,53747081
842,5437566;0,52729555
842,7848782;0,53151802
843,026009;0,53269952
843,2671488;0,54483134
843,5082978;0,54040634
843,7494559;0,53873462
843,9906231;0,52497474
844,2317994;0,52678388
844,4729848;0,52463556
844,7141793;0,53732368
844,9553829;0,5370228
845,1965956;0,53779956
845,4378173;0,52549138
845,6790482;0,52597404
845,9202881;0,52202407
846,1615372;0,53713527
846,4027953;0,5388859
846,6440625;0,54160223
846,8853387;0,5283616
847,1266241;0,52700602
847,3679185;0,520047
847,609222;0,53092972
847,8505345;0,53608223
848,0918561;0,54433166
848,3331868;0,53572575
848,5745265;0,53691123
848,8158752;0,52714431
849,0572331;0,53505213
849,2985999;0,53732811
849,5399758;0,54482828
849,7813608;0,54055321
850,0227548;0,5407195
850,2641578;0,53105832
850,5055699;0,535723
850,746991;0,53410968
850,9884211;0,54086674
851,2298603;0,53410029
851,4713085;0,53319152
851,7127657;0,52359408
851,9542319;0,528978
852,1957071;0,52991568
852,4371914;0,54520866
852,6786847;0,54563087
852,9201869;0,54931188
853,1616982;0,53604403
853,4032185;0,53507122
853,6447478;0,52670739
853,8862861;0,53768242
854,1278333;0,53661928
854,3693896;0,54406398
854,6109549;0,53566347
854,8525291;0,53556516
855,0941123;0,52945247
855,3357045;0,54257025
855,5773057;0,54804145
855,8189159;0,56006264
856,060535;0,54980609
856,3021631;0,54592078
856,5438002;0,53263556
856,7854463;0,53459157
857,0271013;0,53044585
857,2687653;0,53672688
857,5104382;0,52974957
857,7521201;0,52802876
857,9938109;0,51549723
858,2355107;0,51670519
858,4772194;0,51379345
858,7189371;0,52622568
858,9606637;0,52564535
859,2023993;0,52797765
859,4441438;0,51508978
859,6858972;0,51592922
859,9276596;0,51279511
860,1694309;0,52616156
860,4112111;0,53144099
860,6530002;0,5406595
860,8947983;0,53375844
861,1366053;0,53167203
861,3784212;0,52338196
861,620246;0,53302565
861,8620797;0,53311984
862,1039223;0,54054804
862,3457738;0,52945311
862,5876343;0,52631278
862,8295036;0,51303983
863,0713818;0,51713728
863,3132689;0,51434564
863,555165;0,5243604
863,7970699;0,51837577
864,0389836;0,5188378
864,2809063;0,50393318
864,5228379;0,50377414
864,7647783;0,49806361
865,0067276;0,50842264
865,2486858;0,50887705
865,4906528;0,51381928
865,7326287;0,50426111
865,9746135;0,50352651
866,2166072;0,49693902
866,4586097;0,50168111
866,700621;0,50406542
866,9426413;0,51373437
867,1846703;0,50537063
867,4267082;0,50475492
867,668755;0,48969128
867,9108106;0,49092726
868,152875;0,48712522
868,3949483;0,49884269
868,6370305;0,49926659
868,8791214;0,50287649
869,1212212;0,49325018
869,3633298;0,49300891
869,6054472;0,48924918
869,8475735;0,50288324
870,0897086;0,50569368
870,3318525;0,51299475
870,5740052;0,50614841
870,8161667;0,50384163
871,058337;0,49356968
871,3005162;0,50031128
871,5427041;0,50120718
871,7849009;0,51167043
872,0271064;0,50698814
872,2693207;0,50552568
872,5115439;0,48929026
872,7537758;0,48905941
872,9960165;0,48639365
873,238266;0,49658385
873,4805243;0,4935986
873,7227913;0,49771143
873,9650672;0,48268811
874,2073518;0,48032918
874,4496451;0,47029032
874,6919473;0,47846902
874,9342582;0,48077356
875,1765779;0,49201676
875,4189063;0,48661563
875,6612435;0,48757949
875,9035895;0,47638681
876,1459442;0,47605754
876,3883076;0,47331899
876,6306799;0,48315598
876,8730608;0,47771142
877,1154505;0,4802958
877,3578489;0,46926734
877,6002561;0,46751249
877,842672;0,46349709
878,0850967;0,47220806
878,32753;0,47279888
878,5699721;0,47728032
878,8124229;0,46886591
879,0548825;0,46787728
879,2973507;0,45879624
879,5398277;0,46589012
879,7823134;0,46872425
880,0248078;0,48208214
880,2673109;0,47831666
880,5098227;0,48128434
880,7523432;0,47150744
880,9948725;0,47166391
881,2374104;0,46875246
881,479957;0,4776949
881,7225123;0,4825593
881,9650763;0,4759514
882,2076489;0,47585276
882,4502303;0,46913016
882,6928203;0,47697597
882,9354191;0,47908636
883,1780265;0,48924253
883,4206425;0,48524923
883,6632673;0,48526807
883,9059007;0,47372742
884,1485428;0,47321019
884,3911935;0,46816966
884,6338529;0,47253746
884,876521;0,4702629
885,1191977;0,47514602
885,361883;0,46491316
885,6045771;0,46389765
885,8472797;0,45719464
886,089991;0,46531703
886,332711;0,46345629
886,5754395;0,47259669
886,8181768;0,47186943
887,0609226;0,47228135
887,3036771;0,46406284
887,5464402;0,46432201
887,789212;0,46073841
888,0319923;0,46883404
888,2747813;0,46921947
888,5175789;0,47130681
888,7603851;0,46186401
889,0032;0,46097347
889,2460234;0,4541533
889,4888555;0,45985152
889,7316961;0,45962854
889,9745454;0,46788939
890,2174032;0,46121922
890,4602697;0,46383114
890,7031447;0,45551932
890,9460283;0,45990229
891,1889206;0,46192172
891,4318214;0,47255941
891,6747308;0,47293382
891,9176487;0,47594882
892,1605753;0,46731606
892,4035104;0,46486483
892,6464541;0,45606658
892,8894064;0,45960413
893,1323672;0,45746163
893,3753366;0,46639326
893,6183146;0,46146357
893,8613011;0,46172793
894,1042962;0,45034996
894,3472998;0,45043674
894,590312;0,44426965
894,8333327;0,45302989
895,076362;0,4529414
895,3193998;0,45771985
895,5624462;0,45234245
895,8055011;0,45350435
896,0485645;0,4467956
896,2916365;0,4524226
896,5347169;0,45448596
896,777806;0,46716649
897,0209035;0,46138426
897,2640096;0,46268611
897,5071242;0,45088472
897,7502473;0,45042684
897,9933789;0,44549606
898,236519;0,45155628
898,4796677;0,45133186
898,7228248;0,45761967
898,9659905;0,45113661
899,2091646;0,4489267
899,4523473;0,43832475
899,6955384;0,44006523
899,9387381;0,43863824
900,1819462;0,44970884
900,4251628;0,45152588
900,6683879;0,45482997
900,9116215;0,44695373
901,1548636;0,44598912
901,3981141;0,44031391
901,6413731;0,446438
901,8846406;0,44629443
902,1279166;0,45538359
902,371201;0,45075145
902,6144939;0,45000073
902,8577952;0,43970186
903,101105;0,44000972
903,3444233;0,43639643
903,58775;0,44305973
903,8310851;0,44059338
904,0744287;0,44359967
904,3177808;0,43679717
904,5611413;0,43673381
904,8045102;0,43203553
905,0478876;0,4338106
905,2912734;0,43260378
905,5346677;0,43797421
905,7780703;0,43285831
906,0214814;0,43203447
906,2649009;0,42064206
906,5083289;0,41848527
906,7517652;0,41676038
906,99521;0,42205882
907,2386632;0,42398199
907,4821248;0,43028089
907,7255948;0,42550787
907,9690732;0,4244076
908,21256;0,41549278
908,4560552;0,41766997
908,6995589;0,41581252
908,9430709;0,4257729
909,1865913;0,42532516
909,43012;0,42718785
909,6736572;0,42204573
909,9172028;0,42121635
910,1607567;0,41622102
910,404319;0,41758183
910,6478897;0,41559956
910,8914688;0,41930065
911,1350562;0,41508476
911,378652;0,41395815
911,6222562;0,40628079
911,8658687;0,4054097
912,1094896;0,40294562
912,3531189;0,40790878
912,5967565;0,41052166
912,8404024;0,41683616
913,0840567;0,41360768
913,3277194;0,4139101
913,5713904;0,407743
913,8150697;0,41209071
914,0587574;0,41099673
914,3024534;0,41754038
914,5461577;0,41375808
914,7898704;0,41593041
915,0335914;0,40826011
915,2773207;0,40770938
915,5210584;0,40171234
915,7648044;0,4061825
916,0085586;0,40645578
916,2523213;0,41026274
916,4960922;0,40429305
916,7398714;0,40110797
916,9836589;0,39112453
917,2274548;0,38801703
917,4712589;0,3829928
917,7150713;0,39022789
917,9588921;0,38950843
918,2027211;0,39609612
918,4465584;0,39214334
918,690404;0,39152905
918,9342579;0,3843644
919,1781201;0,38452898
919,4219905;0,38491035
919,6658693;0,39165588
919,9097563;0,39307375
920,1536516;0,39707932
920,3975551;0,39063269
920,6414669;0,38823626
920,885387;0,3802815
921,1293153;0,38002183
921,3732519;0,37761649
921,6171968;0,38413938
921,8611499;0,38487235
922,1051113;0,3863981
922,3490809;0,37733925
922,5930587;0,37408426
922,8370448;0,36807152
923,0810392;0,37007504
923,3250417;0,37190188
923,5690525;0,37852898
923,8130716;0,37561163
924,0570989;0,37631631
924,3011344;0,3685392
924,5451781;0,36860425
924,78923;0,3654988
925,0332902;0,36959973
925,2773586;0,37071993
925,5214352;0,37619682
925,76552;0,37298036
926,009613;0,37158155
926,2537142;0,3633976
926,4978236;0,36085976
926,7419413;0,35837885
926,9860671;0,36095147
927,2302011;0,36153493
927,4743433;0,36401759
927,7184937;0,35727369
927,9626523;0,35365016
928,2068191;0,34535239
928,450994;0,34477987
928,6951772;0,34074316
928,9393685;0,34739314
929,1835679;0,34964521
929,4277756;0,35363723
929,6719914;0,34859116
929,9162154;0,3448537
930,1604476;0,33860017
930,4046879;0,34178498
930,6489364;0,34354158
930,893193;0,3489593
931,1374578;0,34740027
931,3817307;0,34631839
931,6260118;0,33827477
931,870301;0,33190952
932,1145983;0,32578838
932,3589038;0,32805482
932,6032175;0,3280969
932,8475393;0,33444815
933,0918692;0,33364087
933,3362072;0,33455009
933,5805533;0,32742135
933,8249076;0,32575634
934,06927;0,3208041
934,3136406;0,32193589
934,5580192;0,32211863
934,8024059;0,32700974
935,0468008;0,32457713
935,2912038;0,32292519
935,5356148;0,31355827
935,780034;0,30890018
936,0244613;0,30264525
936,2688967;0,30298177
936,5133401;0,30002999
936,7577917;0,30267024
937,0022513;0,29512238
937,2467191;0,2917192
937,4911949;0,28264883
937,7356788;0,27977421
937,9801707;0,27626029
938,2246708;0,27754869
938,4691789;0,27551762
938,7136951;0,27788422
938,9582194;0,27369667
939,2027517;0,27024486
939,4472921;0,2635151
939,6918405;0,26252585
939,936397;0,26017956
940,1809616;0,26198194
940,4255342;0,26095695
940,6701148;0,26066209
940,9147035;0,25640324
941,1593003;0,25171808
941,4039051;0,24277402
941,6485179;0,24085028
941,8931388;0,23805303
942,1377677;0,23994608
942,3824046;0,23985538
942,6270496;0,24143923
942,8717025;0,23768151
943,1163635;0,23539884
943,3610326;0,2310445
943,6057096;0,23040544
943,8503947;0,23354005
944,0950877;0,2322193
944,3397888;0,23387388
944,5844979;0,22995134
944,829215;0,22763145
945,07394;0,2225862
945,3186731;0,22299478
945,5634142;0,22173814
945,8081633;0,22609843
946,0529203;0,22594052
946,2976854;0,22619709
946,5424584;0,22355099
946,7872395;0,22272195
947,0320285;0,22028617
947,2768254;0,22047654
947,5216304;0,22273808
947,7664433;0,22942443
948,0112642;0,23232291
948,2560931;0,23460737
948,5009299;0,23214573
948,7457747;0,23170715
948,9906274;0,22651253
949,2354881;0,2270838
949,4803568;0,2272189
949,7252334;0,23135845
949,9701179;0,23250212
950,2150104;0,23390818
950,4599108;0,2310911
950,7048192;0,22989877
950,9497355;0,22688855
951,1946598;0,22827254
951,439592;0,22744584
951,6845321;0,23218691
951,9294801;0,2329567
952,1744361;0,23395932
952,4194;0,23235738
952,6643718;0,23053983
952,9093515;0,2277984
953,1543391;0,22802759
953,3993347;0,22732998
953,6443381;0,23076271
953,8893495;0,23050914
954,1343687;0,23321515
954,3793959;0,22977594
954,624431;0,22886703
954,8694739;0,22361764
955,1145248;0,22518637
955,3595835;0,2252256
955,6046501;0,2281218
955,8497246;0,23026375
956,094807;0,23226783
956,3398973;0,23031004
956,5849954;0,22948913
956,8301014;0,2249428
957,0752153;0,22468081
957,3203371;0,22498128
957,5654667;0,22896463
957,8106042;0,22960719
958,0557495;0,22945457
958,3009027;0,22836928
958,5460638;0,22795635
958,7912327;0,22453505
959,0364094;0,22460386
959,281594;0,22426331
959,5267865;0,22802352
959,7719868;0,22978882
960,0171949;0,23116161
960,2624109;0,22892962
960,5076347;0,22732006
960,7528663;0,22437044
960,9981058;0,22250661
961,2433531;0,22351551
961,4886082;0,22640427
961,7338711;0,22704476
961,9791418;0,22986768
962,2244204;0,22727871
962,4697068;0,22571757
962,715001;0,22129414
962,960303;0,21992547
963,2056127;0,21681469
963,4509303;0,22053093
963,6962557;0,21969726
963,9415889;0,22182437
964,1869299;0,22202119
964,4322787;0,22207497
964,6776353;0,21777453
964,9229996;0,21681988
965,1683718;0,21568709
965,4137517;0,21610347
965,6591394;0,21782174
965,9045348;0,2199742
966,1499381;0,21657704
966,3953491;0,21564703
966,6407679;0,21145774
966,8861944;0,21106163
967,1316287;0,20968046
967,3770708;0,21221051
967,6225206;0,2132331
967,8679782;0,21607308
968,1134435;0,21378104
968,3589166;0,21140092
968,6043974;0,20643036
968,849886;0,2046054
969,0953823;0,20052002
969,3408863;0,19843288
969,5863981;0,1981275
969,8319176;0,20247402
970,0774449;0,20140176
970,3229798;0,2024185
970,5685225;0,20074816
970,8140729;0,1998805
971,0596311;0,19762585
971,3051969;0,1992928
971,5507705;0,20096106
971,7963518;0,204187
972,0419408;0,20446629
972,2875374;0,2043751
972,5331418;0,20101145
972,7787539;0,19975
973,0243737;0,19573543
973,2700012;0,19742968
973,5156364;0,1964768
973,7612793;0,19864607
974,0069298;0,19789984
974,2525881;0,19769493
974,498254;0,19495042
974,7439276;0,19253699
974,9896089;0,18876464
975,2352979;0,19007967
975,4809945;0,19071681
975,7266988;0,19297975
975,9724108;0,19406511
976,2181304;0,19517896
976,4638577;0,19320642
976,7095926;0,19073672
976,9553352;0,1876414
977,2010855;0,1862
977,4468434;0,18576819
977,692609;0,1875918
977,9383822;0,18793084
978,184163;0,18876086
978,4299515;0,18582099
978,6757476;0,18366328
978,9215514;0,17990357
979,1673628;0,17892366
979,4131818;0,17682824
979,6590084;0,17848854
979,9048427;0,17850711
980,1506846;0,17946416
980,3965341;0,17778638
980,6423912;0,175732
980,8882559;0,17283189
981,1341283;0,17189866
981,3800082;0,17054028
981,6258958;0,17018785
981,8717909;0,17112825
982,1176937;0,17314304
982,363604;0,17164176
982,609522;0,17206055
982,8554475;0,17022697
983,1013807;0,16800222
983,3473214;0,16673377
983,5932697;0,16731656
983,8392256;0,16761839
984,085189;0,17090856
984,3311601;0,17179791
984,5771387;0,17258101
984,8231249;0,17126649
985,0691186;0,1700931
985,3151199;0,16765234
985,5611288;0,16662075
985,8071453;0,16612882
986,0531692;0,16672153
986,2992008;0,16697047
986,5452399;0,16801479
986,7912865;0,16607556
987,0373407;0,16463043
987,2834025;0,16152082
987,5294718;0,15934088
987,7755486;0,15692932
988,021633;0,15926414
988,2677248;0,15881228
988,5138243;0,16161867
988,7599312;0,15960112
989,0060457;0,15836688
989,2521677;0,15479265
989,4982972;0,15394286
989,7444342;0,15144348
989,9905788;0,15197942
990,2367309;0,15166183
990,4828904;0,15298109
990,7290575;0,1534025
990,9752321;0,15424019
991,2214142;0,15172438
991,4676038;0,14999821
991,7138008;0,14892737
991,9600054;0,14809091
992,2062175;0,14874415
992,452437;0,15115793
992,6986641;0,15322515
992,9448986;0,15414889
993,1911406;0,15309167
993,4373901;0,15175355
993,683647;0,14668456
993,9299114;0,14733298
994,1761833;0,1446102
994,4224627;0,14571588
994,6687495;0,1460659
994,9150438;0,14726928
995,1613456;0,14637803
995,4076548;0,14363878
995,6539714;0,14138557
995,9002955;0,13946886
996,1466271;0,13680926
996,3929661;0,13806085
996,6393125;0,13838169
996,8856664;0,13985395
997,1320277;0,14027144
997,3783965;0,14037573
997,6247727;0,13817261
997,8711563;0,13730238
998,1175474;0,13395323
998,3639458;0,13446339
998,6103517;0,13278529
998,856765;0,13461043
999,1031858;0,13426398
999,3496139;0,13493104
999,5960495;0,13360353
999,8424924;0,13164688
1000,088943;0,12838512
1000,335401;0,12705174
1000,581866;0,12527413
1000,828338;0,12564162
1001,074818;0,12544176
1001,321306;0,12613396
1001,5678;0,12686867
1001,814303;0,12576623
1002,060812;0,12439163
1002,307329;0,12260956
1002,553853;0,12139996
1002,800385;0,12148461
1003,046924;0,12204306
1003,29347;0,12375733
1003,540024;0,12376179
1003,786585;0,12479298
1004,033154;0,12330839
1004,27973;0,12042931
1004,526313;0,118307
1004,772903;0,11744155
1005,019501;0,11601727
1005,266107;0,11675769
1005,512719;0,11693087
1005,759339;0,11746275
1006,005966;0,11764077
1006,252601;0,11673157
1006,499243;0,11342083
1006,745892;0,11077498
1006,992549;0,11007338
1007,239213;0,11100916
1007,485884;0,11251922
1007,732563;0,11194282
1007,979249;0,11323797
1008,225942;0,11176207
1008,472643;0,11061794
1008,719351;0,10825207
1008,966066;0,10802177
1009,212788;0,10636794
1009,459518;0,10751793
1009,706255;0,10698077
1009,953;0,10744133
1010,199752;0,10638698
1010,446511;0,10654102
1010,693277;0,10413883
1010,94005;0,10460194
1011,186831;0,10256667
1011,433619;0,1027296
1011,680415;0,10304912
1011,927218;0,10491797
1012,174028;0,10509453
1012,420845;0,10651245
1012,667669;0,1043593
1012,914501;0,10354468
1013,16134;0,1007097
1013,408187;0,0999988
1013,65504;0,1000774
1013,901901;0,10124945
1014,148769;0,10057505
1014,395645;0,10082465
1014,642527;0,09892085
1014,889417;0,09802309
1015,136314;0,09683883
1015,383218;0,0956507
1015,63013;0,09419615
1015,877049;0,09423272
1016,123975;0,09400656
1016,370908;0,09488421
1016,617849;0,09555104
1016,864796;0,0954866
1017,111751;0,09346304
1017,358714;0,09208211
1017,605683;0,0903002
1017,85266;0,08920752
1018,099643;0,0888739
1018,346634;0,08861232
1018,593633;0,08780858
1018,840638;0,08894694
1019,087651;0,08845043
1019,33467;0,08738114
1019,581698;0,08562165
1019,828732;0,08570336
1020,075773;0,0840067
1020,322822;0,08428752
1020,569878;0,08534817
1020,816941;0,08597719
1021,064011;0,0856508
1021,311088;0,08571685
1021,558172;0,08492213
1021,805264;0,08323119
1022,052363;0,08170412
1022,299469;0,08076387
1022,546582;0,08013014
1022,793703;0,0801288
1023,04083;0,080355
1023,287965;0,08069888
1023,535106;0,08096053
1023,782255;0,08008021
1024,029412;0,07835701
1024,276575;0,07724055
1024,523745;0,0758809
1024,770923;0,07553296
1025,018107;0,0753708
1025,265299;0,07627275
1025,512498;0,07628046
1025,759704;0,0765518
1026,006917;0,07513676
1026,254138;0,07418714
1026,501365;0,07218828
1026,7486;0,07096291
1026,995841;0,06963792
1027,24309;0,07100753
1027,490346;0,07024414
1027,737609;0,07158559
1027,984879;0,07065811
1028,232156;0,07074656
1028,479441;0,06999681
1028,726732;0,04149414
1028,974031;0,00316916
1029,221336;0,00195605
1029,468649;0,00067332
1029,715969;0,0008027
1029,963295;0,00091907
1030,210629;0,00071407
